timestamp,demand_mw,temperature_2m,relative_humidity_2m,apparent_temperature,precipitation,wind_speed_10m,temperature,humidity,wind_speed
2023-01-01 00:00:00,2960.97,9.2,90.0,7.4,0.0,8.1,9.2,90.0,8.1
2023-01-01 01:00:00,3039.58,8.8,91.0,6.9,0.0,8.0,8.8,91.0,8.0
2023-01-01 02:00:00,3112.02,8.2,92.0,6.4,0.0,6.8,8.2,92.0,6.8
2023-01-01 03:00:00,3203.05,7.9,93.0,6.1,0.0,6.9,7.9,93.0,6.9
2023-01-01 04:00:00,3093.6,7.9,93.0,6.0,0.0,6.9,7.9,93.0,6.9
2023-01-01 05:00:00,3295.71,8.0,95.0,6.3,0.0,6.9,8.0,95.0,6.9
2023-01-01 06:00:00,3376.73,8.0,95.0,6.2,0.0,7.2,8.0,95.0,7.2
2023-01-01 07:00:00,3602.53,8.1,95.0,6.3,0.0,7.6,8.1,95.0,7.6
2023-01-01 08:00:00,3912.91,9.5,90.0,7.7,0.0,8.7,9.5,90.0,8.7
2023-01-01 09:00:00,4095.11,12.0,84.0,10.8,0.0,6.9,12.0,84.0,6.9
2023-01-01 10:00:00,4022.7000000000003,14.4,75.0,13.5,0.0,6.5,14.4,75.0,6.5
2023-01-01 11:00:00,4195.27,16.2,68.0,15.3,0.0,6.3,16.2,68.0,6.3
2023-01-01 12:00:00,4299.8,17.3,63.0,16.7,0.0,5.5,17.3,63.0,5.5
2023-01-01 13:00:00,4416.88,18.0,60.0,17.2,0.0,6.0,18.0,60.0,6.0
2023-01-01 14:00:00,4277.52,18.3,56.0,17.3,0.0,5.9,18.3,56.0,5.9
2023-01-01 15:00:00,4248.35,18.2,55.0,17.1,0.0,5.8,18.2,55.0,5.8
2023-01-01 16:00:00,4012.2,17.4,62.0,16.7,0.0,5.0,17.4,62.0,5.0
2023-01-01 17:00:00,4336.77,16.8,63.0,16.0,0.0,4.9,16.8,63.0,4.9
2023-01-01 18:00:00,4658.78,15.8,67.0,15.6,0.0,1.1,15.8,67.0,1.1
2023-01-01 19:00:00,4768.84,14.9,71.0,14.5,0.0,1.8,14.9,71.0,1.8
2023-01-01 20:00:00,4609.67,12.0,82.0,11.2,0.0,3.9,12.0,82.0,3.9
2023-01-01 21:00:00,4430.78,10.6,85.0,9.3,0.0,5.5,10.6,85.0,5.5
2023-01-01 22:00:00,3830.9300000000003,10.8,82.0,9.4,0.0,5.6,10.8,82.0,5.6
2023-01-01 23:00:00,3627.64,11.2,78.0,9.7,0.0,5.4,11.2,78.0,5.4
2023-01-02 00:00:00,3142.91,9.3,86.0,7.4,0.0,7.3,9.3,86.0,7.3
2023-01-02 01:00:00,3292.12,8.6,90.0,6.7,0.0,8.1,8.6,90.0,8.1
2023-01-02 02:00:00,3390.33,8.1,92.0,6.1,0.0,8.5,8.1,92.0,8.5
2023-01-02 03:00:00,3615.54,7.3,95.0,5.1,0.0,9.2,7.3,95.0,9.2
2023-01-02 04:00:00,3375.74,8.9,92.0,7.3,0.0,6.1,8.9,92.0,6.1
2023-01-02 05:00:00,3384.79,6.5,95.0,4.6,0.0,5.1,6.5,95.0,5.1
2023-01-02 06:00:00,3861.62,6.7,95.0,5.0,0.0,4.6,6.7,95.0,4.6
2023-01-02 07:00:00,4014.29,6.3,95.0,4.4,0.0,5.0,6.3,95.0,5.0
2023-01-02 08:00:00,4229.41,8.8,91.0,7.2,0.0,6.4,8.8,91.0,6.4
2023-01-02 09:00:00,4567.92,12.1,83.0,11.3,0.0,4.0,12.1,83.0,4.0
2023-01-02 10:00:00,4329.95,15.0,73.0,14.6,0.0,3.1,15.0,73.0,3.1
2023-01-02 11:00:00,4733.52,16.6,65.0,16.3,0.0,2.0,16.6,65.0,2.0
2023-01-02 12:00:00,4837.570000000001,17.5,58.0,17.0,0.0,2.4,17.5,58.0,2.4
2023-01-02 13:00:00,4896.91,18.0,55.0,17.1,0.0,4.1,18.0,55.0,4.1
2023-01-02 14:00:00,4713.33,18.2,53.0,16.9,0.0,5.8,18.2,53.0,5.8
2023-01-02 15:00:00,4558.38,17.9,53.0,16.4,0.0,7.0,17.9,53.0,7.0
2023-01-02 16:00:00,4430.64,17.0,59.0,15.9,0.0,4.9,17.0,59.0,4.9
2023-01-02 17:00:00,4800.12,15.2,68.0,14.5,0.0,3.7,15.2,68.0,3.7
2023-01-02 18:00:00,5231.69,14.1,73.0,13.7,0.0,1.3,14.1,73.0,1.3
2023-01-02 19:00:00,5180.38,13.3,76.0,12.8,0.0,2.2,13.3,76.0,2.2
2023-01-02 20:00:00,5166.95,12.8,77.0,12.0,0.0,3.9,12.8,77.0,3.9
2023-01-02 21:00:00,4839.19,12.4,79.0,11.3,0.0,5.2,12.4,79.0,5.2
2023-01-02 22:00:00,4117.54,12.2,80.0,11.3,0.0,4.3,12.2,80.0,4.3
2023-01-02 23:00:00,3876.42,11.7,82.0,10.6,0.0,5.0,11.7,82.0,5.0
2023-01-03 00:00:00,3165.55,11.7,82.0,10.6,0.0,5.0,11.7,82.0,5.0
2023-01-03 01:00:00,3292.58,11.7,82.0,10.6,0.0,5.0,11.7,82.0,5.0
2023-01-03 02:00:00,3518.44,11.7,82.0,10.6,0.0,5.0,11.7,82.0,5.0
2023-01-03 03:00:00,3507.01,11.7,82.0,10.6,0.0,5.0,11.7,82.0,5.0
2023-01-03 04:00:00,3556.46,11.7,82.0,10.6,0.0,5.0,11.7,82.0,5.0
2023-01-03 05:00:00,3547.87,11.7,82.0,10.6,0.0,5.0,11.7,82.0,5.0
2023-01-03 06:00:00,3822.55,11.7,82.0,10.6,0.0,5.0,11.7,82.0,5.0
2023-01-03 07:00:00,4075.8,11.7,82.0,10.6,0.0,5.0,11.7,82.0,5.0
2023-01-03 08:00:00,4218.6900000000005,11.7,82.0,10.6,0.0,5.0,11.7,82.0,5.0
2023-01-03 09:00:00,4543.9400000000005,11.7,82.0,10.6,0.0,5.0,11.7,82.0,5.0
2023-01-03 10:00:00,4464.43,11.7,82.0,10.6,0.0,5.0,11.7,82.0,5.0
2023-01-03 11:00:00,4763.09,11.7,82.0,10.6,0.0,5.0,11.7,82.0,5.0
2023-01-03 12:00:00,4809.19,11.7,82.0,10.6,0.0,5.0,11.7,82.0,5.0
2023-01-03 13:00:00,4802.78,11.7,82.0,10.6,0.0,5.0,11.7,82.0,5.0
2023-01-03 14:00:00,4882.39,11.7,82.0,10.6,0.0,5.0,11.7,82.0,5.0
2023-01-03 15:00:00,4778.98,11.7,82.0,10.6,0.0,5.0,11.7,82.0,5.0
2023-01-03 16:00:00,4404.44,11.7,82.0,10.6,0.0,5.0,11.7,82.0,5.0
2023-01-03 17:00:00,4675.05,11.7,82.0,10.6,0.0,5.0,11.7,82.0,5.0
2023-01-03 18:00:00,5172.25,11.7,82.0,10.6,0.0,5.0,11.7,82.0,5.0
2023-01-03 19:00:00,5299.92,11.7,82.0,10.6,0.0,5.0,11.7,82.0,5.0
2023-01-03 20:00:00,4889.08,11.7,82.0,10.6,0.0,5.0,11.7,82.0,5.0
2023-01-03 21:00:00,4872.2,11.7,82.0,10.6,0.0,5.0,11.7,82.0,5.0
2023-01-03 22:00:00,4138.22,11.7,82.0,10.6,0.0,5.0,11.7,82.0,5.0
2023-01-03 23:00:00,3886.4,11.7,82.0,10.6,0.0,5.0,11.7,82.0,5.0
2023-01-04 00:00:00,3153.98,11.7,82.0,10.6,0.0,5.0,11.7,82.0,5.0
2023-01-04 01:00:00,3318.62,11.7,82.0,10.6,0.0,5.0,11.7,82.0,5.0
2023-01-04 02:00:00,3409.99,11.7,82.0,10.6,0.0,5.0,11.7,82.0,5.0
2023-01-04 03:00:00,3516.7,11.7,82.0,10.6,0.0,5.0,11.7,82.0,5.0
2023-01-04 04:00:00,3489.19,11.7,82.0,10.6,0.0,5.0,11.7,82.0,5.0
2023-01-04 05:00:00,3308.15,11.7,82.0,10.6,0.0,5.0,11.7,82.0,5.0
2023-01-04 06:00:00,3795.23,11.7,82.0,10.6,0.0,5.0,11.7,82.0,5.0
2023-01-04 07:00:00,4079.98,11.7,82.0,10.6,0.0,5.0,11.7,82.0,5.0
2023-01-04 08:00:00,4317.3,11.7,82.0,10.6,0.0,5.0,11.7,82.0,5.0
2023-01-04 09:00:00,4511.03,11.7,82.0,10.6,0.0,5.0,11.7,82.0,5.0
2023-01-04 10:00:00,4506.29,11.7,82.0,10.6,0.0,5.0,11.7,82.0,5.0
2023-01-04 11:00:00,4521.06,11.7,82.0,10.6,0.0,5.0,11.7,82.0,5.0
2023-01-04 12:00:00,4611.62,11.7,82.0,10.6,0.0,5.0,11.7,82.0,5.0
2023-01-04 13:00:00,4736.11,11.7,82.0,10.6,0.0,5.0,11.7,82.0,5.0
2023-01-04 14:00:00,4850.54,11.7,82.0,10.6,0.0,5.0,11.7,82.0,5.0
2023-01-04 15:00:00,4827.76,11.7,82.0,10.6,0.0,5.0,11.7,82.0,5.0
2023-01-04 16:00:00,4567.42,11.7,82.0,10.6,0.0,5.0,11.7,82.0,5.0
2023-01-04 17:00:00,4693.96,11.7,82.0,10.6,0.0,5.0,11.7,82.0,5.0
2023-01-04 18:00:00,4975.759999999999,11.7,82.0,10.6,0.0,5.0,11.7,82.0,5.0
2023-01-04 19:00:00,5270.33,11.7,82.0,10.6,0.0,5.0,11.7,82.0,5.0
2023-01-04 20:00:00,5139.860000000001,11.7,82.0,10.6,0.0,5.0,11.7,82.0,5.0
2023-01-04 21:00:00,4726.98,11.7,82.0,10.6,0.0,5.0,11.7,82.0,5.0
2023-01-04 22:00:00,4275.78,11.7,82.0,10.6,0.0,5.0,11.7,82.0,5.0
2023-01-04 23:00:00,3689.7,11.7,82.0,10.6,0.0,5.0,11.7,82.0,5.0
2023-01-05 00:00:00,3280.77,11.7,82.0,10.6,0.0,5.0,11.7,82.0,5.0
2023-01-05 01:00:00,3309.62,11.7,82.0,10.6,0.0,5.0,11.7,82.0,5.0
2023-01-05 02:00:00,3457.5299999999997,11.7,82.0,10.6,0.0,5.0,11.7,82.0,5.0
2023-01-05 03:00:00,3339.81,11.7,82.0,10.6,0.0,5.0,11.7,82.0,5.0
2023-01-05 04:00:00,3466.03,11.7,82.0,10.6,0.0,5.0,11.7,82.0,5.0
2023-01-05 05:00:00,3495.62,11.7,82.0,10.6,0.0,5.0,11.7,82.0,5.0
2023-01-05 06:00:00,3615.72,11.7,82.0,10.6,0.0,5.0,11.7,82.0,5.0
2023-01-05 07:00:00,3969.0499999999997,11.7,82.0,10.6,0.0,5.0,11.7,82.0,5.0
2023-01-05 08:00:00,4266.46,11.7,82.0,10.6,0.0,5.0,11.7,82.0,5.0
2023-01-05 09:00:00,4663.57,11.7,82.0,10.6,0.0,5.0,11.7,82.0,5.0
2023-01-05 10:00:00,4522.26,11.7,82.0,10.6,0.0,5.0,11.7,82.0,5.0
2023-01-05 11:00:00,4829.53,11.7,82.0,10.6,0.0,5.0,11.7,82.0,5.0
2023-01-05 12:00:00,4845.53,11.7,82.0,10.6,0.0,5.0,11.7,82.0,5.0
2023-01-05 13:00:00,4897.01,11.7,82.0,10.6,0.0,5.0,11.7,82.0,5.0
2023-01-05 14:00:00,4632.83,11.7,82.0,10.6,0.0,5.0,11.7,82.0,5.0
2023-01-05 15:00:00,4552.5,11.7,82.0,10.6,0.0,5.0,11.7,82.0,5.0
2023-01-05 16:00:00,4535.12,11.7,82.0,10.6,0.0,5.0,11.7,82.0,5.0
2023-01-05 17:00:00,4904.38,11.7,82.0,10.6,0.0,5.0,11.7,82.0,5.0
2023-01-05 18:00:00,5106.15,11.7,82.0,10.6,0.0,5.0,11.7,82.0,5.0
2023-01-05 19:00:00,5217.0,11.7,82.0,10.6,0.0,5.0,11.7,82.0,5.0
2023-01-05 20:00:00,4932.7,11.7,82.0,10.6,0.0,5.0,11.7,82.0,5.0
2023-01-05 21:00:00,4762.88,11.7,82.0,10.6,0.0,5.0,11.7,82.0,5.0
2023-01-05 22:00:00,4190.21,11.7,82.0,10.6,0.0,5.0,11.7,82.0,5.0
2023-01-05 23:00:00,3763.89,11.7,82.0,10.6,0.0,5.0,11.7,82.0,5.0
2023-01-06 00:00:00,3177.63,11.7,82.0,10.6,0.0,5.0,11.7,82.0,5.0
2023-01-06 01:00:00,3346.63,11.7,82.0,10.6,0.0,5.0,11.7,82.0,5.0
2023-01-06 02:00:00,3499.45,11.7,82.0,10.6,0.0,5.0,11.7,82.0,5.0
2023-01-06 03:00:00,3298.36,11.7,82.0,10.6,0.0,5.0,11.7,82.0,5.0
2023-01-06 04:00:00,3467.92,11.7,82.0,10.6,0.0,5.0,11.7,82.0,5.0
2023-01-06 05:00:00,3519.62,11.7,82.0,10.6,0.0,5.0,11.7,82.0,5.0
2023-01-06 06:00:00,3724.37,11.7,82.0,10.6,0.0,5.0,11.7,82.0,5.0
2023-01-06 07:00:00,4044.6,11.7,82.0,10.6,0.0,5.0,11.7,82.0,5.0
2023-01-06 08:00:00,4280.09,11.7,82.0,10.6,0.0,5.0,11.7,82.0,5.0
2023-01-06 09:00:00,4527.47,11.7,82.0,10.6,0.0,5.0,11.7,82.0,5.0
2023-01-06 10:00:00,4591.84,11.7,82.0,10.6,0.0,5.0,11.7,82.0,5.0
2023-01-06 11:00:00,4652.89,11.7,82.0,10.6,0.0,5.0,11.7,82.0,5.0
2023-01-06 12:00:00,4856.13,11.7,82.0,10.6,0.0,5.0,11.7,82.0,5.0
2023-01-06 13:00:00,4908.96,11.7,82.0,10.6,0.0,5.0,11.7,82.0,5.0
2023-01-06 14:00:00,4900.6,11.7,82.0,10.6,0.0,5.0,11.7,82.0,5.0
2023-01-06 15:00:00,4668.71,11.7,82.0,10.6,0.0,5.0,11.7,82.0,5.0
2023-01-06 16:00:00,4527.47,11.7,82.0,10.6,0.0,5.0,11.7,82.0,5.0
2023-01-06 17:00:00,4701.81,11.7,82.0,10.6,0.0,5.0,11.7,82.0,5.0
2023-01-06 18:00:00,5187.15,11.7,82.0,10.6,0.0,5.0,11.7,82.0,5.0
2023-01-06 19:00:00,5214.55,11.7,82.0,10.6,0.0,5.0,11.7,82.0,5.0
2023-01-06 20:00:00,5305.21,11.7,82.0,10.6,0.0,5.0,11.7,82.0,5.0
2023-01-06 21:00:00,5091.85,11.7,82.0,10.6,0.0,5.0,11.7,82.0,5.0
2023-01-06 22:00:00,4290.63,11.7,82.0,10.6,0.0,5.0,11.7,82.0,5.0
2023-01-06 23:00:00,3663.81,11.7,82.0,10.6,0.0,5.0,11.7,82.0,5.0
2023-01-07 00:00:00,3014.97,11.7,82.0,10.6,0.0,5.0,11.7,82.0,5.0
2023-01-07 01:00:00,3168.92,11.7,82.0,10.6,0.0,5.0,11.7,82.0,5.0
2023-01-07 02:00:00,3307.49,11.7,82.0,10.6,0.0,5.0,11.7,82.0,5.0
2023-01-07 03:00:00,3227.1699999999996,11.7,82.0,10.6,0.0,5.0,11.7,82.0,5.0
2023-01-07 04:00:00,3056.51,11.7,82.0,10.6,0.0,5.0,11.7,82.0,5.0
2023-01-07 05:00:00,3281.37,11.7,82.0,10.6,0.0,5.0,11.7,82.0,5.0
2023-01-07 06:00:00,3663.37,11.7,82.0,10.6,0.0,5.0,11.7,82.0,5.0
2023-01-07 07:00:00,3794.41,11.7,82.0,10.6,0.0,5.0,11.7,82.0,5.0
2023-01-07 08:00:00,4206.37,11.7,82.0,10.6,0.0,5.0,11.7,82.0,5.0
2023-01-07 09:00:00,4423.35,11.7,82.0,10.6,0.0,5.0,11.7,82.0,5.0
2023-01-07 10:00:00,4390.9400000000005,11.7,82.0,10.6,0.0,5.0,11.7,82.0,5.0
2023-01-07 11:00:00,4579.34,11.7,82.0,10.6,0.0,5.0,11.7,82.0,5.0
2023-01-07 12:00:00,4576.83,11.7,82.0,10.6,0.0,5.0,11.7,82.0,5.0
2023-01-07 13:00:00,4674.0,11.7,82.0,10.6,0.0,5.0,11.7,82.0,5.0
2023-01-07 14:00:00,4565.53,11.7,82.0,10.6,0.0,5.0,11.7,82.0,5.0
2023-01-07 15:00:00,4516.11,11.7,82.0,10.6,0.0,5.0,11.7,82.0,5.0
2023-01-07 16:00:00,4459.41,11.7,82.0,10.6,0.0,5.0,11.7,82.0,5.0
2023-01-07 17:00:00,4637.34,11.7,82.0,10.6,0.0,5.0,11.7,82.0,5.0
2023-01-07 18:00:00,4933.81,11.7,82.0,10.6,0.0,5.0,11.7,82.0,5.0
2023-01-07 19:00:00,4938.3,11.7,82.0,10.6,0.0,5.0,11.7,82.0,5.0
2023-01-07 20:00:00,4937.73,11.7,82.0,10.6,0.0,5.0,11.7,82.0,5.0
2023-01-07 21:00:00,4796.87,11.7,82.0,10.6,0.0,5.0,11.7,82.0,5.0
2023-01-07 22:00:00,4102.88,11.7,82.0,10.6,0.0,5.0,11.7,82.0,5.0
2023-01-07 23:00:00,3672.49,11.7,82.0,10.6,0.0,5.0,11.7,82.0,5.0
2023-01-08 00:00:00,2976.45,11.7,82.0,10.6,0.0,5.0,11.7,82.0,5.0
2023-01-08 01:00:00,2985.6,11.7,82.0,10.6,0.0,5.0,11.7,82.0,5.0
2023-01-08 02:00:00,3135.0,11.7,82.0,10.6,0.0,5.0,11.7,82.0,5.0
2023-01-08 03:00:00,3037.0,11.7,82.0,10.6,0.0,5.0,11.7,82.0,5.0
2023-01-08 04:00:00,3094.7,11.7,82.0,10.6,0.0,5.0,11.7,82.0,5.0
2023-01-08 05:00:00,3239.55,11.7,82.0,10.6,0.0,5.0,11.7,82.0,5.0
2023-01-08 06:00:00,3326.9300000000003,11.7,82.0,10.6,0.0,5.0,11.7,82.0,5.0
2023-01-08 07:00:00,3596.26,11.7,82.0,10.6,0.0,5.0,11.7,82.0,5.0
2023-01-08 08:00:00,3946.1,11.7,82.0,10.6,0.0,5.0,11.7,82.0,5.0
2023-01-08 09:00:00,4111.69,11.7,82.0,10.6,0.0,5.0,11.7,82.0,5.0
2023-01-08 10:00:00,4208.97,11.7,82.0,10.6,0.0,5.0,11.7,82.0,5.0
2023-01-08 11:00:00,4293.65,11.7,82.0,10.6,0.0,5.0,11.7,82.0,5.0
2023-01-08 12:00:00,4402.04,11.7,82.0,10.6,0.0,5.0,11.7,82.0,5.0
2023-01-08 13:00:00,4288.15,11.7,82.0,10.6,0.0,5.0,11.7,82.0,5.0
2023-01-08 14:00:00,4485.07,11.7,82.0,10.6,0.0,5.0,11.7,82.0,5.0
2023-01-08 15:00:00,4418.64,11.7,82.0,10.6,0.0,5.0,11.7,82.0,5.0
2023-01-08 16:00:00,4076.8700000000003,11.7,82.0,10.6,0.0,5.0,11.7,82.0,5.0
2023-01-08 17:00:00,4508.64,11.7,82.0,10.6,0.0,5.0,11.7,82.0,5.0
2023-01-08 18:00:00,4751.29,11.7,82.0,10.6,0.0,5.0,11.7,82.0,5.0
2023-01-08 19:00:00,4738.6,11.7,82.0,10.6,0.0,5.0,11.7,82.0,5.0
2023-01-08 20:00:00,4617.75,11.7,82.0,10.6,0.0,5.0,11.7,82.0,5.0
2023-01-08 21:00:00,4426.5,11.7,82.0,10.6,0.0,5.0,11.7,82.0,5.0
2023-01-08 22:00:00,3899.61,11.7,82.0,10.6,0.0,5.0,11.7,82.0,5.0
2023-01-08 23:00:00,3572.54,11.7,82.0,10.6,0.0,5.0,11.7,82.0,5.0
2023-01-09 00:00:00,3269.09,11.7,82.0,10.6,0.0,5.0,11.7,82.0,5.0
2023-01-09 01:00:00,3092.0,11.7,82.0,10.6,0.0,5.0,11.7,82.0,5.0
2023-01-09 02:00:00,3402.96,11.7,82.0,10.6,0.0,5.0,11.7,82.0,5.0
2023-01-09 03:00:00,3313.91,11.7,82.0,10.6,0.0,5.0,11.7,82.0,5.0
2023-01-09 04:00:00,3387.36,11.7,82.0,10.6,0.0,5.0,11.7,82.0,5.0
2023-01-09 05:00:00,3400.14,11.7,82.0,10.6,0.0,5.0,11.7,82.0,5.0
2023-01-09 06:00:00,3832.76,11.7,82.0,10.6,0.0,5.0,11.7,82.0,5.0
2023-01-09 07:00:00,4164.65,11.7,82.0,10.6,0.0,5.0,11.7,82.0,5.0
2023-01-09 08:00:00,4167.23,11.7,82.0,10.6,0.0,5.0,11.7,82.0,5.0
2023-01-09 09:00:00,4539.56,11.7,82.0,10.6,0.0,5.0,11.7,82.0,5.0
2023-01-09 10:00:00,4415.52,11.7,82.0,10.6,0.0,5.0,11.7,82.0,5.0
2023-01-09 11:00:00,4677.08,11.7,82.0,10.6,0.0,5.0,11.7,82.0,5.0
2023-01-09 12:00:00,4778.62,11.7,82.0,10.6,0.0,5.0,11.7,82.0,5.0
2023-01-09 13:00:00,4777.51,11.7,82.0,10.6,0.0,5.0,11.7,82.0,5.0
2023-01-09 14:00:00,4866.39,11.7,82.0,10.6,0.0,5.0,11.7,82.0,5.0
2023-01-09 15:00:00,4811.97,11.7,82.0,10.6,0.0,5.0,11.7,82.0,5.0
2023-01-09 16:00:00,4555.110000000001,11.7,82.0,10.6,0.0,5.0,11.7,82.0,5.0
2023-01-09 17:00:00,4825.09,11.7,82.0,10.6,0.0,5.0,11.7,82.0,5.0
2023-01-09 18:00:00,5218.650000000001,11.7,82.0,10.6,0.0,5.0,11.7,82.0,5.0
2023-01-09 19:00:00,5266.349999999999,11.7,82.0,10.6,0.0,5.0,11.7,82.0,5.0
2023-01-09 20:00:00,5123.26,11.7,82.0,10.6,0.0,5.0,11.7,82.0,5.0
2023-01-09 21:00:00,4850.08,11.7,82.0,10.6,0.0,5.0,11.7,82.0,5.0
2023-01-09 22:00:00,4244.91,11.7,82.0,10.6,0.0,5.0,11.7,82.0,5.0
2023-01-09 23:00:00,3827.42,11.7,82.0,10.6,0.0,5.0,11.7,82.0,5.0
2023-01-10 00:00:00,3033.75,11.7,82.0,10.6,0.0,5.0,11.7,82.0,5.0
2023-01-10 01:00:00,3368.1099999999997,11.7,82.0,10.6,0.0,5.0,11.7,82.0,5.0
2023-01-10 02:00:00,3215.69,11.7,82.0,10.6,0.0,5.0,11.7,82.0,5.0
2023-01-10 03:00:00,3540.31,11.7,82.0,10.6,0.0,5.0,11.7,82.0,5.0
2023-01-10 04:00:00,3367.66,11.7,82.0,10.6,0.0,5.0,11.7,82.0,5.0
2023-01-10 05:00:00,3435.29,11.7,82.0,10.6,0.0,5.0,11.7,82.0,5.0
2023-01-10 06:00:00,3865.74,11.7,82.0,10.6,0.0,5.0,11.7,82.0,5.0
2023-01-10 07:00:00,4211.03,11.7,82.0,10.6,0.0,5.0,11.7,82.0,5.0
2023-01-10 08:00:00,4253.86,11.7,82.0,10.6,0.0,5.0,11.7,82.0,5.0
2023-01-10 09:00:00,4574.49,11.7,82.0,10.6,0.0,5.0,11.7,82.0,5.0
2023-01-10 10:00:00,4525.72,11.7,82.0,10.6,0.0,5.0,11.7,82.0,5.0
2023-01-10 11:00:00,4598.15,11.7,82.0,10.6,0.0,5.0,11.7,82.0,5.0
2023-01-10 12:00:00,4900.7,11.7,82.0,10.6,0.0,5.0,11.7,82.0,5.0
2023-01-10 13:00:00,4902.15,11.7,82.0,10.6,0.0,5.0,11.7,82.0,5.0
2023-01-10 14:00:00,4838.02,11.7,82.0,10.6,0.0,5.0,11.7,82.0,5.0
2023-01-10 15:00:00,4792.98,11.7,82.0,10.6,0.0,5.0,11.7,82.0,5.0
2023-01-10 16:00:00,4535.84,11.7,82.0,10.6,0.0,5.0,11.7,82.0,5.0
2023-01-10 17:00:00,4885.5,11.7,82.0,10.6,0.0,5.0,11.7,82.0,5.0
2023-01-10 18:00:00,5129.68,11.7,82.0,10.6,0.0,5.0,11.7,82.0,5.0
2023-01-10 19:00:00,5263.02,11.7,82.0,10.6,0.0,5.0,11.7,82.0,5.0
2023-01-10 20:00:00,5332.349999999999,11.7,82.0,10.6,0.0,5.0,11.7,82.0,5.0
2023-01-10 21:00:00,4926.58,11.7,82.0,10.6,0.0,5.0,11.7,82.0,5.0
2023-01-10 22:00:00,4220.93,11.7,82.0,10.6,0.0,5.0,11.7,82.0,5.0
2023-01-10 23:00:00,3807.88,11.7,82.0,10.6,0.0,5.0,11.7,82.0,5.0
2023-01-11 00:00:00,3183.59,11.7,82.0,10.6,0.0,5.0,11.7,82.0,5.0
2023-01-11 01:00:00,3535.62,11.7,82.0,10.6,0.0,5.0,11.7,82.0,5.0
2023-01-11 02:00:00,3482.3,11.7,82.0,10.6,0.0,5.0,11.7,82.0,5.0
2023-01-11 03:00:00,3610.12,11.7,82.0,10.6,0.0,5.0,11.7,82.0,5.0
2023-01-11 04:00:00,3427.09,11.7,82.0,10.6,0.0,5.0,11.7,82.0,5.0
2023-01-11 05:00:00,3458.89,11.7,82.0,10.6,0.0,5.0,11.7,82.0,5.0
2023-01-11 06:00:00,3916.36,11.7,82.0,10.6,0.0,5.0,11.7,82.0,5.0
2023-01-11 07:00:00,4024.65,11.7,82.0,10.6,0.0,5.0,11.7,82.0,5.0
2023-01-11 08:00:00,4284.21,11.7,82.0,10.6,0.0,5.0,11.7,82.0,5.0
2023-01-11 09:00:00,4502.26,11.7,82.0,10.6,0.0,5.0,11.7,82.0,5.0
2023-01-11 10:00:00,4542.08,11.7,82.0,10.6,0.0,5.0,11.7,82.0,5.0
2023-01-11 11:00:00,4596.14,11.7,82.0,10.6,0.0,5.0,11.7,82.0,5.0
2023-01-11 12:00:00,4846.6900000000005,11.7,82.0,10.6,0.0,5.0,11.7,82.0,5.0
2023-01-11 13:00:00,4743.22,11.7,82.0,10.6,0.0,5.0,11.7,82.0,5.0
2023-01-11 14:00:00,4799.6,11.7,82.0,10.6,0.0,5.0,11.7,82.0,5.0
2023-01-11 15:00:00,4772.92,11.7,82.0,10.6,0.0,5.0,11.7,82.0,5.0
2023-01-11 16:00:00,4613.139999999999,11.7,82.0,10.6,0.0,5.0,11.7,82.0,5.0
2023-01-11 17:00:00,4856.83,11.7,82.0,10.6,0.0,5.0,11.7,82.0,5.0
2023-01-11 18:00:00,5141.87,11.7,82.0,10.6,0.0,5.0,11.7,82.0,5.0
2023-01-11 19:00:00,5157.39,11.7,82.0,10.6,0.0,5.0,11.7,82.0,5.0
2023-01-11 20:00:00,5062.8,11.7,82.0,10.6,0.0,5.0,11.7,82.0,5.0
2023-01-11 21:00:00,4761.87,11.7,82.0,10.6,0.0,5.0,11.7,82.0,5.0
2023-01-11 22:00:00,4218.02,11.7,82.0,10.6,0.0,5.0,11.7,82.0,5.0
2023-01-11 23:00:00,3697.7200000000003,11.7,82.0,10.6,0.0,5.0,11.7,82.0,5.0
2023-01-12 00:00:00,3149.82,11.7,82.0,10.6,0.0,5.0,11.7,82.0,5.0
2023-01-12 01:00:00,3223.55,11.7,82.0,10.6,0.0,5.0,11.7,82.0,5.0
2023-01-12 02:00:00,3492.05,11.7,82.0,10.6,0.0,5.0,11.7,82.0,5.0
2023-01-12 03:00:00,3573.59,11.7,82.0,10.6,0.0,5.0,11.7,82.0,5.0
2023-01-12 04:00:00,3419.58,11.7,82.0,10.6,0.0,5.0,11.7,82.0,5.0
2023-01-12 05:00:00,3441.4900000000002,11.7,82.0,10.6,0.0,5.0,11.7,82.0,5.0
2023-01-12 06:00:00,3839.71,11.7,82.0,10.6,0.0,5.0,11.7,82.0,5.0
2023-01-12 07:00:00,3858.8,11.7,82.0,10.6,0.0,5.0,11.7,82.0,5.0
2023-01-12 08:00:00,4312.0,11.7,82.0,10.6,0.0,5.0,11.7,82.0,5.0
2023-01-12 09:00:00,4522.17,11.7,82.0,10.6,0.0,5.0,11.7,82.0,5.0
2023-01-12 10:00:00,4457.16,11.7,82.0,10.6,0.0,5.0,11.7,82.0,5.0
2023-01-12 11:00:00,4670.78,11.7,82.0,10.6,0.0,5.0,11.7,82.0,5.0
2023-01-12 12:00:00,4858.72,11.7,82.0,10.6,0.0,5.0,11.7,82.0,5.0
2023-01-12 13:00:00,4893.45,11.7,82.0,10.6,0.0,5.0,11.7,82.0,5.0
2023-01-12 14:00:00,4817.62,11.7,82.0,10.6,0.0,5.0,11.7,82.0,5.0
2023-01-12 15:00:00,4678.400000000001,11.7,82.0,10.6,0.0,5.0,11.7,82.0,5.0
2023-01-12 16:00:00,4448.06,11.7,82.0,10.6,0.0,5.0,11.7,82.0,5.0
2023-01-12 17:00:00,4806.08,11.7,82.0,10.6,0.0,5.0,11.7,82.0,5.0
2023-01-12 18:00:00,5048.53,11.7,82.0,10.6,0.0,5.0,11.7,82.0,5.0
2023-01-12 19:00:00,5076.0199999999995,11.7,82.0,10.6,0.0,5.0,11.7,82.0,5.0
2023-01-12 20:00:00,5200.41,11.7,82.0,10.6,0.0,5.0,11.7,82.0,5.0
2023-01-12 21:00:00,4780.29,11.7,82.0,10.6,0.0,5.0,11.7,82.0,5.0
2023-01-12 22:00:00,4150.28,11.7,82.0,10.6,0.0,5.0,11.7,82.0,5.0
2023-01-12 23:00:00,3821.5,11.7,82.0,10.6,0.0,5.0,11.7,82.0,5.0
2023-01-13 00:00:00,3205.29,11.7,82.0,10.6,0.0,5.0,11.7,82.0,5.0
2023-01-13 01:00:00,3290.96,11.7,82.0,10.6,0.0,5.0,11.7,82.0,5.0
2023-01-13 02:00:00,3420.19,11.7,82.0,10.6,0.0,5.0,11.7,82.0,5.0
2023-01-13 03:00:00,3420.6,11.7,82.0,10.6,0.0,5.0,11.7,82.0,5.0
2023-01-13 04:00:00,3468.68,11.7,82.0,10.6,0.0,5.0,11.7,82.0,5.0
2023-01-13 05:00:00,3343.19,11.7,82.0,10.6,0.0,5.0,11.7,82.0,5.0
2023-01-13 06:00:00,3688.71,11.7,82.0,10.6,0.0,5.0,11.7,82.0,5.0
2023-01-13 07:00:00,4014.61,11.7,82.0,10.6,0.0,5.0,11.7,82.0,5.0
2023-01-13 08:00:00,4213.78,11.7,82.0,10.6,0.0,5.0,11.7,82.0,5.0
2023-01-13 09:00:00,4389.6900000000005,11.7,82.0,10.6,0.0,5.0,11.7,82.0,5.0
2023-01-13 10:00:00,4578.36,11.7,82.0,10.6,0.0,5.0,11.7,82.0,5.0
2023-01-13 11:00:00,4548.76,11.7,82.0,10.6,0.0,5.0,11.7,82.0,5.0
2023-01-13 12:00:00,4789.3,11.7,82.0,10.6,0.0,5.0,11.7,82.0,5.0
2023-01-13 13:00:00,4855.55,11.7,82.0,10.6,0.0,5.0,11.7,82.0,5.0
2023-01-13 14:00:00,4863.8,11.7,82.0,10.6,0.0,5.0,11.7,82.0,5.0
2023-01-13 15:00:00,4755.1,11.7,82.0,10.6,0.0,5.0,11.7,82.0,5.0
2023-01-13 16:00:00,4529.8,11.7,82.0,10.6,0.0,5.0,11.7,82.0,5.0
2023-01-13 17:00:00,4920.05,11.7,82.0,10.6,0.0,5.0,11.7,82.0,5.0
2023-01-13 18:00:00,5157.04,11.7,82.0,10.6,0.0,5.0,11.7,82.0,5.0
2023-01-13 19:00:00,5237.67,11.7,82.0,10.6,0.0,5.0,11.7,82.0,5.0
2023-01-13 20:00:00,5124.95,11.7,82.0,10.6,0.0,5.0,11.7,82.0,5.0
2023-01-13 21:00:00,4886.99,11.7,82.0,10.6,0.0,5.0,11.7,82.0,5.0
2023-01-13 22:00:00,4294.65,11.7,82.0,10.6,0.0,5.0,11.7,82.0,5.0
2023-01-13 23:00:00,3843.3999999999996,11.7,82.0,10.6,0.0,5.0,11.7,82.0,5.0
2023-01-14 00:00:00,3027.2599999999998,11.7,82.0,10.6,0.0,5.0,11.7,82.0,5.0
2023-01-14 01:00:00,3325.19,11.7,82.0,10.6,0.0,5.0,11.7,82.0,5.0
2023-01-14 02:00:00,3128.2,11.7,82.0,10.6,0.0,5.0,11.7,82.0,5.0
2023-01-14 03:00:00,3337.91,11.7,82.0,10.6,0.0,5.0,11.7,82.0,5.0
2023-01-14 04:00:00,3178.33,11.7,82.0,10.6,0.0,5.0,11.7,82.0,5.0
2023-01-14 05:00:00,3372.76,11.7,82.0,10.6,0.0,5.0,11.7,82.0,5.0
2023-01-14 06:00:00,3528.7,11.7,82.0,10.6,0.0,5.0,11.7,82.0,5.0
2023-01-14 07:00:00,3881.9300000000003,11.7,82.0,10.6,0.0,5.0,11.7,82.0,5.0
2023-01-14 08:00:00,4023.7799999999997,11.7,82.0,10.6,0.0,5.0,11.7,82.0,5.0
2023-01-14 09:00:00,4316.18,11.7,82.0,10.6,0.0,5.0,11.7,82.0,5.0
2023-01-14 10:00:00,4323.58,11.7,82.0,10.6,0.0,5.0,11.7,82.0,5.0
2023-01-14 11:00:00,4394.33,11.7,82.0,10.6,0.0,5.0,11.7,82.0,5.0
2023-01-14 12:00:00,4567.1,11.7,82.0,10.6,0.0,5.0,11.7,82.0,5.0
2023-01-14 13:00:00,4628.21,11.7,82.0,10.6,0.0,5.0,11.7,82.0,5.0
2023-01-14 14:00:00,4660.43,11.7,82.0,10.6,0.0,5.0,11.7,82.0,5.0
2023-01-14 15:00:00,4500.61,11.7,82.0,10.6,0.0,5.0,11.7,82.0,5.0
2023-01-14 16:00:00,4381.58,11.7,82.0,10.6,0.0,5.0,11.7,82.0,5.0
2023-01-14 17:00:00,4585.73,11.7,82.0,10.6,0.0,5.0,11.7,82.0,5.0
2023-01-14 18:00:00,4923.33,11.7,82.0,10.6,0.0,5.0,11.7,82.0,5.0
2023-01-14 19:00:00,5034.92,11.7,82.0,10.6,0.0,5.0,11.7,82.0,5.0
2023-01-14 20:00:00,4980.63,11.7,82.0,10.6,0.0,5.0,11.7,82.0,5.0
2023-01-14 21:00:00,4655.81,11.7,82.0,10.6,0.0,5.0,11.7,82.0,5.0
2023-01-14 22:00:00,3970.17,11.7,82.0,10.6,0.0,5.0,11.7,82.0,5.0
2023-01-14 23:00:00,3660.03,11.7,82.0,10.6,0.0,5.0,11.7,82.0,5.0
2023-01-15 00:00:00,2994.35,11.7,82.0,10.6,0.0,5.0,11.7,82.0,5.0
2023-01-15 01:00:00,2983.89,11.7,82.0,10.6,0.0,5.0,11.7,82.0,5.0
2023-01-15 02:00:00,3154.86,11.7,82.0,10.6,0.0,5.0,11.7,82.0,5.0
2023-01-15 03:00:00,3177.81,11.7,82.0,10.6,0.0,5.0,11.7,82.0,5.0
2023-01-15 04:00:00,3191.25,11.7,82.0,10.6,0.0,5.0,11.7,82.0,5.0
2023-01-15 05:00:00,3195.5299999999997,11.7,82.0,10.6,0.0,5.0,11.7,82.0,5.0
2023-01-15 06:00:00,3518.52,11.7,82.0,10.6,0.0,5.0,11.7,82.0,5.0
2023-01-15 07:00:00,3609.71,11.7,82.0,10.6,0.0,5.0,11.7,82.0,5.0
2023-01-15 08:00:00,3898.96,11.7,82.0,10.6,0.0,5.0,11.7,82.0,5.0
2023-01-15 09:00:00,4055.27,11.7,82.0,10.6,0.0,5.0,11.7,82.0,5.0
2023-01-15 10:00:00,4118.14,11.7,82.0,10.6,0.0,5.0,11.7,82.0,5.0
2023-01-15 11:00:00,4223.93,11.7,82.0,10.6,0.0,5.0,11.7,82.0,5.0
2023-01-15 12:00:00,4375.13,11.7,82.0,10.6,0.0,5.0,11.7,82.0,5.0
2023-01-15 13:00:00,4440.87,11.7,82.0,10.6,0.0,5.0,11.7,82.0,5.0
2023-01-15 14:00:00,4371.21,11.7,82.0,10.6,0.0,5.0,11.7,82.0,5.0
2023-01-15 15:00:00,4383.38,11.7,82.0,10.6,0.0,5.0,11.7,82.0,5.0
2023-01-15 16:00:00,4231.4,11.7,82.0,10.6,0.0,5.0,11.7,82.0,5.0
2023-01-15 17:00:00,4450.570000000001,11.7,82.0,10.6,0.0,5.0,11.7,82.0,5.0
2023-01-15 18:00:00,4728.8,11.7,82.0,10.6,0.0,5.0,11.7,82.0,5.0
2023-01-15 19:00:00,4810.56,11.7,82.0,10.6,0.0,5.0,11.7,82.0,5.0
2023-01-15 20:00:00,4729.04,11.7,82.0,10.6,0.0,5.0,11.7,82.0,5.0
2023-01-15 21:00:00,4612.41,11.7,82.0,10.6,0.0,5.0,11.7,82.0,5.0
2023-01-15 22:00:00,3793.77,11.7,82.0,10.6,0.0,5.0,11.7,82.0,5.0
2023-01-15 23:00:00,3517.0499999999997,11.7,82.0,10.6,0.0,5.0,11.7,82.0,5.0
2023-01-16 00:00:00,3227.85,11.7,82.0,10.6,0.0,5.0,11.7,82.0,5.0
2023-01-16 01:00:00,3484.4,11.7,82.0,10.6,0.0,5.0,11.7,82.0,5.0
2023-01-16 02:00:00,3419.03,11.7,82.0,10.6,0.0,5.0,11.7,82.0,5.0
2023-01-16 03:00:00,3504.32,11.7,82.0,10.6,0.0,5.0,11.7,82.0,5.0
2023-01-16 04:00:00,3338.38,11.7,82.0,10.6,0.0,5.0,11.7,82.0,5.0
2023-01-16 05:00:00,3473.15,11.7,82.0,10.6,0.0,5.0,11.7,82.0,5.0
2023-01-16 06:00:00,3705.69,11.7,82.0,10.6,0.0,5.0,11.7,82.0,5.0
2023-01-16 07:00:00,4045.4,11.7,82.0,10.6,0.0,5.0,11.7,82.0,5.0
2023-01-16 08:00:00,4402.7300000000005,11.7,82.0,10.6,0.0,5.0,11.7,82.0,5.0
2023-01-16 09:00:00,4465.5599999999995,11.7,82.0,10.6,0.0,5.0,11.7,82.0,5.0
2023-01-16 10:00:00,4535.4800000000005,11.7,82.0,10.6,0.0,5.0,11.7,82.0,5.0
2023-01-16 11:00:00,4760.54,11.7,82.0,10.6,0.0,5.0,11.7,82.0,5.0
2023-01-16 12:00:00,4717.19,11.7,82.0,10.6,0.0,5.0,11.7,82.0,5.0
2023-01-16 13:00:00,4788.6,11.7,82.0,10.6,0.0,5.0,11.7,82.0,5.0
2023-01-16 14:00:00,4830.78,11.7,82.0,10.6,0.0,5.0,11.7,82.0,5.0
2023-01-16 15:00:00,4605.63,11.7,82.0,10.6,0.0,5.0,11.7,82.0,5.0
2023-01-16 16:00:00,4569.36,11.7,82.0,10.6,0.0,5.0,11.7,82.0,5.0
2023-01-16 17:00:00,4893.639999999999,11.7,82.0,10.6,0.0,5.0,11.7,82.0,5.0
2023-01-16 18:00:00,5009.57,11.7,82.0,10.6,0.0,5.0,11.7,82.0,5.0
2023-01-16 19:00:00,5192.83,11.7,82.0,10.6,0.0,5.0,11.7,82.0,5.0
2023-01-16 20:00:00,5267.78,11.7,82.0,10.6,0.0,5.0,11.7,82.0,5.0
2023-01-16 21:00:00,4962.45,11.7,82.0,10.6,0.0,5.0,11.7,82.0,5.0
2023-01-16 22:00:00,4358.95,11.7,82.0,10.6,0.0,5.0,11.7,82.0,5.0
2023-01-16 23:00:00,3733.08,11.7,82.0,10.6,0.0,5.0,11.7,82.0,5.0
2023-01-17 00:00:00,3295.9,11.7,82.0,10.6,0.0,5.0,11.7,82.0,5.0
2023-01-17 01:00:00,3447.54,11.7,82.0,10.6,0.0,5.0,11.7,82.0,5.0
2023-01-17 02:00:00,3476.87,11.7,82.0,10.6,0.0,5.0,11.7,82.0,5.0
2023-01-17 03:00:00,3517.4700000000003,11.7,82.0,10.6,0.0,5.0,11.7,82.0,5.0
2023-01-17 04:00:00,3432.1000000000004,11.7,82.0,10.6,0.0,5.0,11.7,82.0,5.0
2023-01-17 05:00:00,3517.86,11.7,82.0,10.6,0.0,5.0,11.7,82.0,5.0
2023-01-17 06:00:00,3815.8399999999997,11.7,82.0,10.6,0.0,5.0,11.7,82.0,5.0
2023-01-17 07:00:00,4045.72,11.7,82.0,10.6,0.0,5.0,11.7,82.0,5.0
2023-01-17 08:00:00,4245.89,11.7,82.0,10.6,0.0,5.0,11.7,82.0,5.0
2023-01-17 09:00:00,4686.66,11.7,82.0,10.6,0.0,5.0,11.7,82.0,5.0
2023-01-17 10:00:00,4783.5599999999995,11.7,82.0,10.6,0.0,5.0,11.7,82.0,5.0
2023-01-17 11:00:00,4604.8099999999995,11.7,82.0,10.6,0.0,5.0,11.7,82.0,5.0
2023-01-17 12:00:00,4854.01,11.7,82.0,10.6,0.0,5.0,11.7,82.0,5.0
2023-01-17 13:00:00,4723.65,11.7,82.0,10.6,0.0,5.0,11.7,82.0,5.0
2023-01-17 14:00:00,4864.04,11.7,82.0,10.6,0.0,5.0,11.7,82.0,5.0
2023-01-17 15:00:00,4616.49,11.7,82.0,10.6,0.0,5.0,11.7,82.0,5.0
2023-01-17 16:00:00,4499.21,11.7,82.0,10.6,0.0,5.0,11.7,82.0,5.0
2023-01-17 17:00:00,4842.4,11.7,82.0,10.6,0.0,5.0,11.7,82.0,5.0
2023-01-17 18:00:00,5006.94,11.7,82.0,10.6,0.0,5.0,11.7,82.0,5.0
2023-01-17 19:00:00,5252.0,11.7,82.0,10.6,0.0,5.0,11.7,82.0,5.0
2023-01-17 20:00:00,5214.54,11.7,82.0,10.6,0.0,5.0,11.7,82.0,5.0
2023-01-17 21:00:00,4728.92,11.7,82.0,10.6,0.0,5.0,11.7,82.0,5.0
2023-01-17 22:00:00,4167.82,11.7,82.0,10.6,0.0,5.0,11.7,82.0,5.0
2023-01-17 23:00:00,3819.9700000000003,11.7,82.0,10.6,0.0,5.0,11.7,82.0,5.0
2023-01-18 00:00:00,3273.12,11.7,82.0,10.6,0.0,5.0,11.7,82.0,5.0
2023-01-18 01:00:00,3265.47,11.7,82.0,10.6,0.0,5.0,11.7,82.0,5.0
2023-01-18 02:00:00,3279.68,11.7,82.0,10.6,0.0,5.0,11.7,82.0,5.0
2023-01-18 03:00:00,3452.9,11.7,82.0,10.6,0.0,5.0,11.7,82.0,5.0
2023-01-18 04:00:00,3429.11,11.7,82.0,10.6,0.0,5.0,11.7,82.0,5.0
2023-01-18 05:00:00,3539.05,11.7,82.0,10.6,0.0,5.0,11.7,82.0,5.0
2023-01-18 06:00:00,3767.6499999999996,11.7,82.0,10.6,0.0,5.0,11.7,82.0,5.0
2023-01-18 07:00:00,4114.72,11.7,82.0,10.6,0.0,5.0,11.7,82.0,5.0
2023-01-18 08:00:00,4267.36,11.7,82.0,10.6,0.0,5.0,11.7,82.0,5.0
2023-01-18 09:00:00,4702.88,11.7,82.0,10.6,0.0,5.0,11.7,82.0,5.0
2023-01-18 10:00:00,4654.88,11.7,82.0,10.6,0.0,5.0,11.7,82.0,5.0
2023-01-18 11:00:00,4713.22,11.7,82.0,10.6,0.0,5.0,11.7,82.0,5.0
2023-01-18 12:00:00,4836.23,11.7,82.0,10.6,0.0,5.0,11.7,82.0,5.0
2023-01-18 13:00:00,4879.7,11.7,82.0,10.6,0.0,5.0,11.7,82.0,5.0
2023-01-18 14:00:00,4813.51,11.7,82.0,10.6,0.0,5.0,11.7,82.0,5.0
2023-01-18 15:00:00,4784.2699999999995,11.7,82.0,10.6,0.0,5.0,11.7,82.0,5.0
2023-01-18 16:00:00,4556.08,11.7,82.0,10.6,0.0,5.0,11.7,82.0,5.0
2023-01-18 17:00:00,4691.87,11.7,82.0,10.6,0.0,5.0,11.7,82.0,5.0
2023-01-18 18:00:00,5042.53,11.7,82.0,10.6,0.0,5.0,11.7,82.0,5.0
2023-01-18 19:00:00,5390.92,11.7,82.0,10.6,0.0,5.0,11.7,82.0,5.0
2023-01-18 20:00:00,5077.29,11.7,82.0,10.6,0.0,5.0,11.7,82.0,5.0
2023-01-18 21:00:00,4870.18,11.7,82.0,10.6,0.0,5.0,11.7,82.0,5.0
2023-01-18 22:00:00,4178.5599999999995,11.7,82.0,10.6,0.0,5.0,11.7,82.0,5.0
2023-01-18 23:00:00,3902.29,11.7,82.0,10.6,0.0,5.0,11.7,82.0,5.0
2023-01-19 00:00:00,3251.98,11.7,82.0,10.6,0.0,5.0,11.7,82.0,5.0
2023-01-19 01:00:00,3230.29,11.7,82.0,10.6,0.0,5.0,11.7,82.0,5.0
2023-01-19 02:00:00,3483.69,11.7,82.0,10.6,0.0,5.0,11.7,82.0,5.0
2023-01-19 03:00:00,3301.59,11.7,82.0,10.6,0.0,5.0,11.7,82.0,5.0
2023-01-19 04:00:00,3440.29,11.7,82.0,10.6,0.0,5.0,11.7,82.0,5.0
2023-01-19 05:00:00,3617.46,11.7,82.0,10.6,0.0,5.0,11.7,82.0,5.0
2023-01-19 06:00:00,3663.65,11.7,82.0,10.6,0.0,5.0,11.7,82.0,5.0
2023-01-19 07:00:00,4108.84,11.7,82.0,10.6,0.0,5.0,11.7,82.0,5.0
2023-01-19 08:00:00,4317.9,11.7,82.0,10.6,0.0,5.0,11.7,82.0,5.0
2023-01-19 09:00:00,4668.28,11.7,82.0,10.6,0.0,5.0,11.7,82.0,5.0
2023-01-19 10:00:00,4621.8,11.7,82.0,10.6,0.0,5.0,11.7,82.0,5.0
2023-01-19 11:00:00,4646.62,11.7,82.0,10.6,0.0,5.0,11.7,82.0,5.0
2023-01-19 12:00:00,4764.3099999999995,11.7,82.0,10.6,0.0,5.0,11.7,82.0,5.0
2023-01-19 13:00:00,4929.8099999999995,11.7,82.0,10.6,0.0,5.0,11.7,82.0,5.0
2023-01-19 14:00:00,4934.85,11.7,82.0,10.6,0.0,5.0,11.7,82.0,5.0
2023-01-19 15:00:00,4719.84,11.7,82.0,10.6,0.0,5.0,11.7,82.0,5.0
2023-01-19 16:00:00,4583.8,11.7,82.0,10.6,0.0,5.0,11.7,82.0,5.0
2023-01-19 17:00:00,4976.07,11.7,82.0,10.6,0.0,5.0,11.7,82.0,5.0
2023-01-19 18:00:00,5212.88,11.7,82.0,10.6,0.0,5.0,11.7,82.0,5.0
2023-01-19 19:00:00,5250.26,11.7,82.0,10.6,0.0,5.0,11.7,82.0,5.0
2023-01-19 20:00:00,5114.76,11.7,82.0,10.6,0.0,5.0,11.7,82.0,5.0
2023-01-19 21:00:00,4914.55,11.7,82.0,10.6,0.0,5.0,11.7,82.0,5.0
2023-01-19 22:00:00,4153.37,11.7,82.0,10.6,0.0,5.0,11.7,82.0,5.0
2023-01-19 23:00:00,3744.1099999999997,11.7,82.0,10.6,0.0,5.0,11.7,82.0,5.0
2023-01-20 00:00:00,3197.77,11.7,82.0,10.6,0.0,5.0,11.7,82.0,5.0
2023-01-20 01:00:00,3293.55,11.7,82.0,10.6,0.0,5.0,11.7,82.0,5.0
2023-01-20 02:00:00,3407.92,11.7,82.0,10.6,0.0,5.0,11.7,82.0,5.0
2023-01-20 03:00:00,3566.8,11.7,82.0,10.6,0.0,5.0,11.7,82.0,5.0
2023-01-20 04:00:00,3342.25,11.7,82.0,10.6,0.0,5.0,11.7,82.0,5.0
2023-01-20 05:00:00,3401.75,11.7,82.0,10.6,0.0,5.0,11.7,82.0,5.0
2023-01-20 06:00:00,3750.91,11.7,82.0,10.6,0.0,5.0,11.7,82.0,5.0
2023-01-20 07:00:00,4065.3500000000004,11.7,82.0,10.6,0.0,5.0,11.7,82.0,5.0
2023-01-20 08:00:00,4295.9,11.7,82.0,10.6,0.0,5.0,11.7,82.0,5.0
2023-01-20 09:00:00,4670.4,11.7,82.0,10.6,0.0,5.0,11.7,82.0,5.0
2023-01-20 10:00:00,4601.700000000001,11.7,82.0,10.6,0.0,5.0,11.7,82.0,5.0
2023-01-20 11:00:00,4739.24,11.7,82.0,10.6,0.0,5.0,11.7,82.0,5.0
2023-01-20 12:00:00,4782.1,11.7,82.0,10.6,0.0,5.0,11.7,82.0,5.0
2023-01-20 13:00:00,4857.16,11.7,82.0,10.6,0.0,5.0,11.7,82.0,5.0
2023-01-20 14:00:00,4693.13,11.7,82.0,10.6,0.0,5.0,11.7,82.0,5.0
2023-01-20 15:00:00,4882.9,11.7,82.0,10.6,0.0,5.0,11.7,82.0,5.0
2023-01-20 16:00:00,4629.35,11.7,82.0,10.6,0.0,5.0,11.7,82.0,5.0
2023-01-20 17:00:00,4975.4,11.7,82.0,10.6,0.0,5.0,11.7,82.0,5.0
2023-01-20 18:00:00,5074.03,11.7,82.0,10.6,0.0,5.0,11.7,82.0,5.0
2023-01-20 19:00:00,5292.24,11.7,82.0,10.6,0.0,5.0,11.7,82.0,5.0
2023-01-20 20:00:00,5097.3,11.7,82.0,10.6,0.0,5.0,11.7,82.0,5.0
2023-01-20 21:00:00,4833.51,11.7,82.0,10.6,0.0,5.0,11.7,82.0,5.0
2023-01-20 22:00:00,4138.53,11.7,82.0,10.6,0.0,5.0,11.7,82.0,5.0
2023-01-20 23:00:00,3776.92,11.7,82.0,10.6,0.0,5.0,11.7,82.0,5.0
2023-01-21 00:00:00,3155.64,11.7,82.0,10.6,0.0,5.0,11.7,82.0,5.0
2023-01-21 01:00:00,3228.71,11.7,82.0,10.6,0.0,5.0,11.7,82.0,5.0
2023-01-21 02:00:00,3262.79,11.7,82.0,10.6,0.0,5.0,11.7,82.0,5.0
2023-01-21 03:00:00,3248.98,11.7,82.0,10.6,0.0,5.0,11.7,82.0,5.0
2023-01-21 04:00:00,3269.5699999999997,11.7,82.0,10.6,0.0,5.0,11.7,82.0,5.0
2023-01-21 05:00:00,3316.7400000000002,11.7,82.0,10.6,0.0,5.0,11.7,82.0,5.0
2023-01-21 06:00:00,3721.55,11.7,82.0,10.6,0.0,5.0,11.7,82.0,5.0
2023-01-21 07:00:00,3760.48,11.7,82.0,10.6,0.0,5.0,11.7,82.0,5.0
2023-01-21 08:00:00,4036.71,11.7,82.0,10.6,0.0,5.0,11.7,82.0,5.0
2023-01-21 09:00:00,4248.25,11.7,82.0,10.6,0.0,5.0,11.7,82.0,5.0
2023-01-21 10:00:00,4508.01,11.7,82.0,10.6,0.0,5.0,11.7,82.0,5.0
2023-01-21 11:00:00,4659.429999999999,11.7,82.0,10.6,0.0,5.0,11.7,82.0,5.0
2023-01-21 12:00:00,4517.81,11.7,82.0,10.6,0.0,5.0,11.7,82.0,5.0
2023-01-21 13:00:00,4670.49,11.7,82.0,10.6,0.0,5.0,11.7,82.0,5.0
2023-01-21 14:00:00,4634.21,11.7,82.0,10.6,0.0,5.0,11.7,82.0,5.0
2023-01-21 15:00:00,4584.54,11.7,82.0,10.6,0.0,5.0,11.7,82.0,5.0
2023-01-21 16:00:00,4354.92,11.7,82.0,10.6,0.0,5.0,11.7,82.0,5.0
2023-01-21 17:00:00,4642.97,11.7,82.0,10.6,0.0,5.0,11.7,82.0,5.0
2023-01-21 18:00:00,5028.33,11.7,82.0,10.6,0.0,5.0,11.7,82.0,5.0
2023-01-21 19:00:00,5009.389999999999,11.7,82.0,10.6,0.0,5.0,11.7,82.0,5.0
2023-01-21 20:00:00,5021.29,11.7,82.0,10.6,0.0,5.0,11.7,82.0,5.0
2023-01-21 21:00:00,4558.36,11.7,82.0,10.6,0.0,5.0,11.7,82.0,5.0
2023-01-21 22:00:00,4018.95,11.7,82.0,10.6,0.0,5.0,11.7,82.0,5.0
2023-01-21 23:00:00,3676.39,11.7,82.0,10.6,0.0,5.0,11.7,82.0,5.0
2023-01-22 00:00:00,2982.35,11.7,82.0,10.6,0.0,5.0,11.7,82.0,5.0
2023-01-22 01:00:00,3047.27,11.7,82.0,10.6,0.0,5.0,11.7,82.0,5.0
2023-01-22 02:00:00,3130.3999999999996,11.7,82.0,10.6,0.0,5.0,11.7,82.0,5.0
2023-01-22 03:00:00,3086.44,11.7,82.0,10.6,0.0,5.0,11.7,82.0,5.0
2023-01-22 04:00:00,3192.15,11.7,82.0,10.6,0.0,5.0,11.7,82.0,5.0
2023-01-22 05:00:00,3068.5499999999997,11.7,82.0,10.6,0.0,5.0,11.7,82.0,5.0
2023-01-22 06:00:00,3522.08,11.7,82.0,10.6,0.0,5.0,11.7,82.0,5.0
2023-01-22 07:00:00,3702.95,11.7,82.0,10.6,0.0,5.0,11.7,82.0,5.0
2023-01-22 08:00:00,3763.93,11.7,82.0,10.6,0.0,5.0,11.7,82.0,5.0
2023-01-22 09:00:00,4030.69,11.7,82.0,10.6,0.0,5.0,11.7,82.0,5.0
2023-01-22 10:00:00,4099.04,11.7,82.0,10.6,0.0,5.0,11.7,82.0,5.0
2023-01-22 11:00:00,4367.89,11.7,82.0,10.6,0.0,5.0,11.7,82.0,5.0
2023-01-22 12:00:00,4476.86,11.7,82.0,10.6,0.0,5.0,11.7,82.0,5.0
2023-01-22 13:00:00,4494.58,11.7,82.0,10.6,0.0,5.0,11.7,82.0,5.0
2023-01-22 14:00:00,4319.57,11.7,82.0,10.6,0.0,5.0,11.7,82.0,5.0
2023-01-22 15:00:00,4261.71,11.7,82.0,10.6,0.0,5.0,11.7,82.0,5.0
2023-01-22 16:00:00,4195.69,11.7,82.0,10.6,0.0,5.0,11.7,82.0,5.0
2023-01-22 17:00:00,4404.86,11.7,82.0,10.6,0.0,5.0,11.7,82.0,5.0
2023-01-22 18:00:00,4666.37,11.7,82.0,10.6,0.0,5.0,11.7,82.0,5.0
2023-01-22 19:00:00,4879.96,11.7,82.0,10.6,0.0,5.0,11.7,82.0,5.0
2023-01-22 20:00:00,4678.45,11.7,82.0,10.6,0.0,5.0,11.7,82.0,5.0
2023-01-22 21:00:00,4397.37,11.7,82.0,10.6,0.0,5.0,11.7,82.0,5.0
2023-01-22 22:00:00,3994.12,11.7,82.0,10.6,0.0,5.0,11.7,82.0,5.0
2023-01-22 23:00:00,3510.08,11.7,82.0,10.6,0.0,5.0,11.7,82.0,5.0
2023-01-23 00:00:00,3164.17,11.7,82.0,10.6,0.0,5.0,11.7,82.0,5.0
2023-01-23 01:00:00,3395.2799999999997,11.7,82.0,10.6,0.0,5.0,11.7,82.0,5.0
2023-01-23 02:00:00,3314.2200000000003,11.7,82.0,10.6,0.0,5.0,11.7,82.0,5.0
2023-01-23 03:00:00,3312.29,11.7,82.0,10.6,0.0,5.0,11.7,82.0,5.0
2023-01-23 04:00:00,3403.37,11.7,82.0,10.6,0.0,5.0,11.7,82.0,5.0
2023-01-23 05:00:00,3547.57,11.7,82.0,10.6,0.0,5.0,11.7,82.0,5.0
2023-01-23 06:00:00,3773.85,11.7,82.0,10.6,0.0,5.0,11.7,82.0,5.0
2023-01-23 07:00:00,4018.87,11.7,82.0,10.6,0.0,5.0,11.7,82.0,5.0
2023-01-23 08:00:00,4261.41,11.7,82.0,10.6,0.0,5.0,11.7,82.0,5.0
2023-01-23 09:00:00,4370.4,11.7,82.0,10.6,0.0,5.0,11.7,82.0,5.0
2023-01-23 10:00:00,4579.6,11.7,82.0,10.6,0.0,5.0,11.7,82.0,5.0
2023-01-23 11:00:00,4686.28,11.7,82.0,10.6,0.0,5.0,11.7,82.0,5.0
2023-01-23 12:00:00,4889.78,11.7,82.0,10.6,0.0,5.0,11.7,82.0,5.0
2023-01-23 13:00:00,4787.55,11.7,82.0,10.6,0.0,5.0,11.7,82.0,5.0
2023-01-23 14:00:00,4722.58,11.7,82.0,10.6,0.0,5.0,11.7,82.0,5.0
2023-01-23 15:00:00,4634.08,11.7,82.0,10.6,0.0,5.0,11.7,82.0,5.0
2023-01-23 16:00:00,4452.73,11.7,82.0,10.6,0.0,5.0,11.7,82.0,5.0
2023-01-23 17:00:00,4860.8,11.7,82.0,10.6,0.0,5.0,11.7,82.0,5.0
2023-01-23 18:00:00,5178.5599999999995,11.7,82.0,10.6,0.0,5.0,11.7,82.0,5.0
2023-01-23 19:00:00,5211.15,11.7,82.0,10.6,0.0,5.0,11.7,82.0,5.0
2023-01-23 20:00:00,5073.83,11.7,82.0,10.6,0.0,5.0,11.7,82.0,5.0
2023-01-23 21:00:00,4805.59,11.7,82.0,10.6,0.0,5.0,11.7,82.0,5.0
2023-01-23 22:00:00,4351.76,11.7,82.0,10.6,0.0,5.0,11.7,82.0,5.0
2023-01-23 23:00:00,3853.71,11.7,82.0,10.6,0.0,5.0,11.7,82.0,5.0
2023-01-24 00:00:00,3211.89,11.7,82.0,10.6,0.0,5.0,11.7,82.0,5.0
2023-01-24 01:00:00,3411.55,11.7,82.0,10.6,0.0,5.0,11.7,82.0,5.0
2023-01-24 02:00:00,3487.91,11.7,82.0,10.6,0.0,5.0,11.7,82.0,5.0
2023-01-24 03:00:00,3416.0,11.7,82.0,10.6,0.0,5.0,11.7,82.0,5.0
2023-01-24 04:00:00,3374.13,11.7,82.0,10.6,0.0,5.0,11.7,82.0,5.0
2023-01-24 05:00:00,3572.04,11.7,82.0,10.6,0.0,5.0,11.7,82.0,5.0
2023-01-24 06:00:00,3758.28,11.7,82.0,10.6,0.0,5.0,11.7,82.0,5.0
2023-01-24 07:00:00,3898.86,11.7,82.0,10.6,0.0,5.0,11.7,82.0,5.0
2023-01-24 08:00:00,4205.87,11.7,82.0,10.6,0.0,5.0,11.7,82.0,5.0
2023-01-24 09:00:00,4515.42,11.7,82.0,10.6,0.0,5.0,11.7,82.0,5.0
2023-01-24 10:00:00,4414.25,11.7,82.0,10.6,0.0,5.0,11.7,82.0,5.0
2023-01-24 11:00:00,4635.7,11.7,82.0,10.6,0.0,5.0,11.7,82.0,5.0
2023-01-24 12:00:00,4756.29,11.7,82.0,10.6,0.0,5.0,11.7,82.0,5.0
2023-01-24 13:00:00,4717.5199999999995,11.7,82.0,10.6,0.0,5.0,11.7,82.0,5.0
2023-01-24 14:00:00,4705.54,11.7,82.0,10.6,0.0,5.0,11.7,82.0,5.0
2023-01-24 15:00:00,4642.41,11.7,82.0,10.6,0.0,5.0,11.7,82.0,5.0
2023-01-24 16:00:00,4507.58,11.7,82.0,10.6,0.0,5.0,11.7,82.0,5.0
2023-01-24 17:00:00,4788.24,11.7,82.0,10.6,0.0,5.0,11.7,82.0,5.0
2023-01-24 18:00:00,5160.84,11.7,82.0,10.6,0.0,5.0,11.7,82.0,5.0
2023-01-24 19:00:00,5301.87,11.7,82.0,10.6,0.0,5.0,11.7,82.0,5.0
2023-01-24 20:00:00,5069.3099999999995,11.7,82.0,10.6,0.0,5.0,11.7,82.0,5.0
2023-01-24 21:00:00,4867.18,11.7,82.0,10.6,0.0,5.0,11.7,82.0,5.0
2023-01-24 22:00:00,4270.33,11.7,82.0,10.6,0.0,5.0,11.7,82.0,5.0
2023-01-24 23:00:00,3763.79,11.7,82.0,10.6,0.0,5.0,11.7,82.0,5.0
2023-01-25 00:00:00,3194.79,11.7,82.0,10.6,0.0,5.0,11.7,82.0,5.0
2023-01-25 01:00:00,3236.87,11.7,82.0,10.6,0.0,5.0,11.7,82.0,5.0
2023-01-25 02:00:00,3533.66,11.7,82.0,10.6,0.0,5.0,11.7,82.0,5.0
2023-01-25 03:00:00,3341.99,11.7,82.0,10.6,0.0,5.0,11.7,82.0,5.0
2023-01-25 04:00:00,3455.59,11.7,82.0,10.6,0.0,5.0,11.7,82.0,5.0
2023-01-25 05:00:00,3473.28,11.7,82.0,10.6,0.0,5.0,11.7,82.0,5.0
2023-01-25 06:00:00,3754.76,11.7,82.0,10.6,0.0,5.0,11.7,82.0,5.0
2023-01-25 07:00:00,3990.49,11.7,82.0,10.6,0.0,5.0,11.7,82.0,5.0
2023-01-25 08:00:00,4295.54,11.7,82.0,10.6,0.0,5.0,11.7,82.0,5.0
2023-01-25 09:00:00,4557.99,11.7,82.0,10.6,0.0,5.0,11.7,82.0,5.0
2023-01-25 10:00:00,4565.38,11.7,82.0,10.6,0.0,5.0,11.7,82.0,5.0
2023-01-25 11:00:00,4629.29,11.7,82.0,10.6,0.0,5.0,11.7,82.0,5.0
2023-01-25 12:00:00,4717.38,11.7,82.0,10.6,0.0,5.0,11.7,82.0,5.0
2023-01-25 13:00:00,4853.78,11.7,82.0,10.6,0.0,5.0,11.7,82.0,5.0
2023-01-25 14:00:00,4797.67,11.7,82.0,10.6,0.0,5.0,11.7,82.0,5.0
2023-01-25 15:00:00,4785.23,11.7,82.0,10.6,0.0,5.0,11.7,82.0,5.0
2023-01-25 16:00:00,4598.12,11.7,82.0,10.6,0.0,5.0,11.7,82.0,5.0
2023-01-25 17:00:00,4850.96,11.7,82.0,10.6,0.0,5.0,11.7,82.0,5.0
2023-01-25 18:00:00,5249.2,11.7,82.0,10.6,0.0,5.0,11.7,82.0,5.0
2023-01-25 19:00:00,5255.85,11.7,82.0,10.6,0.0,5.0,11.7,82.0,5.0
2023-01-25 20:00:00,5164.4800000000005,11.7,82.0,10.6,0.0,5.0,11.7,82.0,5.0
2023-01-25 21:00:00,4856.46,11.7,82.0,10.6,0.0,5.0,11.7,82.0,5.0
2023-01-25 22:00:00,4173.18,11.7,82.0,10.6,0.0,5.0,11.7,82.0,5.0
2023-01-25 23:00:00,3807.09,11.7,82.0,10.6,0.0,5.0,11.7,82.0,5.0
2023-01-26 00:00:00,3322.19,11.7,82.0,10.6,0.0,5.0,11.7,82.0,5.0
2023-01-26 01:00:00,3230.03,11.7,82.0,10.6,0.0,5.0,11.7,82.0,5.0
2023-01-26 02:00:00,3354.33,11.7,82.0,10.6,0.0,5.0,11.7,82.0,5.0
2023-01-26 03:00:00,3465.4,11.7,82.0,10.6,0.0,5.0,11.7,82.0,5.0
2023-01-26 04:00:00,3452.47,11.7,82.0,10.6,0.0,5.0,11.7,82.0,5.0
2023-01-26 05:00:00,3483.97,11.7,82.0,10.6,0.0,5.0,11.7,82.0,5.0
2023-01-26 06:00:00,3701.2000000000003,11.7,82.0,10.6,0.0,5.0,11.7,82.0,5.0
2023-01-26 07:00:00,3959.31,11.7,82.0,10.6,0.0,5.0,11.7,82.0,5.0
2023-01-26 08:00:00,4409.53,11.7,82.0,10.6,0.0,5.0,11.7,82.0,5.0
2023-01-26 09:00:00,4591.6900000000005,11.7,82.0,10.6,0.0,5.0,11.7,82.0,5.0
2023-01-26 10:00:00,4507.18,11.7,82.0,10.6,0.0,5.0,11.7,82.0,5.0
2023-01-26 11:00:00,4651.12,11.7,82.0,10.6,0.0,5.0,11.7,82.0,5.0
2023-01-26 12:00:00,4799.950000000001,11.7,82.0,10.6,0.0,5.0,11.7,82.0,5.0
2023-01-26 13:00:00,4767.24,11.7,82.0,10.6,0.0,5.0,11.7,82.0,5.0
2023-01-26 14:00:00,4756.88,11.7,82.0,10.6,0.0,5.0,11.7,82.0,5.0
2023-01-26 15:00:00,4686.74,11.7,82.0,10.6,0.0,5.0,11.7,82.0,5.0
2023-01-26 16:00:00,4424.6,11.7,82.0,10.6,0.0,5.0,11.7,82.0,5.0
2023-01-26 17:00:00,4766.639999999999,11.7,82.0,10.6,0.0,5.0,11.7,82.0,5.0
2023-01-26 18:00:00,5103.0,11.7,82.0,10.6,0.0,5.0,11.7,82.0,5.0
2023-01-26 19:00:00,5174.78,11.7,82.0,10.6,0.0,5.0,11.7,82.0,5.0
2023-01-26 20:00:00,5162.62,11.7,82.0,10.6,0.0,5.0,11.7,82.0,5.0
2023-01-26 21:00:00,4857.36,11.7,82.0,10.6,0.0,5.0,11.7,82.0,5.0
2023-01-26 22:00:00,4401.48,11.7,82.0,10.6,0.0,5.0,11.7,82.0,5.0
2023-01-26 23:00:00,3705.45,11.7,82.0,10.6,0.0,5.0,11.7,82.0,5.0
2023-01-27 00:00:00,3396.98,11.7,82.0,10.6,0.0,5.0,11.7,82.0,5.0
2023-01-27 01:00:00,3285.5099999999998,11.7,82.0,10.6,0.0,5.0,11.7,82.0,5.0
2023-01-27 02:00:00,3358.17,11.7,82.0,10.6,0.0,5.0,11.7,82.0,5.0
2023-01-27 03:00:00,3509.93,11.7,82.0,10.6,0.0,5.0,11.7,82.0,5.0
2023-01-27 04:00:00,3476.85,11.7,82.0,10.6,0.0,5.0,11.7,82.0,5.0
2023-01-27 05:00:00,3472.89,11.7,82.0,10.6,0.0,5.0,11.7,82.0,5.0
2023-01-27 06:00:00,3727.1800000000003,11.7,82.0,10.6,0.0,5.0,11.7,82.0,5.0
2023-01-27 07:00:00,3993.31,11.7,82.0,10.6,0.0,5.0,11.7,82.0,5.0
2023-01-27 08:00:00,4169.639999999999,11.7,82.0,10.6,0.0,5.0,11.7,82.0,5.0
2023-01-27 09:00:00,4570.12,11.7,82.0,10.6,0.0,5.0,11.7,82.0,5.0
2023-01-27 10:00:00,4551.56,11.7,82.0,10.6,0.0,5.0,11.7,82.0,5.0
2023-01-27 11:00:00,4680.38,11.7,82.0,10.6,0.0,5.0,11.7,82.0,5.0
2023-01-27 12:00:00,4827.99,11.7,82.0,10.6,0.0,5.0,11.7,82.0,5.0
2023-01-27 13:00:00,4817.25,11.7,82.0,10.6,0.0,5.0,11.7,82.0,5.0
2023-01-27 14:00:00,4782.3,11.7,82.0,10.6,0.0,5.0,11.7,82.0,5.0
2023-01-27 15:00:00,4781.05,11.7,82.0,10.6,0.0,5.0,11.7,82.0,5.0
2023-01-27 16:00:00,4416.1900000000005,11.7,82.0,10.6,0.0,5.0,11.7,82.0,5.0
2023-01-27 17:00:00,4850.31,11.7,82.0,10.6,0.0,5.0,11.7,82.0,5.0
2023-01-27 18:00:00,4945.2300000000005,11.7,82.0,10.6,0.0,5.0,11.7,82.0,5.0
2023-01-27 19:00:00,5185.66,11.7,82.0,10.6,0.0,5.0,11.7,82.0,5.0
2023-01-27 20:00:00,4995.11,11.7,82.0,10.6,0.0,5.0,11.7,82.0,5.0
2023-01-27 21:00:00,4764.93,11.7,82.0,10.6,0.0,5.0,11.7,82.0,5.0
2023-01-27 22:00:00,4097.86,11.7,82.0,10.6,0.0,5.0,11.7,82.0,5.0
2023-01-27 23:00:00,3821.3,11.7,82.0,10.6,0.0,5.0,11.7,82.0,5.0
2023-01-28 00:00:00,2942.96,11.7,82.0,10.6,0.0,5.0,11.7,82.0,5.0
2023-01-28 01:00:00,3206.43,11.7,82.0,10.6,0.0,5.0,11.7,82.0,5.0
2023-01-28 02:00:00,3312.24,11.7,82.0,10.6,0.0,5.0,11.7,82.0,5.0
2023-01-28 03:00:00,3182.8,11.7,82.0,10.6,0.0,5.0,11.7,82.0,5.0
2023-01-28 04:00:00,3160.79,11.7,82.0,10.6,0.0,5.0,11.7,82.0,5.0
2023-01-28 05:00:00,3315.6800000000003,11.7,82.0,10.6,0.0,5.0,11.7,82.0,5.0
2023-01-28 06:00:00,3530.78,11.7,82.0,10.6,0.0,5.0,11.7,82.0,5.0
2023-01-28 07:00:00,3781.04,11.7,82.0,10.6,0.0,5.0,11.7,82.0,5.0
2023-01-28 08:00:00,4194.76,11.7,82.0,10.6,0.0,5.0,11.7,82.0,5.0
2023-01-28 09:00:00,4292.17,11.7,82.0,10.6,0.0,5.0,11.7,82.0,5.0
2023-01-28 10:00:00,4349.58,11.7,82.0,10.6,0.0,5.0,11.7,82.0,5.0
2023-01-28 11:00:00,4431.39,11.7,82.0,10.6,0.0,5.0,11.7,82.0,5.0
2023-01-28 12:00:00,4685.13,11.7,82.0,10.6,0.0,5.0,11.7,82.0,5.0
2023-01-28 13:00:00,4484.1900000000005,11.7,82.0,10.6,0.0,5.0,11.7,82.0,5.0
2023-01-28 14:00:00,4619.93,11.7,82.0,10.6,0.0,5.0,11.7,82.0,5.0
2023-01-28 15:00:00,4520.66,11.7,82.0,10.6,0.0,5.0,11.7,82.0,5.0
2023-01-28 16:00:00,4260.88,11.7,82.0,10.6,0.0,5.0,11.7,82.0,5.0
2023-01-28 17:00:00,4609.08,11.7,82.0,10.6,0.0,5.0,11.7,82.0,5.0
2023-01-28 18:00:00,4946.93,11.7,82.0,10.6,0.0,5.0,11.7,82.0,5.0
2023-01-28 19:00:00,5069.71,11.7,82.0,10.6,0.0,5.0,11.7,82.0,5.0
2023-01-28 20:00:00,4886.12,11.7,82.0,10.6,0.0,5.0,11.7,82.0,5.0
2023-01-28 21:00:00,4662.96,11.7,82.0,10.6,0.0,5.0,11.7,82.0,5.0
2023-01-28 22:00:00,3955.45,11.7,82.0,10.6,0.0,5.0,11.7,82.0,5.0
2023-01-28 23:00:00,3589.47,11.7,82.0,10.6,0.0,5.0,11.7,82.0,5.0
2023-01-29 00:00:00,3033.19,11.7,82.0,10.6,0.0,5.0,11.7,82.0,5.0
2023-01-29 01:00:00,2974.38,11.7,82.0,10.6,0.0,5.0,11.7,82.0,5.0
2023-01-29 02:00:00,3006.81,11.7,82.0,10.6,0.0,5.0,11.7,82.0,5.0
2023-01-29 03:00:00,3201.15,11.7,82.0,10.6,0.0,5.0,11.7,82.0,5.0
2023-01-29 04:00:00,3196.58,11.7,82.0,10.6,0.0,5.0,11.7,82.0,5.0
2023-01-29 05:00:00,3060.99,11.7,82.0,10.6,0.0,5.0,11.7,82.0,5.0
2023-01-29 06:00:00,3342.19,11.7,82.0,10.6,0.0,5.0,11.7,82.0,5.0
2023-01-29 07:00:00,3451.2000000000003,11.7,82.0,10.6,0.0,5.0,11.7,82.0,5.0
2023-01-29 08:00:00,3966.87,11.7,82.0,10.6,0.0,5.0,11.7,82.0,5.0
2023-01-29 09:00:00,4058.29,11.7,82.0,10.6,0.0,5.0,11.7,82.0,5.0
2023-01-29 10:00:00,4032.77,11.7,82.0,10.6,0.0,5.0,11.7,82.0,5.0
2023-01-29 11:00:00,4296.0599999999995,11.7,82.0,10.6,0.0,5.0,11.7,82.0,5.0
2023-01-29 12:00:00,4328.12,11.7,82.0,10.6,0.0,5.0,11.7,82.0,5.0
2023-01-29 13:00:00,4400.9800000000005,11.7,82.0,10.6,0.0,5.0,11.7,82.0,5.0
2023-01-29 14:00:00,4416.35,11.7,82.0,10.6,0.0,5.0,11.7,82.0,5.0
2023-01-29 15:00:00,4190.33,11.7,82.0,10.6,0.0,5.0,11.7,82.0,5.0
2023-01-29 16:00:00,4082.87,11.7,82.0,10.6,0.0,5.0,11.7,82.0,5.0
2023-01-29 17:00:00,4298.5,11.7,82.0,10.6,0.0,5.0,11.7,82.0,5.0
2023-01-29 18:00:00,4658.929999999999,11.7,82.0,10.6,0.0,5.0,11.7,82.0,5.0
2023-01-29 19:00:00,4755.54,11.7,82.0,10.6,0.0,5.0,11.7,82.0,5.0
2023-01-29 20:00:00,4648.27,11.7,82.0,10.6,0.0,5.0,11.7,82.0,5.0
2023-01-29 21:00:00,4407.08,11.7,82.0,10.6,0.0,5.0,11.7,82.0,5.0
2023-01-29 22:00:00,3754.61,11.7,82.0,10.6,0.0,5.0,11.7,82.0,5.0
2023-01-29 23:00:00,3513.44,11.7,82.0,10.6,0.0,5.0,11.7,82.0,5.0
2023-01-30 00:00:00,3195.33,11.7,82.0,10.6,0.0,5.0,11.7,82.0,5.0
2023-01-30 01:00:00,3240.88,11.7,82.0,10.6,0.0,5.0,11.7,82.0,5.0
2023-01-30 02:00:00,3393.8900000000003,11.7,82.0,10.6,0.0,5.0,11.7,82.0,5.0
2023-01-30 03:00:00,3465.44,11.7,82.0,10.6,0.0,5.0,11.7,82.0,5.0
2023-01-30 04:00:00,3362.02,11.7,82.0,10.6,0.0,5.0,11.7,82.0,5.0
2023-01-30 05:00:00,3459.13,11.7,82.0,10.6,0.0,5.0,11.7,82.0,5.0
2023-01-30 06:00:00,3781.58,11.7,82.0,10.6,0.0,5.0,11.7,82.0,5.0
2023-01-30 07:00:00,4154.01,11.7,82.0,10.6,0.0,5.0,11.7,82.0,5.0
2023-01-30 08:00:00,4229.93,11.7,82.0,10.6,0.0,5.0,11.7,82.0,5.0
2023-01-30 09:00:00,4637.86,11.7,82.0,10.6,0.0,5.0,11.7,82.0,5.0
2023-01-30 10:00:00,4520.86,11.7,82.0,10.6,0.0,5.0,11.7,82.0,5.0
2023-01-30 11:00:00,4576.64,11.7,82.0,10.6,0.0,5.0,11.7,82.0,5.0
2023-01-30 12:00:00,4704.57,11.7,82.0,10.6,0.0,5.0,11.7,82.0,5.0
2023-01-30 13:00:00,4763.08,11.7,82.0,10.6,0.0,5.0,11.7,82.0,5.0
2023-01-30 14:00:00,4787.91,11.7,82.0,10.6,0.0,5.0,11.7,82.0,5.0
2023-01-30 15:00:00,4577.4,11.7,82.0,10.6,0.0,5.0,11.7,82.0,5.0
2023-01-30 16:00:00,4571.22,11.7,82.0,10.6,0.0,5.0,11.7,82.0,5.0
2023-01-30 17:00:00,4745.13,11.7,82.0,10.6,0.0,5.0,11.7,82.0,5.0
2023-01-30 18:00:00,5054.85,11.7,82.0,10.6,0.0,5.0,11.7,82.0,5.0
2023-01-30 19:00:00,5149.03,11.7,82.0,10.6,0.0,5.0,11.7,82.0,5.0
2023-01-30 20:00:00,5079.53,11.7,82.0,10.6,0.0,5.0,11.7,82.0,5.0
2023-01-30 21:00:00,4772.17,11.7,82.0,10.6,0.0,5.0,11.7,82.0,5.0
2023-01-30 22:00:00,4162.48,11.7,82.0,10.6,0.0,5.0,11.7,82.0,5.0
2023-01-30 23:00:00,3825.06,11.7,82.0,10.6,0.0,5.0,11.7,82.0,5.0
2023-01-31 00:00:00,3085.97,11.7,82.0,10.6,0.0,5.0,11.7,82.0,5.0
2023-01-31 01:00:00,3378.85,11.7,82.0,10.6,0.0,5.0,11.7,82.0,5.0
2023-01-31 02:00:00,3512.29,11.7,82.0,10.6,0.0,5.0,11.7,82.0,5.0
2023-01-31 03:00:00,3400.24,11.7,82.0,10.6,0.0,5.0,11.7,82.0,5.0
2023-01-31 04:00:00,3321.3,11.7,82.0,10.6,0.0,5.0,11.7,82.0,5.0
2023-01-31 05:00:00,3344.55,11.7,82.0,10.6,0.0,5.0,11.7,82.0,5.0
2023-01-31 06:00:00,3783.9,11.7,82.0,10.6,0.0,5.0,11.7,82.0,5.0
2023-01-31 07:00:00,3911.22,11.7,82.0,10.6,0.0,5.0,11.7,82.0,5.0
2023-01-31 08:00:00,4209.25,11.7,82.0,10.6,0.0,5.0,11.7,82.0,5.0
2023-01-31 09:00:00,4481.16,11.7,82.0,10.6,0.0,5.0,11.7,82.0,5.0
2023-01-31 10:00:00,4652.6,11.7,82.0,10.6,0.0,5.0,11.7,82.0,5.0
2023-01-31 11:00:00,4656.3099999999995,11.7,82.0,10.6,0.0,5.0,11.7,82.0,5.0
2023-01-31 12:00:00,4640.2,11.7,82.0,10.6,0.0,5.0,11.7,82.0,5.0
2023-01-31 13:00:00,4703.82,11.7,82.0,10.6,0.0,5.0,11.7,82.0,5.0
2023-01-31 14:00:00,4736.6,11.7,82.0,10.6,0.0,5.0,11.7,82.0,5.0
2023-01-31 15:00:00,4736.46,11.7,82.0,10.6,0.0,5.0,11.7,82.0,5.0
2023-01-31 16:00:00,4652.26,11.7,82.0,10.6,0.0,5.0,11.7,82.0,5.0
2023-01-31 17:00:00,4654.17,11.7,82.0,10.6,0.0,5.0,11.7,82.0,5.0
2023-01-31 18:00:00,5021.78,11.7,82.0,10.6,0.0,5.0,11.7,82.0,5.0
2023-01-31 19:00:00,5311.33,11.7,82.0,10.6,0.0,5.0,11.7,82.0,5.0
2023-01-31 20:00:00,5032.47,11.7,82.0,10.6,0.0,5.0,11.7,82.0,5.0
2023-01-31 21:00:00,4831.66,11.7,82.0,10.6,0.0,5.0,11.7,82.0,5.0
2023-01-31 22:00:00,4095.6,11.7,82.0,10.6,0.0,5.0,11.7,82.0,5.0
2023-01-31 23:00:00,3762.87,11.7,82.0,10.6,0.0,5.0,11.7,82.0,5.0
2023-02-01 00:00:00,3276.62,11.7,82.0,10.6,0.0,5.0,11.7,82.0,5.0
2023-02-01 01:00:00,3346.16,11.7,82.0,10.6,0.0,5.0,11.7,82.0,5.0
2023-02-01 02:00:00,3418.28,11.7,82.0,10.6,0.0,5.0,11.7,82.0,5.0
2023-02-01 03:00:00,3456.3,11.7,82.0,10.6,0.0,5.0,11.7,82.0,5.0
2023-02-01 04:00:00,3401.41,11.7,82.0,10.6,0.0,5.0,11.7,82.0,5.0
2023-02-01 05:00:00,3379.91,11.7,82.0,10.6,0.0,5.0,11.7,82.0,5.0
2023-02-01 06:00:00,3598.82,11.7,82.0,10.6,0.0,5.0,11.7,82.0,5.0
2023-02-01 07:00:00,3986.92,11.7,82.0,10.6,0.0,5.0,11.7,82.0,5.0
2023-02-01 08:00:00,4335.28,11.7,82.0,10.6,0.0,5.0,11.7,82.0,5.0
2023-02-01 09:00:00,4434.58,11.7,82.0,10.6,0.0,5.0,11.7,82.0,5.0
2023-02-01 10:00:00,4564.67,11.7,82.0,10.6,0.0,5.0,11.7,82.0,5.0
2023-02-01 11:00:00,4723.2,11.7,82.0,10.6,0.0,5.0,11.7,82.0,5.0
2023-02-01 12:00:00,4697.81,11.7,82.0,10.6,0.0,5.0,11.7,82.0,5.0
2023-02-01 13:00:00,4621.01,11.7,82.0,10.6,0.0,5.0,11.7,82.0,5.0
2023-02-01 14:00:00,4745.95,11.7,82.0,10.6,0.0,5.0,11.7,82.0,5.0
2023-02-01 15:00:00,4804.18,11.7,82.0,10.6,0.0,5.0,11.7,82.0,5.0
2023-02-01 16:00:00,4542.28,11.7,82.0,10.6,0.0,5.0,11.7,82.0,5.0
2023-02-01 17:00:00,4599.08,11.7,82.0,10.6,0.0,5.0,11.7,82.0,5.0
2023-02-01 18:00:00,5064.7699999999995,11.7,82.0,10.6,0.0,5.0,11.7,82.0,5.0
2023-02-01 19:00:00,5182.17,11.7,82.0,10.6,0.0,5.0,11.7,82.0,5.0
2023-02-01 20:00:00,5046.32,11.7,82.0,10.6,0.0,5.0,11.7,82.0,5.0
2023-02-01 21:00:00,4897.87,11.7,82.0,10.6,0.0,5.0,11.7,82.0,5.0
2023-02-01 22:00:00,4188.23,11.7,82.0,10.6,0.0,5.0,11.7,82.0,5.0
2023-02-01 23:00:00,3794.99,11.7,82.0,10.6,0.0,5.0,11.7,82.0,5.0
2023-02-02 00:00:00,3094.2200000000003,11.7,82.0,10.6,0.0,5.0,11.7,82.0,5.0
2023-02-02 01:00:00,3269.37,11.7,82.0,10.6,0.0,5.0,11.7,82.0,5.0
2023-02-02 02:00:00,3346.03,11.7,82.0,10.6,0.0,5.0,11.7,82.0,5.0
2023-02-02 03:00:00,3310.64,11.7,82.0,10.6,0.0,5.0,11.7,82.0,5.0
2023-02-02 04:00:00,3221.47,11.7,82.0,10.6,0.0,5.0,11.7,82.0,5.0
2023-02-02 05:00:00,3397.2200000000003,11.7,82.0,10.6,0.0,5.0,11.7,82.0,5.0
2023-02-02 06:00:00,3654.44,11.7,82.0,10.6,0.0,5.0,11.7,82.0,5.0
2023-02-02 07:00:00,3896.46,11.7,82.0,10.6,0.0,5.0,11.7,82.0,5.0
2023-02-02 08:00:00,4102.94,11.7,82.0,10.6,0.0,5.0,11.7,82.0,5.0
2023-02-02 09:00:00,4603.1900000000005,11.7,82.0,10.6,0.0,5.0,11.7,82.0,5.0
2023-02-02 10:00:00,4581.2,11.7,82.0,10.6,0.0,5.0,11.7,82.0,5.0
2023-02-02 11:00:00,4662.53,11.7,82.0,10.6,0.0,5.0,11.7,82.0,5.0
2023-02-02 12:00:00,4825.53,11.7,82.0,10.6,0.0,5.0,11.7,82.0,5.0
2023-02-02 13:00:00,4671.67,11.7,82.0,10.6,0.0,5.0,11.7,82.0,5.0
2023-02-02 14:00:00,4763.68,11.7,82.0,10.6,0.0,5.0,11.7,82.0,5.0
2023-02-02 15:00:00,4697.3,11.7,82.0,10.6,0.0,5.0,11.7,82.0,5.0
2023-02-02 16:00:00,4548.81,11.7,82.0,10.6,0.0,5.0,11.7,82.0,5.0
2023-02-02 17:00:00,4823.98,11.7,82.0,10.6,0.0,5.0,11.7,82.0,5.0
2023-02-02 18:00:00,5068.84,11.7,82.0,10.6,0.0,5.0,11.7,82.0,5.0
2023-02-02 19:00:00,5162.32,11.7,82.0,10.6,0.0,5.0,11.7,82.0,5.0
2023-02-02 20:00:00,5069.98,11.7,82.0,10.6,0.0,5.0,11.7,82.0,5.0
2023-02-02 21:00:00,4765.3,11.7,82.0,10.6,0.0,5.0,11.7,82.0,5.0
2023-02-02 22:00:00,4123.21,11.7,82.0,10.6,0.0,5.0,11.7,82.0,5.0
2023-02-02 23:00:00,3793.87,11.7,82.0,10.6,0.0,5.0,11.7,82.0,5.0
2023-02-03 00:00:00,3216.54,11.7,82.0,10.6,0.0,5.0,11.7,82.0,5.0
2023-02-03 01:00:00,3280.86,11.7,82.0,10.6,0.0,5.0,11.7,82.0,5.0
2023-02-03 02:00:00,3476.63,11.7,82.0,10.6,0.0,5.0,11.7,82.0,5.0
2023-02-03 03:00:00,3397.85,11.7,82.0,10.6,0.0,5.0,11.7,82.0,5.0
2023-02-03 04:00:00,3307.34,11.7,82.0,10.6,0.0,5.0,11.7,82.0,5.0
2023-02-03 05:00:00,3309.73,11.7,82.0,10.6,0.0,5.0,11.7,82.0,5.0
2023-02-03 06:00:00,3773.0,11.7,82.0,10.6,0.0,5.0,11.7,82.0,5.0
2023-02-03 07:00:00,4023.93,11.7,82.0,10.6,0.0,5.0,11.7,82.0,5.0
2023-02-03 08:00:00,4212.25,11.7,82.0,10.6,0.0,5.0,11.7,82.0,5.0
2023-02-03 09:00:00,4607.570000000001,11.7,82.0,10.6,0.0,5.0,11.7,82.0,5.0
2023-02-03 10:00:00,4474.03,11.7,82.0,10.6,0.0,5.0,11.7,82.0,5.0
2023-02-03 11:00:00,4647.83,11.7,82.0,10.6,0.0,5.0,11.7,82.0,5.0
2023-02-03 12:00:00,4763.39,11.7,82.0,10.6,0.0,5.0,11.7,82.0,5.0
2023-02-03 13:00:00,4583.42,11.7,82.0,10.6,0.0,5.0,11.7,82.0,5.0
2023-02-03 14:00:00,4581.32,11.7,82.0,10.6,0.0,5.0,11.7,82.0,5.0
2023-02-03 15:00:00,4531.92,11.7,82.0,10.6,0.0,5.0,11.7,82.0,5.0
2023-02-03 16:00:00,4424.0199999999995,11.7,82.0,10.6,0.0,5.0,11.7,82.0,5.0
2023-02-03 17:00:00,4732.66,11.7,82.0,10.6,0.0,5.0,11.7,82.0,5.0
2023-02-03 18:00:00,4945.75,11.7,82.0,10.6,0.0,5.0,11.7,82.0,5.0
2023-02-03 19:00:00,5110.99,11.7,82.0,10.6,0.0,5.0,11.7,82.0,5.0
2023-02-03 20:00:00,4931.7300000000005,11.7,82.0,10.6,0.0,5.0,11.7,82.0,5.0
2023-02-03 21:00:00,4780.11,11.7,82.0,10.6,0.0,5.0,11.7,82.0,5.0
2023-02-03 22:00:00,4211.87,11.7,82.0,10.6,0.0,5.0,11.7,82.0,5.0
2023-02-03 23:00:00,3752.9100000000003,11.7,82.0,10.6,0.0,5.0,11.7,82.0,5.0
2023-02-04 00:00:00,3069.2000000000003,11.7,82.0,10.6,0.0,5.0,11.7,82.0,5.0
2023-02-04 01:00:00,3205.52,11.7,82.0,10.6,0.0,5.0,11.7,82.0,5.0
2023-02-04 02:00:00,3183.81,11.7,82.0,10.6,0.0,5.0,11.7,82.0,5.0
2023-02-04 03:00:00,3353.49,11.7,82.0,10.6,0.0,5.0,11.7,82.0,5.0
2023-02-04 04:00:00,3204.59,11.7,82.0,10.6,0.0,5.0,11.7,82.0,5.0
2023-02-04 05:00:00,3399.49,11.7,82.0,10.6,0.0,5.0,11.7,82.0,5.0
2023-02-04 06:00:00,3627.89,11.7,82.0,10.6,0.0,5.0,11.7,82.0,5.0
2023-02-04 07:00:00,3804.54,11.7,82.0,10.6,0.0,5.0,11.7,82.0,5.0
2023-02-04 08:00:00,4095.52,11.7,82.0,10.6,0.0,5.0,11.7,82.0,5.0
2023-02-04 09:00:00,4389.47,11.7,82.0,10.6,0.0,5.0,11.7,82.0,5.0
2023-02-04 10:00:00,4266.98,11.7,82.0,10.6,0.0,5.0,11.7,82.0,5.0
2023-02-04 11:00:00,4419.11,11.7,82.0,10.6,0.0,5.0,11.7,82.0,5.0
2023-02-04 12:00:00,4470.61,11.7,82.0,10.6,0.0,5.0,11.7,82.0,5.0
2023-02-04 13:00:00,4552.22,11.7,82.0,10.6,0.0,5.0,11.7,82.0,5.0
2023-02-04 14:00:00,4575.05,11.7,82.0,10.6,0.0,5.0,11.7,82.0,5.0
2023-02-04 15:00:00,4451.96,11.7,82.0,10.6,0.0,5.0,11.7,82.0,5.0
2023-02-04 16:00:00,4274.53,11.7,82.0,10.6,0.0,5.0,11.7,82.0,5.0
2023-02-04 17:00:00,4556.1,11.7,82.0,10.6,0.0,5.0,11.7,82.0,5.0
2023-02-04 18:00:00,4810.03,11.7,82.0,10.6,0.0,5.0,11.7,82.0,5.0
2023-02-04 19:00:00,4994.28,11.7,82.0,10.6,0.0,5.0,11.7,82.0,5.0
2023-02-04 20:00:00,4764.83,11.7,82.0,10.6,0.0,5.0,11.7,82.0,5.0
2023-02-04 21:00:00,4482.29,11.7,82.0,10.6,0.0,5.0,11.7,82.0,5.0
2023-02-04 22:00:00,4052.11,11.7,82.0,10.6,0.0,5.0,11.7,82.0,5.0
2023-02-04 23:00:00,3631.9300000000003,11.7,82.0,10.6,0.0,5.0,11.7,82.0,5.0
2023-02-05 00:00:00,2954.84,11.7,82.0,10.6,0.0,5.0,11.7,82.0,5.0
2023-02-05 01:00:00,3061.09,11.7,82.0,10.6,0.0,5.0,11.7,82.0,5.0
2023-02-05 02:00:00,3127.66,11.7,82.0,10.6,0.0,5.0,11.7,82.0,5.0
2023-02-05 03:00:00,3080.2,11.7,82.0,10.6,0.0,5.0,11.7,82.0,5.0
2023-02-05 04:00:00,3039.17,11.7,82.0,10.6,0.0,5.0,11.7,82.0,5.0
2023-02-05 05:00:00,3102.96,11.7,82.0,10.6,0.0,5.0,11.7,82.0,5.0
2023-02-05 06:00:00,3349.39,11.7,82.0,10.6,0.0,5.0,11.7,82.0,5.0
2023-02-05 07:00:00,3591.0800000000004,11.7,82.0,10.6,0.0,5.0,11.7,82.0,5.0
2023-02-05 08:00:00,3739.96,11.7,82.0,10.6,0.0,5.0,11.7,82.0,5.0
2023-02-05 09:00:00,4124.5,11.7,82.0,10.6,0.0,5.0,11.7,82.0,5.0
2023-02-05 10:00:00,4028.98,11.7,82.0,10.6,0.0,5.0,11.7,82.0,5.0
2023-02-05 11:00:00,4261.45,11.7,82.0,10.6,0.0,5.0,11.7,82.0,5.0
2023-02-05 12:00:00,4353.9,11.7,82.0,10.6,0.0,5.0,11.7,82.0,5.0
2023-02-05 13:00:00,4265.96,11.7,82.0,10.6,0.0,5.0,11.7,82.0,5.0
2023-02-05 14:00:00,4315.54,11.7,82.0,10.6,0.0,5.0,11.7,82.0,5.0
2023-02-05 15:00:00,4098.19,11.7,82.0,10.6,0.0,5.0,11.7,82.0,5.0
2023-02-05 16:00:00,4059.29,11.7,82.0,10.6,0.0,5.0,11.7,82.0,5.0
2023-02-05 17:00:00,4302.84,11.7,82.0,10.6,0.0,5.0,11.7,82.0,5.0
2023-02-05 18:00:00,4609.14,11.7,82.0,10.6,0.0,5.0,11.7,82.0,5.0
2023-02-05 19:00:00,4681.07,11.7,82.0,10.6,0.0,5.0,11.7,82.0,5.0
2023-02-05 20:00:00,4561.0,11.7,82.0,10.6,0.0,5.0,11.7,82.0,5.0
2023-02-05 21:00:00,4234.22,11.7,82.0,10.6,0.0,5.0,11.7,82.0,5.0
2023-02-05 22:00:00,3793.19,11.7,82.0,10.6,0.0,5.0,11.7,82.0,5.0
2023-02-05 23:00:00,3319.79,11.7,82.0,10.6,0.0,5.0,11.7,82.0,5.0
2023-02-06 00:00:00,3072.94,11.7,82.0,10.6,0.0,5.0,11.7,82.0,5.0
2023-02-06 01:00:00,3340.82,11.7,82.0,10.6,0.0,5.0,11.7,82.0,5.0
2023-02-06 02:00:00,3337.37,11.7,82.0,10.6,0.0,5.0,11.7,82.0,5.0
2023-02-06 03:00:00,3244.44,11.7,82.0,10.6,0.0,5.0,11.7,82.0,5.0
2023-02-06 04:00:00,3317.7,11.7,82.0,10.6,0.0,5.0,11.7,82.0,5.0
2023-02-06 05:00:00,3455.88,11.7,82.0,10.6,0.0,5.0,11.7,82.0,5.0
2023-02-06 06:00:00,3751.68,11.7,82.0,10.6,0.0,5.0,11.7,82.0,5.0
2023-02-06 07:00:00,3921.32,11.7,82.0,10.6,0.0,5.0,11.7,82.0,5.0
2023-02-06 08:00:00,4167.59,11.7,82.0,10.6,0.0,5.0,11.7,82.0,5.0
2023-02-06 09:00:00,4434.08,11.7,82.0,10.6,0.0,5.0,11.7,82.0,5.0
2023-02-06 10:00:00,4603.08,11.7,82.0,10.6,0.0,5.0,11.7,82.0,5.0
2023-02-06 11:00:00,4666.179999999999,11.7,82.0,10.6,0.0,5.0,11.7,82.0,5.0
2023-02-06 12:00:00,4738.49,11.7,82.0,10.6,0.0,5.0,11.7,82.0,5.0
2023-02-06 13:00:00,4733.18,11.7,82.0,10.6,0.0,5.0,11.7,82.0,5.0
2023-02-06 14:00:00,4791.42,11.7,82.0,10.6,0.0,5.0,11.7,82.0,5.0
2023-02-06 15:00:00,4551.83,11.7,82.0,10.6,0.0,5.0,11.7,82.0,5.0
2023-02-06 16:00:00,4365.85,11.7,82.0,10.6,0.0,5.0,11.7,82.0,5.0
2023-02-06 17:00:00,4708.7699999999995,11.7,82.0,10.6,0.0,5.0,11.7,82.0,5.0
2023-02-06 18:00:00,5105.06,11.7,82.0,10.6,0.0,5.0,11.7,82.0,5.0
2023-02-06 19:00:00,5206.72,11.7,82.0,10.6,0.0,5.0,11.7,82.0,5.0
2023-02-06 20:00:00,5200.28,11.7,82.0,10.6,0.0,5.0,11.7,82.0,5.0
2023-02-06 21:00:00,4688.14,11.7,82.0,10.6,0.0,5.0,11.7,82.0,5.0
2023-02-06 22:00:00,4165.13,11.7,82.0,10.6,0.0,5.0,11.7,82.0,5.0
2023-02-06 23:00:00,3742.9900000000002,11.7,82.0,10.6,0.0,5.0,11.7,82.0,5.0
2023-02-07 00:00:00,3240.82,11.7,82.0,10.6,0.0,5.0,11.7,82.0,5.0
2023-02-07 01:00:00,3386.2799999999997,11.7,82.0,10.6,0.0,5.0,11.7,82.0,5.0
2023-02-07 02:00:00,3338.63,11.7,82.0,10.6,0.0,5.0,11.7,82.0,5.0
2023-02-07 03:00:00,3329.3,11.7,82.0,10.6,0.0,5.0,11.7,82.0,5.0
2023-02-07 04:00:00,3406.21,11.7,82.0,10.6,0.0,5.0,11.7,82.0,5.0
2023-02-07 05:00:00,3378.01,11.7,82.0,10.6,0.0,5.0,11.7,82.0,5.0
2023-02-07 06:00:00,3757.91,11.7,82.0,10.6,0.0,5.0,11.7,82.0,5.0
2023-02-07 07:00:00,3992.1,11.7,82.0,10.6,0.0,5.0,11.7,82.0,5.0
2023-02-07 08:00:00,4207.38,11.7,82.0,10.6,0.0,5.0,11.7,82.0,5.0
2023-02-07 09:00:00,4433.18,11.7,82.0,10.6,0.0,5.0,11.7,82.0,5.0
2023-02-07 10:00:00,4352.4800000000005,11.7,82.0,10.6,0.0,5.0,11.7,82.0,5.0
2023-02-07 11:00:00,4652.15,11.7,82.0,10.6,0.0,5.0,11.7,82.0,5.0
2023-02-07 12:00:00,4700.87,11.7,82.0,10.6,0.0,5.0,11.7,82.0,5.0
2023-02-07 13:00:00,4654.99,11.7,82.0,10.6,0.0,5.0,11.7,82.0,5.0
2023-02-07 14:00:00,4705.29,11.7,82.0,10.6,0.0,5.0,11.7,82.0,5.0
2023-02-07 15:00:00,4561.0199999999995,11.7,82.0,10.6,0.0,5.0,11.7,82.0,5.0
2023-02-07 16:00:00,4545.17,11.7,82.0,10.6,0.0,5.0,11.7,82.0,5.0
2023-02-07 17:00:00,4617.62,11.7,82.0,10.6,0.0,5.0,11.7,82.0,5.0
2023-02-07 18:00:00,4972.139999999999,11.7,82.0,10.6,0.0,5.0,11.7,82.0,5.0
2023-02-07 19:00:00,5175.06,11.7,82.0,10.6,0.0,5.0,11.7,82.0,5.0
2023-02-07 20:00:00,5119.89,11.7,82.0,10.6,0.0,5.0,11.7,82.0,5.0
2023-02-07 21:00:00,4719.43,11.7,82.0,10.6,0.0,5.0,11.7,82.0,5.0
2023-02-07 22:00:00,4134.96,11.7,82.0,10.6,0.0,5.0,11.7,82.0,5.0
2023-02-07 23:00:00,3847.77,11.7,82.0,10.6,0.0,5.0,11.7,82.0,5.0
2023-02-08 00:00:00,3161.74,11.7,82.0,10.6,0.0,5.0,11.7,82.0,5.0
2023-02-08 01:00:00,3343.93,11.7,82.0,10.6,0.0,5.0,11.7,82.0,5.0
2023-02-08 02:00:00,3422.21,11.7,82.0,10.6,0.0,5.0,11.7,82.0,5.0
2023-02-08 03:00:00,3341.08,11.7,82.0,10.6,0.0,5.0,11.7,82.0,5.0
2023-02-08 04:00:00,3279.6099999999997,11.7,82.0,10.6,0.0,5.0,11.7,82.0,5.0
2023-02-08 05:00:00,3257.62,11.7,82.0,10.6,0.0,5.0,11.7,82.0,5.0
2023-02-08 06:00:00,3649.07,11.7,82.0,10.6,0.0,5.0,11.7,82.0,5.0
2023-02-08 07:00:00,3905.64,11.7,82.0,10.6,0.0,5.0,11.7,82.0,5.0
2023-02-08 08:00:00,4226.28,11.7,82.0,10.6,0.0,5.0,11.7,82.0,5.0
2023-02-08 09:00:00,4486.83,11.7,82.0,10.6,0.0,5.0,11.7,82.0,5.0
2023-02-08 10:00:00,4395.75,11.7,82.0,10.6,0.0,5.0,11.7,82.0,5.0
2023-02-08 11:00:00,4623.01,11.7,82.0,10.6,0.0,5.0,11.7,82.0,5.0
2023-02-08 12:00:00,4757.35,11.7,82.0,10.6,0.0,5.0,11.7,82.0,5.0
2023-02-08 13:00:00,4795.89,11.7,82.0,10.6,0.0,5.0,11.7,82.0,5.0
2023-02-08 14:00:00,4765.41,11.7,82.0,10.6,0.0,5.0,11.7,82.0,5.0
2023-02-08 15:00:00,4611.98,11.7,82.0,10.6,0.0,5.0,11.7,82.0,5.0
2023-02-08 16:00:00,4442.33,11.7,82.0,10.6,0.0,5.0,11.7,82.0,5.0
2023-02-08 17:00:00,4830.39,11.7,82.0,10.6,0.0,5.0,11.7,82.0,5.0
2023-02-08 18:00:00,5056.74,11.7,82.0,10.6,0.0,5.0,11.7,82.0,5.0
2023-02-08 19:00:00,5088.26,11.7,82.0,10.6,0.0,5.0,11.7,82.0,5.0
2023-02-08 20:00:00,5093.68,11.7,82.0,10.6,0.0,5.0,11.7,82.0,5.0
2023-02-08 21:00:00,4822.91,11.7,82.0,10.6,0.0,5.0,11.7,82.0,5.0
2023-02-08 22:00:00,4099.33,11.7,82.0,10.6,0.0,5.0,11.7,82.0,5.0
2023-02-08 23:00:00,3828.82,11.7,82.0,10.6,0.0,5.0,11.7,82.0,5.0
2023-02-09 00:00:00,3182.89,11.7,82.0,10.6,0.0,5.0,11.7,82.0,5.0
2023-02-09 01:00:00,3240.72,11.7,82.0,10.6,0.0,5.0,11.7,82.0,5.0
2023-02-09 02:00:00,3398.15,11.7,82.0,10.6,0.0,5.0,11.7,82.0,5.0
2023-02-09 03:00:00,3388.17,11.7,82.0,10.6,0.0,5.0,11.7,82.0,5.0
2023-02-09 04:00:00,3318.43,11.7,82.0,10.6,0.0,5.0,11.7,82.0,5.0
2023-02-09 05:00:00,3220.79,11.7,82.0,10.6,0.0,5.0,11.7,82.0,5.0
2023-02-09 06:00:00,3674.19,11.7,82.0,10.6,0.0,5.0,11.7,82.0,5.0
2023-02-09 07:00:00,3930.7,11.7,82.0,10.6,0.0,5.0,11.7,82.0,5.0
2023-02-09 08:00:00,4257.82,11.7,82.0,10.6,0.0,5.0,11.7,82.0,5.0
2023-02-09 09:00:00,4397.49,11.7,82.0,10.6,0.0,5.0,11.7,82.0,5.0
2023-02-09 10:00:00,4369.0,11.7,82.0,10.6,0.0,5.0,11.7,82.0,5.0
2023-02-09 11:00:00,4556.16,11.7,82.0,10.6,0.0,5.0,11.7,82.0,5.0
2023-02-09 12:00:00,4772.38,11.7,82.0,10.6,0.0,5.0,11.7,82.0,5.0
2023-02-09 13:00:00,4783.57,11.7,82.0,10.6,0.0,5.0,11.7,82.0,5.0
2023-02-09 14:00:00,4695.4,11.7,82.0,10.6,0.0,5.0,11.7,82.0,5.0
2023-02-09 15:00:00,4634.13,11.7,82.0,10.6,0.0,5.0,11.7,82.0,5.0
2023-02-09 16:00:00,4483.9800000000005,11.7,82.0,10.6,0.0,5.0,11.7,82.0,5.0
2023-02-09 17:00:00,4887.26,11.7,82.0,10.6,0.0,5.0,11.7,82.0,5.0
2023-02-09 18:00:00,4991.49,11.7,82.0,10.6,0.0,5.0,11.7,82.0,5.0
2023-02-09 19:00:00,4954.139999999999,11.7,82.0,10.6,0.0,5.0,11.7,82.0,5.0
2023-02-09 20:00:00,5076.46,11.7,82.0,10.6,0.0,5.0,11.7,82.0,5.0
2023-02-09 21:00:00,4764.85,11.7,82.0,10.6,0.0,5.0,11.7,82.0,5.0
2023-02-09 22:00:00,4098.96,11.7,82.0,10.6,0.0,5.0,11.7,82.0,5.0
2023-02-09 23:00:00,3624.97,11.7,82.0,10.6,0.0,5.0,11.7,82.0,5.0
2023-02-10 00:00:00,3346.7400000000002,11.7,82.0,10.6,0.0,5.0,11.7,82.0,5.0
2023-02-10 01:00:00,3277.18,11.7,82.0,10.6,0.0,5.0,11.7,82.0,5.0
2023-02-10 02:00:00,3409.6000000000004,11.7,82.0,10.6,0.0,5.0,11.7,82.0,5.0
2023-02-10 03:00:00,3418.77,11.7,82.0,10.6,0.0,5.0,11.7,82.0,5.0
2023-02-10 04:00:00,3376.2799999999997,11.7,82.0,10.6,0.0,5.0,11.7,82.0,5.0
2023-02-10 05:00:00,3468.38,11.7,82.0,10.6,0.0,5.0,11.7,82.0,5.0
2023-02-10 06:00:00,3788.0699999999997,11.7,82.0,10.6,0.0,5.0,11.7,82.0,5.0
2023-02-10 07:00:00,3956.09,11.7,82.0,10.6,0.0,5.0,11.7,82.0,5.0
2023-02-10 08:00:00,4179.34,11.7,82.0,10.6,0.0,5.0,11.7,82.0,5.0
2023-02-10 09:00:00,4508.62,11.7,82.0,10.6,0.0,5.0,11.7,82.0,5.0
2023-02-10 10:00:00,4374.9800000000005,11.7,82.0,10.6,0.0,5.0,11.7,82.0,5.0
2023-02-10 11:00:00,4673.05,11.7,82.0,10.6,0.0,5.0,11.7,82.0,5.0
2023-02-10 12:00:00,4669.33,11.7,82.0,10.6,0.0,5.0,11.7,82.0,5.0
2023-02-10 13:00:00,4705.23,11.7,82.0,10.6,0.0,5.0,11.7,82.0,5.0
2023-02-10 14:00:00,4859.34,11.7,82.0,10.6,0.0,5.0,11.7,82.0,5.0
2023-02-10 15:00:00,4653.13,11.7,82.0,10.6,0.0,5.0,11.7,82.0,5.0
2023-02-10 16:00:00,4576.23,11.7,82.0,10.6,0.0,5.0,11.7,82.0,5.0
2023-02-10 17:00:00,4646.31,11.7,82.0,10.6,0.0,5.0,11.7,82.0,5.0
2023-02-10 18:00:00,5115.66,11.7,82.0,10.6,0.0,5.0,11.7,82.0,5.0
2023-02-10 19:00:00,5061.72,11.7,82.0,10.6,0.0,5.0,11.7,82.0,5.0
2023-02-10 20:00:00,5121.31,11.7,82.0,10.6,0.0,5.0,11.7,82.0,5.0
2023-02-10 21:00:00,4840.33,11.7,82.0,10.6,0.0,5.0,11.7,82.0,5.0
2023-02-10 22:00:00,4305.5599999999995,11.7,82.0,10.6,0.0,5.0,11.7,82.0,5.0
2023-02-10 23:00:00,3779.42,11.7,82.0,10.6,0.0,5.0,11.7,82.0,5.0
2023-02-11 00:00:00,3156.26,11.7,82.0,10.6,0.0,5.0,11.7,82.0,5.0
2023-02-11 01:00:00,3271.62,11.7,82.0,10.6,0.0,5.0,11.7,82.0,5.0
2023-02-11 02:00:00,3243.37,11.7,82.0,10.6,0.0,5.0,11.7,82.0,5.0
2023-02-11 03:00:00,3407.5,11.7,82.0,10.6,0.0,5.0,11.7,82.0,5.0
2023-02-11 04:00:00,3253.1,11.7,82.0,10.6,0.0,5.0,11.7,82.0,5.0
2023-02-11 05:00:00,3114.88,11.7,82.0,10.6,0.0,5.0,11.7,82.0,5.0
2023-02-11 06:00:00,3297.54,11.7,82.0,10.6,0.0,5.0,11.7,82.0,5.0
2023-02-11 07:00:00,3843.46,11.7,82.0,10.6,0.0,5.0,11.7,82.0,5.0
2023-02-11 08:00:00,3875.88,11.7,82.0,10.6,0.0,5.0,11.7,82.0,5.0
2023-02-11 09:00:00,4168.78,11.7,82.0,10.6,0.0,5.0,11.7,82.0,5.0
2023-02-11 10:00:00,4435.92,11.7,82.0,10.6,0.0,5.0,11.7,82.0,5.0
2023-02-11 11:00:00,4453.4,11.7,82.0,10.6,0.0,5.0,11.7,82.0,5.0
2023-02-11 12:00:00,4447.63,11.7,82.0,10.6,0.0,5.0,11.7,82.0,5.0
2023-02-11 13:00:00,4497.85,11.7,82.0,10.6,0.0,5.0,11.7,82.0,5.0
2023-02-11 14:00:00,4490.88,11.7,82.0,10.6,0.0,5.0,11.7,82.0,5.0
2023-02-11 15:00:00,4317.42,11.7,82.0,10.6,0.0,5.0,11.7,82.0,5.0
2023-02-11 16:00:00,4264.59,11.7,82.0,10.6,0.0,5.0,11.7,82.0,5.0
2023-02-11 17:00:00,4433.79,11.7,82.0,10.6,0.0,5.0,11.7,82.0,5.0
2023-02-11 18:00:00,4826.179999999999,11.7,82.0,10.6,0.0,5.0,11.7,82.0,5.0
2023-02-11 19:00:00,4969.09,11.7,82.0,10.6,0.0,5.0,11.7,82.0,5.0
2023-02-11 20:00:00,4681.92,11.7,82.0,10.6,0.0,5.0,11.7,82.0,5.0
2023-02-11 21:00:00,4604.77,11.7,82.0,10.6,0.0,5.0,11.7,82.0,5.0
2023-02-11 22:00:00,3954.46,11.7,82.0,10.6,0.0,5.0,11.7,82.0,5.0
2023-02-11 23:00:00,3486.07,11.7,82.0,10.6,0.0,5.0,11.7,82.0,5.0
2023-02-12 00:00:00,2992.51,11.7,82.0,10.6,0.0,5.0,11.7,82.0,5.0
2023-02-12 01:00:00,2998.85,11.7,82.0,10.6,0.0,5.0,11.7,82.0,5.0
2023-02-12 02:00:00,3030.0,11.7,82.0,10.6,0.0,5.0,11.7,82.0,5.0
2023-02-12 03:00:00,3062.84,11.7,82.0,10.6,0.0,5.0,11.7,82.0,5.0
2023-02-12 04:00:00,3086.0699999999997,11.7,82.0,10.6,0.0,5.0,11.7,82.0,5.0
2023-02-12 05:00:00,3147.57,11.7,82.0,10.6,0.0,5.0,11.7,82.0,5.0
2023-02-12 06:00:00,3251.26,11.7,82.0,10.6,0.0,5.0,11.7,82.0,5.0
2023-02-12 07:00:00,3560.93,11.7,82.0,10.6,0.0,5.0,11.7,82.0,5.0
2023-02-12 08:00:00,3856.31,11.7,82.0,10.6,0.0,5.0,11.7,82.0,5.0
2023-02-12 09:00:00,4061.27,11.7,82.0,10.6,0.0,5.0,11.7,82.0,5.0
2023-02-12 10:00:00,4108.55,11.7,82.0,10.6,0.0,5.0,11.7,82.0,5.0
2023-02-12 11:00:00,4173.05,11.7,82.0,10.6,0.0,5.0,11.7,82.0,5.0
2023-02-12 12:00:00,4414.21,11.7,82.0,10.6,0.0,5.0,11.7,82.0,5.0
2023-02-12 13:00:00,4382.99,11.7,82.0,10.6,0.0,5.0,11.7,82.0,5.0
2023-02-12 14:00:00,4273.59,11.7,82.0,10.6,0.0,5.0,11.7,82.0,5.0
2023-02-12 15:00:00,4239.5,11.7,82.0,10.6,0.0,5.0,11.7,82.0,5.0
2023-02-12 16:00:00,4072.4,11.7,82.0,10.6,0.0,5.0,11.7,82.0,5.0
2023-02-12 17:00:00,4277.38,11.7,82.0,10.6,0.0,5.0,11.7,82.0,5.0
2023-02-12 18:00:00,4412.86,11.7,82.0,10.6,0.0,5.0,11.7,82.0,5.0
2023-02-12 19:00:00,4652.24,11.7,82.0,10.6,0.0,5.0,11.7,82.0,5.0
2023-02-12 20:00:00,4544.37,11.7,82.0,10.6,0.0,5.0,11.7,82.0,5.0
2023-02-12 21:00:00,4366.05,11.7,82.0,10.6,0.0,5.0,11.7,82.0,5.0
2023-02-12 22:00:00,3703.93,11.7,82.0,10.6,0.0,5.0,11.7,82.0,5.0
2023-02-12 23:00:00,3451.55,11.7,82.0,10.6,0.0,5.0,11.7,82.0,5.0
2023-02-13 00:00:00,3040.95,11.7,82.0,10.6,0.0,5.0,11.7,82.0,5.0
2023-02-13 01:00:00,3207.15,11.7,82.0,10.6,0.0,5.0,11.7,82.0,5.0
2023-02-13 02:00:00,3326.69,11.7,82.0,10.6,0.0,5.0,11.7,82.0,5.0
2023-02-13 03:00:00,3368.93,11.7,82.0,10.6,0.0,5.0,11.7,82.0,5.0
2023-02-13 04:00:00,3350.4,11.7,82.0,10.6,0.0,5.0,11.7,82.0,5.0
2023-02-13 05:00:00,3394.29,11.7,82.0,10.6,0.0,5.0,11.7,82.0,5.0
2023-02-13 06:00:00,3624.64,11.7,82.0,10.6,0.0,5.0,11.7,82.0,5.0
2023-02-13 07:00:00,3841.36,11.7,82.0,10.6,0.0,5.0,11.7,82.0,5.0
2023-02-13 08:00:00,4305.38,11.7,82.0,10.6,0.0,5.0,11.7,82.0,5.0
2023-02-13 09:00:00,4398.62,11.7,82.0,10.6,0.0,5.0,11.7,82.0,5.0
2023-02-13 10:00:00,4499.41,11.7,82.0,10.6,0.0,5.0,11.7,82.0,5.0
2023-02-13 11:00:00,4462.82,11.7,82.0,10.6,0.0,5.0,11.7,82.0,5.0
2023-02-13 12:00:00,4688.639999999999,11.7,82.0,10.6,0.0,5.0,11.7,82.0,5.0
2023-02-13 13:00:00,4770.08,11.7,82.0,10.6,0.0,5.0,11.7,82.0,5.0
2023-02-13 14:00:00,4792.56,11.7,82.0,10.6,0.0,5.0,11.7,82.0,5.0
2023-02-13 15:00:00,4595.53,11.7,82.0,10.6,0.0,5.0,11.7,82.0,5.0
2023-02-13 16:00:00,4432.42,11.7,82.0,10.6,0.0,5.0,11.7,82.0,5.0
2023-02-13 17:00:00,4596.78,11.7,82.0,10.6,0.0,5.0,11.7,82.0,5.0
2023-02-13 18:00:00,5127.67,11.7,82.0,10.6,0.0,5.0,11.7,82.0,5.0
2023-02-13 19:00:00,4993.7300000000005,11.7,82.0,10.6,0.0,5.0,11.7,82.0,5.0
2023-02-13 20:00:00,5054.92,11.7,82.0,10.6,0.0,5.0,11.7,82.0,5.0
2023-02-13 21:00:00,4636.82,11.7,82.0,10.6,0.0,5.0,11.7,82.0,5.0
2023-02-13 22:00:00,4165.13,11.7,82.0,10.6,0.0,5.0,11.7,82.0,5.0
2023-02-13 23:00:00,3761.97,11.7,82.0,10.6,0.0,5.0,11.7,82.0,5.0
2023-02-14 00:00:00,3140.03,11.7,82.0,10.6,0.0,5.0,11.7,82.0,5.0
2023-02-14 01:00:00,3288.84,11.7,82.0,10.6,0.0,5.0,11.7,82.0,5.0
2023-02-14 02:00:00,3401.59,11.7,82.0,10.6,0.0,5.0,11.7,82.0,5.0
2023-02-14 03:00:00,3511.3199999999997,11.7,82.0,10.6,0.0,5.0,11.7,82.0,5.0
2023-02-14 04:00:00,3429.4700000000003,11.7,82.0,10.6,0.0,5.0,11.7,82.0,5.0
2023-02-14 05:00:00,3534.24,11.7,82.0,10.6,0.0,5.0,11.7,82.0,5.0
2023-02-14 06:00:00,3578.5299999999997,11.7,82.0,10.6,0.0,5.0,11.7,82.0,5.0
2023-02-14 07:00:00,3896.75,11.7,82.0,10.6,0.0,5.0,11.7,82.0,5.0
2023-02-14 08:00:00,4231.54,11.7,82.0,10.6,0.0,5.0,11.7,82.0,5.0
2023-02-14 09:00:00,4433.09,11.7,82.0,10.6,0.0,5.0,11.7,82.0,5.0
2023-02-14 10:00:00,4494.71,11.7,82.0,10.6,0.0,5.0,11.7,82.0,5.0
2023-02-14 11:00:00,4553.889999999999,11.7,82.0,10.6,0.0,5.0,11.7,82.0,5.0
2023-02-14 12:00:00,4592.2,11.7,82.0,10.6,0.0,5.0,11.7,82.0,5.0
2023-02-14 13:00:00,4627.84,11.7,82.0,10.6,0.0,5.0,11.7,82.0,5.0
2023-02-14 14:00:00,4670.41,11.7,82.0,10.6,0.0,5.0,11.7,82.0,5.0
2023-02-14 15:00:00,4632.66,11.7,82.0,10.6,0.0,5.0,11.7,82.0,5.0
2023-02-14 16:00:00,4474.78,11.7,82.0,10.6,0.0,5.0,11.7,82.0,5.0
2023-02-14 17:00:00,4826.58,11.7,82.0,10.6,0.0,5.0,11.7,82.0,5.0
2023-02-14 18:00:00,5057.63,11.7,82.0,10.6,0.0,5.0,11.7,82.0,5.0
2023-02-14 19:00:00,5157.38,11.7,82.0,10.6,0.0,5.0,11.7,82.0,5.0
2023-02-14 20:00:00,5045.43,11.7,82.0,10.6,0.0,5.0,11.7,82.0,5.0
2023-02-14 21:00:00,4703.1900000000005,11.7,82.0,10.6,0.0,5.0,11.7,82.0,5.0
2023-02-14 22:00:00,4310.01,11.7,82.0,10.6,0.0,5.0,11.7,82.0,5.0
2023-02-14 23:00:00,3543.1,11.7,82.0,10.6,0.0,5.0,11.7,82.0,5.0
2023-02-15 00:00:00,3122.89,11.7,82.0,10.6,0.0,5.0,11.7,82.0,5.0
2023-02-15 01:00:00,3227.22,11.7,82.0,10.6,0.0,5.0,11.7,82.0,5.0
2023-02-15 02:00:00,3236.84,11.7,82.0,10.6,0.0,5.0,11.7,82.0,5.0
2023-02-15 03:00:00,3528.39,11.7,82.0,10.6,0.0,5.0,11.7,82.0,5.0
2023-02-15 04:00:00,3351.33,11.7,82.0,10.6,0.0,5.0,11.7,82.0,5.0
2023-02-15 05:00:00,3261.42,11.7,82.0,10.6,0.0,5.0,11.7,82.0,5.0
2023-02-15 06:00:00,3569.28,11.7,82.0,10.6,0.0,5.0,11.7,82.0,5.0
2023-02-15 07:00:00,4024.9500000000003,11.7,82.0,10.6,0.0,5.0,11.7,82.0,5.0
2023-02-15 08:00:00,4252.99,11.7,82.0,10.6,0.0,5.0,11.7,82.0,5.0
2023-02-15 09:00:00,4294.92,11.7,82.0,10.6,0.0,5.0,11.7,82.0,5.0
2023-02-15 10:00:00,4337.28,11.7,82.0,10.6,0.0,5.0,11.7,82.0,5.0
2023-02-15 11:00:00,4519.78,11.7,82.0,10.6,0.0,5.0,11.7,82.0,5.0
2023-02-15 12:00:00,4651.15,11.7,82.0,10.6,0.0,5.0,11.7,82.0,5.0
2023-02-15 13:00:00,4651.58,11.7,82.0,10.6,0.0,5.0,11.7,82.0,5.0
2023-02-15 14:00:00,4757.11,11.7,82.0,10.6,0.0,5.0,11.7,82.0,5.0
2023-02-15 15:00:00,4532.7699999999995,11.7,82.0,10.6,0.0,5.0,11.7,82.0,5.0
2023-02-15 16:00:00,4390.38,11.7,82.0,10.6,0.0,5.0,11.7,82.0,5.0
2023-02-15 17:00:00,4741.84,11.7,82.0,10.6,0.0,5.0,11.7,82.0,5.0
2023-02-15 18:00:00,4999.81,11.7,82.0,10.6,0.0,5.0,11.7,82.0,5.0
2023-02-15 19:00:00,5043.46,11.7,82.0,10.6,0.0,5.0,11.7,82.0,5.0
2023-02-15 20:00:00,5051.49,11.7,82.0,10.6,0.0,5.0,11.7,82.0,5.0
2023-02-15 21:00:00,4648.53,11.7,82.0,10.6,0.0,5.0,11.7,82.0,5.0
2023-02-15 22:00:00,4119.88,11.7,82.0,10.6,0.0,5.0,11.7,82.0,5.0
2023-02-15 23:00:00,3810.6800000000003,11.7,82.0,10.6,0.0,5.0,11.7,82.0,5.0
2023-02-16 00:00:00,3055.89,11.7,82.0,10.6,0.0,5.0,11.7,82.0,5.0
2023-02-16 01:00:00,3236.44,11.7,82.0,10.6,0.0,5.0,11.7,82.0,5.0
2023-02-16 02:00:00,3338.04,11.7,82.0,10.6,0.0,5.0,11.7,82.0,5.0
2023-02-16 03:00:00,3287.83,11.7,82.0,10.6,0.0,5.0,11.7,82.0,5.0
2023-02-16 04:00:00,3211.65,11.7,82.0,10.6,0.0,5.0,11.7,82.0,5.0
2023-02-16 05:00:00,3396.96,11.7,82.0,10.6,0.0,5.0,11.7,82.0,5.0
2023-02-16 06:00:00,3756.7200000000003,11.7,82.0,10.6,0.0,5.0,11.7,82.0,5.0
2023-02-16 07:00:00,3864.34,11.7,82.0,10.6,0.0,5.0,11.7,82.0,5.0
2023-02-16 08:00:00,4056.89,11.7,82.0,10.6,0.0,5.0,11.7,82.0,5.0
2023-02-16 09:00:00,4449.4,11.7,82.0,10.6,0.0,5.0,11.7,82.0,5.0
2023-02-16 10:00:00,4422.29,11.7,82.0,10.6,0.0,5.0,11.7,82.0,5.0
2023-02-16 11:00:00,4521.8,11.7,82.0,10.6,0.0,5.0,11.7,82.0,5.0
2023-02-16 12:00:00,4667.24,11.7,82.0,10.6,0.0,5.0,11.7,82.0,5.0
2023-02-16 13:00:00,4608.03,11.7,82.0,10.6,0.0,5.0,11.7,82.0,5.0
2023-02-16 14:00:00,4757.7300000000005,11.7,82.0,10.6,0.0,5.0,11.7,82.0,5.0
2023-02-16 15:00:00,4442.99,11.7,82.0,10.6,0.0,5.0,11.7,82.0,5.0
2023-02-16 16:00:00,4495.47,11.7,82.0,10.6,0.0,5.0,11.7,82.0,5.0
2023-02-16 17:00:00,4804.84,11.7,82.0,10.6,0.0,5.0,11.7,82.0,5.0
2023-02-16 18:00:00,4998.49,11.7,82.0,10.6,0.0,5.0,11.7,82.0,5.0
2023-02-16 19:00:00,5048.02,11.7,82.0,10.6,0.0,5.0,11.7,82.0,5.0
2023-02-16 20:00:00,5026.75,11.7,82.0,10.6,0.0,5.0,11.7,82.0,5.0
2023-02-16 21:00:00,4764.4,11.7,82.0,10.6,0.0,5.0,11.7,82.0,5.0
2023-02-16 22:00:00,4090.52,11.7,82.0,10.6,0.0,5.0,11.7,82.0,5.0
2023-02-16 23:00:00,3736.29,11.7,82.0,10.6,0.0,5.0,11.7,82.0,5.0
2023-02-17 00:00:00,3269.76,11.7,82.0,10.6,0.0,5.0,11.7,82.0,5.0
2023-02-17 01:00:00,3163.4,11.7,82.0,10.6,0.0,5.0,11.7,82.0,5.0
2023-02-17 02:00:00,3400.61,11.7,82.0,10.6,0.0,5.0,11.7,82.0,5.0
2023-02-17 03:00:00,3195.52,11.7,82.0,10.6,0.0,5.0,11.7,82.0,5.0
2023-02-17 04:00:00,3376.96,11.7,82.0,10.6,0.0,5.0,11.7,82.0,5.0
2023-02-17 05:00:00,3284.29,11.7,82.0,10.6,0.0,5.0,11.7,82.0,5.0
2023-02-17 06:00:00,3681.58,11.7,82.0,10.6,0.0,5.0,11.7,82.0,5.0
2023-02-17 07:00:00,3899.75,11.7,82.0,10.6,0.0,5.0,11.7,82.0,5.0
2023-02-17 08:00:00,4090.1,11.7,82.0,10.6,0.0,5.0,11.7,82.0,5.0
2023-02-17 09:00:00,4565.36,11.7,82.0,10.6,0.0,5.0,11.7,82.0,5.0
2023-02-17 10:00:00,4365.57,11.7,82.0,10.6,0.0,5.0,11.7,82.0,5.0
2023-02-17 11:00:00,4610.85,11.7,82.0,10.6,0.0,5.0,11.7,82.0,5.0
2023-02-17 12:00:00,4805.58,11.7,82.0,10.6,0.0,5.0,11.7,82.0,5.0
2023-02-17 13:00:00,4665.72,11.7,82.0,10.6,0.0,5.0,11.7,82.0,5.0
2023-02-17 14:00:00,4652.37,11.7,82.0,10.6,0.0,5.0,11.7,82.0,5.0
2023-02-17 15:00:00,4743.95,11.7,82.0,10.6,0.0,5.0,11.7,82.0,5.0
2023-02-17 16:00:00,4393.55,11.7,82.0,10.6,0.0,5.0,11.7,82.0,5.0
2023-02-17 17:00:00,4705.88,11.7,82.0,10.6,0.0,5.0,11.7,82.0,5.0
2023-02-17 18:00:00,4879.75,11.7,82.0,10.6,0.0,5.0,11.7,82.0,5.0
2023-02-17 19:00:00,5128.22,11.7,82.0,10.6,0.0,5.0,11.7,82.0,5.0
2023-02-17 20:00:00,4964.15,11.7,82.0,10.6,0.0,5.0,11.7,82.0,5.0
2023-02-17 21:00:00,4634.43,11.7,82.0,10.6,0.0,5.0,11.7,82.0,5.0
2023-02-17 22:00:00,4018.82,11.7,82.0,10.6,0.0,5.0,11.7,82.0,5.0
2023-02-17 23:00:00,3683.2,11.7,82.0,10.6,0.0,5.0,11.7,82.0,5.0
2023-02-18 00:00:00,3032.9,11.7,82.0,10.6,0.0,5.0,11.7,82.0,5.0
2023-02-18 01:00:00,3079.48,11.7,82.0,10.6,0.0,5.0,11.7,82.0,5.0
2023-02-18 02:00:00,3147.0499999999997,11.7,82.0,10.6,0.0,5.0,11.7,82.0,5.0
2023-02-18 03:00:00,3153.56,11.7,82.0,10.6,0.0,5.0,11.7,82.0,5.0
2023-02-18 04:00:00,3086.25,11.7,82.0,10.6,0.0,5.0,11.7,82.0,5.0
2023-02-18 05:00:00,3250.93,11.7,82.0,10.6,0.0,5.0,11.7,82.0,5.0
2023-02-18 06:00:00,3673.85,11.7,82.0,10.6,0.0,5.0,11.7,82.0,5.0
2023-02-18 07:00:00,3708.49,11.7,82.0,10.6,0.0,5.0,11.7,82.0,5.0
2023-02-18 08:00:00,3866.56,11.7,82.0,10.6,0.0,5.0,11.7,82.0,5.0
2023-02-18 09:00:00,4407.48,11.7,82.0,10.6,0.0,5.0,11.7,82.0,5.0
2023-02-18 10:00:00,4159.06,11.7,82.0,10.6,0.0,5.0,11.7,82.0,5.0
2023-02-18 11:00:00,4493.95,11.7,82.0,10.6,0.0,5.0,11.7,82.0,5.0
2023-02-18 12:00:00,4371.27,11.7,82.0,10.6,0.0,5.0,11.7,82.0,5.0
2023-02-18 13:00:00,4506.08,11.7,82.0,10.6,0.0,5.0,11.7,82.0,5.0
2023-02-18 14:00:00,4414.54,11.7,82.0,10.6,0.0,5.0,11.7,82.0,5.0
2023-02-18 15:00:00,4273.65,11.7,82.0,10.6,0.0,5.0,11.7,82.0,5.0
2023-02-18 16:00:00,4170.49,11.7,82.0,10.6,0.0,5.0,11.7,82.0,5.0
2023-02-18 17:00:00,4537.86,11.7,82.0,10.6,0.0,5.0,11.7,82.0,5.0
2023-02-18 18:00:00,4831.38,11.7,82.0,10.6,0.0,5.0,11.7,82.0,5.0
2023-02-18 19:00:00,5012.3,11.7,82.0,10.6,0.0,5.0,11.7,82.0,5.0
2023-02-18 20:00:00,4749.12,11.7,82.0,10.6,0.0,5.0,11.7,82.0,5.0
2023-02-18 21:00:00,4597.7,11.7,82.0,10.6,0.0,5.0,11.7,82.0,5.0
2023-02-18 22:00:00,3927.0499999999997,11.7,82.0,10.6,0.0,5.0,11.7,82.0,5.0
2023-02-18 23:00:00,3661.66,11.7,82.0,10.6,0.0,5.0,11.7,82.0,5.0
2023-02-19 00:00:00,3054.76,11.7,82.0,10.6,0.0,5.0,11.7,82.0,5.0
2023-02-19 01:00:00,3008.05,11.7,82.0,10.6,0.0,5.0,11.7,82.0,5.0
2023-02-19 02:00:00,3041.0,11.7,82.0,10.6,0.0,5.0,11.7,82.0,5.0
2023-02-19 03:00:00,3107.11,11.7,82.0,10.6,0.0,5.0,11.7,82.0,5.0
2023-02-19 04:00:00,3158.71,11.7,82.0,10.6,0.0,5.0,11.7,82.0,5.0
2023-02-19 05:00:00,2966.96,11.7,82.0,10.6,0.0,5.0,11.7,82.0,5.0
2023-02-19 06:00:00,3355.17,11.7,82.0,10.6,0.0,5.0,11.7,82.0,5.0
2023-02-19 07:00:00,3553.54,11.7,82.0,10.6,0.0,5.0,11.7,82.0,5.0
2023-02-19 08:00:00,3790.77,11.7,82.0,10.6,0.0,5.0,11.7,82.0,5.0
2023-02-19 09:00:00,3955.79,11.7,82.0,10.6,0.0,5.0,11.7,82.0,5.0
2023-02-19 10:00:00,4000.9,11.7,82.0,10.6,0.0,5.0,11.7,82.0,5.0
2023-02-19 11:00:00,4020.2999999999997,11.7,82.0,10.6,0.0,5.0,11.7,82.0,5.0
2023-02-19 12:00:00,4172.8,11.7,82.0,10.6,0.0,5.0,11.7,82.0,5.0
2023-02-19 13:00:00,4327.5599999999995,11.7,82.0,10.6,0.0,5.0,11.7,82.0,5.0
2023-02-19 14:00:00,4144.75,11.7,82.0,10.6,0.0,5.0,11.7,82.0,5.0
2023-02-19 15:00:00,4302.27,11.7,82.0,10.6,0.0,5.0,11.7,82.0,5.0
2023-02-19 16:00:00,4157.88,11.7,82.0,10.6,0.0,5.0,11.7,82.0,5.0
2023-02-19 17:00:00,4272.82,11.7,82.0,10.6,0.0,5.0,11.7,82.0,5.0
2023-02-19 18:00:00,4559.599999999999,11.7,82.0,10.6,0.0,5.0,11.7,82.0,5.0
2023-02-19 19:00:00,4649.5599999999995,11.7,82.0,10.6,0.0,5.0,11.7,82.0,5.0
2023-02-19 20:00:00,4571.92,11.7,82.0,10.6,0.0,5.0,11.7,82.0,5.0
2023-02-19 21:00:00,4264.68,11.7,82.0,10.6,0.0,5.0,11.7,82.0,5.0
2023-02-19 22:00:00,3612.81,11.7,82.0,10.6,0.0,5.0,11.7,82.0,5.0
2023-02-19 23:00:00,3337.44,11.7,82.0,10.6,0.0,5.0,11.7,82.0,5.0
2023-02-20 00:00:00,3182.56,11.7,82.0,10.6,0.0,5.0,11.7,82.0,5.0
2023-02-20 01:00:00,3315.83,11.7,82.0,10.6,0.0,5.0,11.7,82.0,5.0
2023-02-20 02:00:00,3268.25,11.7,82.0,10.6,0.0,5.0,11.7,82.0,5.0
2023-02-20 03:00:00,3353.98,11.7,82.0,10.6,0.0,5.0,11.7,82.0,5.0
2023-02-20 04:00:00,3258.2,11.7,82.0,10.6,0.0,5.0,11.7,82.0,5.0
2023-02-20 05:00:00,3345.6099999999997,11.7,82.0,10.6,0.0,5.0,11.7,82.0,5.0
2023-02-20 06:00:00,3773.88,11.7,82.0,10.6,0.0,5.0,11.7,82.0,5.0
2023-02-20 07:00:00,3859.89,11.7,82.0,10.6,0.0,5.0,11.7,82.0,5.0
2023-02-20 08:00:00,4173.33,11.7,82.0,10.6,0.0,5.0,11.7,82.0,5.0
2023-02-20 09:00:00,4437.06,11.7,82.0,10.6,0.0,5.0,11.7,82.0,5.0
2023-02-20 10:00:00,4462.9400000000005,11.7,82.0,10.6,0.0,5.0,11.7,82.0,5.0
2023-02-20 11:00:00,4580.71,11.7,82.0,10.6,0.0,5.0,11.7,82.0,5.0
2023-02-20 12:00:00,4565.610000000001,11.7,82.0,10.6,0.0,5.0,11.7,82.0,5.0
2023-02-20 13:00:00,4662.55,11.7,82.0,10.6,0.0,5.0,11.7,82.0,5.0
2023-02-20 14:00:00,4578.62,11.7,82.0,10.6,0.0,5.0,11.7,82.0,5.0
2023-02-20 15:00:00,4672.91,11.7,82.0,10.6,0.0,5.0,11.7,82.0,5.0
2023-02-20 16:00:00,4389.16,11.7,82.0,10.6,0.0,5.0,11.7,82.0,5.0
2023-02-20 17:00:00,4629.280000000001,11.7,82.0,10.6,0.0,5.0,11.7,82.0,5.0
2023-02-20 18:00:00,4929.3,11.7,82.0,10.6,0.0,5.0,11.7,82.0,5.0
2023-02-20 19:00:00,5010.7,11.7,82.0,10.6,0.0,5.0,11.7,82.0,5.0
2023-02-20 20:00:00,4839.86,11.7,82.0,10.6,0.0,5.0,11.7,82.0,5.0
2023-02-20 21:00:00,4786.0199999999995,11.7,82.0,10.6,0.0,5.0,11.7,82.0,5.0
2023-02-20 22:00:00,4108.5599999999995,11.7,82.0,10.6,0.0,5.0,11.7,82.0,5.0
2023-02-20 23:00:00,3656.19,11.7,82.0,10.6,0.0,5.0,11.7,82.0,5.0
2023-02-21 00:00:00,3163.3599999999997,11.7,82.0,10.6,0.0,5.0,11.7,82.0,5.0
2023-02-21 01:00:00,3295.81,11.7,82.0,10.6,0.0,5.0,11.7,82.0,5.0
2023-02-21 02:00:00,3306.9,11.7,82.0,10.6,0.0,5.0,11.7,82.0,5.0
2023-02-21 03:00:00,3342.76,11.7,82.0,10.6,0.0,5.0,11.7,82.0,5.0
2023-02-21 04:00:00,3422.3399999999997,11.7,82.0,10.6,0.0,5.0,11.7,82.0,5.0
2023-02-21 05:00:00,3263.64,11.7,82.0,10.6,0.0,5.0,11.7,82.0,5.0
2023-02-21 06:00:00,3613.3599999999997,11.7,82.0,10.6,0.0,5.0,11.7,82.0,5.0
2023-02-21 07:00:00,3898.4100000000003,11.7,82.0,10.6,0.0,5.0,11.7,82.0,5.0
2023-02-21 08:00:00,4101.67,11.7,82.0,10.6,0.0,5.0,11.7,82.0,5.0
2023-02-21 09:00:00,4346.42,11.7,82.0,10.6,0.0,5.0,11.7,82.0,5.0
2023-02-21 10:00:00,4544.6,11.7,82.0,10.6,0.0,5.0,11.7,82.0,5.0
2023-02-21 11:00:00,4565.07,11.7,82.0,10.6,0.0,5.0,11.7,82.0,5.0
2023-02-21 12:00:00,4611.86,11.7,82.0,10.6,0.0,5.0,11.7,82.0,5.0
2023-02-21 13:00:00,4729.24,11.7,82.0,10.6,0.0,5.0,11.7,82.0,5.0
2023-02-21 14:00:00,4708.31,11.7,82.0,10.6,0.0,5.0,11.7,82.0,5.0
2023-02-21 15:00:00,4475.23,11.7,82.0,10.6,0.0,5.0,11.7,82.0,5.0
2023-02-21 16:00:00,4348.2699999999995,11.7,82.0,10.6,0.0,5.0,11.7,82.0,5.0
2023-02-21 17:00:00,4701.24,11.7,82.0,10.6,0.0,5.0,11.7,82.0,5.0
2023-02-21 18:00:00,5020.18,11.7,82.0,10.6,0.0,5.0,11.7,82.0,5.0
2023-02-21 19:00:00,5042.64,11.7,82.0,10.6,0.0,5.0,11.7,82.0,5.0
2023-02-21 20:00:00,5008.94,11.7,82.0,10.6,0.0,5.0,11.7,82.0,5.0
2023-02-21 21:00:00,4730.37,11.7,82.0,10.6,0.0,5.0,11.7,82.0,5.0
2023-02-21 22:00:00,3971.89,11.7,82.0,10.6,0.0,5.0,11.7,82.0,5.0
2023-02-21 23:00:00,3702.0,11.7,82.0,10.6,0.0,5.0,11.7,82.0,5.0
2023-02-22 00:00:00,3029.77,11.7,82.0,10.6,0.0,5.0,11.7,82.0,5.0
2023-02-22 01:00:00,3143.54,11.7,82.0,10.6,0.0,5.0,11.7,82.0,5.0
2023-02-22 02:00:00,3346.4300000000003,11.7,82.0,10.6,0.0,5.0,11.7,82.0,5.0
2023-02-22 03:00:00,3181.1800000000003,11.7,82.0,10.6,0.0,5.0,11.7,82.0,5.0
2023-02-22 04:00:00,3372.04,11.7,82.0,10.6,0.0,5.0,11.7,82.0,5.0
2023-02-22 05:00:00,3347.2599999999998,11.7,82.0,10.6,0.0,5.0,11.7,82.0,5.0
2023-02-22 06:00:00,3638.43,11.7,82.0,10.6,0.0,5.0,11.7,82.0,5.0
2023-02-22 07:00:00,3865.5099999999998,11.7,82.0,10.6,0.0,5.0,11.7,82.0,5.0
2023-02-22 08:00:00,4344.55,11.7,82.0,10.6,0.0,5.0,11.7,82.0,5.0
2023-02-22 09:00:00,4377.84,11.7,82.0,10.6,0.0,5.0,11.7,82.0,5.0
2023-02-22 10:00:00,4503.11,11.7,82.0,10.6,0.0,5.0,11.7,82.0,5.0
2023-02-22 11:00:00,4633.93,11.7,82.0,10.6,0.0,5.0,11.7,82.0,5.0
2023-02-22 12:00:00,4637.21,11.7,82.0,10.6,0.0,5.0,11.7,82.0,5.0
2023-02-22 13:00:00,4653.610000000001,11.7,82.0,10.6,0.0,5.0,11.7,82.0,5.0
2023-02-22 14:00:00,4621.95,11.7,82.0,10.6,0.0,5.0,11.7,82.0,5.0
2023-02-22 15:00:00,4670.77,11.7,82.0,10.6,0.0,5.0,11.7,82.0,5.0
2023-02-22 16:00:00,4497.65,11.7,82.0,10.6,0.0,5.0,11.7,82.0,5.0
2023-02-22 17:00:00,4621.25,11.7,82.0,10.6,0.0,5.0,11.7,82.0,5.0
2023-02-22 18:00:00,4944.12,11.7,82.0,10.6,0.0,5.0,11.7,82.0,5.0
2023-02-22 19:00:00,5131.09,11.7,82.0,10.6,0.0,5.0,11.7,82.0,5.0
2023-02-22 20:00:00,5112.72,11.7,82.0,10.6,0.0,5.0,11.7,82.0,5.0
2023-02-22 21:00:00,4623.64,11.7,82.0,10.6,0.0,5.0,11.7,82.0,5.0
2023-02-22 22:00:00,4119.14,11.7,82.0,10.6,0.0,5.0,11.7,82.0,5.0
2023-02-22 23:00:00,3695.47,11.7,82.0,10.6,0.0,5.0,11.7,82.0,5.0
2023-02-23 00:00:00,3132.35,11.7,82.0,10.6,0.0,5.0,11.7,82.0,5.0
2023-02-23 01:00:00,3185.5299999999997,11.7,82.0,10.6,0.0,5.0,11.7,82.0,5.0
2023-02-23 02:00:00,3335.04,11.7,82.0,10.6,0.0,5.0,11.7,82.0,5.0
2023-02-23 03:00:00,3109.27,11.7,82.0,10.6,0.0,5.0,11.7,82.0,5.0
2023-02-23 04:00:00,3241.59,11.7,82.0,10.6,0.0,5.0,11.7,82.0,5.0
2023-02-23 05:00:00,3293.29,11.7,82.0,10.6,0.0,5.0,11.7,82.0,5.0
2023-02-23 06:00:00,3750.87,11.7,82.0,10.6,0.0,5.0,11.7,82.0,5.0
2023-02-23 07:00:00,3837.97,11.7,82.0,10.6,0.0,5.0,11.7,82.0,5.0
2023-02-23 08:00:00,4071.46,11.7,82.0,10.6,0.0,5.0,11.7,82.0,5.0
2023-02-23 09:00:00,4427.1,11.7,82.0,10.6,0.0,5.0,11.7,82.0,5.0
2023-02-23 10:00:00,4373.36,11.7,82.0,10.6,0.0,5.0,11.7,82.0,5.0
2023-02-23 11:00:00,4477.35,11.7,82.0,10.6,0.0,5.0,11.7,82.0,5.0
2023-02-23 12:00:00,4649.32,11.7,82.0,10.6,0.0,5.0,11.7,82.0,5.0
2023-02-23 13:00:00,4656.97,11.7,82.0,10.6,0.0,5.0,11.7,82.0,5.0
2023-02-23 14:00:00,4736.99,11.7,82.0,10.6,0.0,5.0,11.7,82.0,5.0
2023-02-23 15:00:00,4605.18,11.7,82.0,10.6,0.0,5.0,11.7,82.0,5.0
2023-02-23 16:00:00,4409.8,11.7,82.0,10.6,0.0,5.0,11.7,82.0,5.0
2023-02-23 17:00:00,4816.35,11.7,82.0,10.6,0.0,5.0,11.7,82.0,5.0
2023-02-23 18:00:00,4870.73,11.7,82.0,10.6,0.0,5.0,11.7,82.0,5.0
2023-02-23 19:00:00,5112.86,11.7,82.0,10.6,0.0,5.0,11.7,82.0,5.0
2023-02-23 20:00:00,4830.71,11.7,82.0,10.6,0.0,5.0,11.7,82.0,5.0
2023-02-23 21:00:00,4616.88,11.7,82.0,10.6,0.0,5.0,11.7,82.0,5.0
2023-02-23 22:00:00,4171.97,11.7,82.0,10.6,0.0,5.0,11.7,82.0,5.0
2023-02-23 23:00:00,3795.41,11.7,82.0,10.6,0.0,5.0,11.7,82.0,5.0
2023-02-24 00:00:00,3298.31,11.7,82.0,10.6,0.0,5.0,11.7,82.0,5.0
2023-02-24 01:00:00,3241.41,11.7,82.0,10.6,0.0,5.0,11.7,82.0,5.0
2023-02-24 02:00:00,3256.39,11.7,82.0,10.6,0.0,5.0,11.7,82.0,5.0
2023-02-24 03:00:00,3413.91,11.7,82.0,10.6,0.0,5.0,11.7,82.0,5.0
2023-02-24 04:00:00,3351.72,11.7,82.0,10.6,0.0,5.0,11.7,82.0,5.0
2023-02-24 05:00:00,3269.3,11.7,82.0,10.6,0.0,5.0,11.7,82.0,5.0
2023-02-24 06:00:00,3502.4,11.7,82.0,10.6,0.0,5.0,11.7,82.0,5.0
2023-02-24 07:00:00,3982.39,11.7,82.0,10.6,0.0,5.0,11.7,82.0,5.0
2023-02-24 08:00:00,4087.21,11.7,82.0,10.6,0.0,5.0,11.7,82.0,5.0
2023-02-24 09:00:00,4612.38,11.7,82.0,10.6,0.0,5.0,11.7,82.0,5.0
2023-02-24 10:00:00,4298.29,11.7,82.0,10.6,0.0,5.0,11.7,82.0,5.0
2023-02-24 11:00:00,4574.34,11.7,82.0,10.6,0.0,5.0,11.7,82.0,5.0
2023-02-24 12:00:00,4593.0599999999995,11.7,82.0,10.6,0.0,5.0,11.7,82.0,5.0
2023-02-24 13:00:00,4674.97,11.7,82.0,10.6,0.0,5.0,11.7,82.0,5.0
2023-02-24 14:00:00,4523.84,11.7,82.0,10.6,0.0,5.0,11.7,82.0,5.0
2023-02-24 15:00:00,4557.66,11.7,82.0,10.6,0.0,5.0,11.7,82.0,5.0
2023-02-24 16:00:00,4414.68,11.7,82.0,10.6,0.0,5.0,11.7,82.0,5.0
2023-02-24 17:00:00,4678.78,11.7,82.0,10.6,0.0,5.0,11.7,82.0,5.0
2023-02-24 18:00:00,4821.74,11.7,82.0,10.6,0.0,5.0,11.7,82.0,5.0
2023-02-24 19:00:00,5075.71,11.7,82.0,10.6,0.0,5.0,11.7,82.0,5.0
2023-02-24 20:00:00,4916.8099999999995,11.7,82.0,10.6,0.0,5.0,11.7,82.0,5.0
2023-02-24 21:00:00,4761.34,11.7,82.0,10.6,0.0,5.0,11.7,82.0,5.0
2023-02-24 22:00:00,3931.53,11.7,82.0,10.6,0.0,5.0,11.7,82.0,5.0
2023-02-24 23:00:00,3662.22,11.7,82.0,10.6,0.0,5.0,11.7,82.0,5.0
2023-02-25 00:00:00,2949.91,11.7,82.0,10.6,0.0,5.0,11.7,82.0,5.0
2023-02-25 01:00:00,3062.06,11.7,82.0,10.6,0.0,5.0,11.7,82.0,5.0
2023-02-25 02:00:00,3251.69,11.7,82.0,10.6,0.0,5.0,11.7,82.0,5.0
2023-02-25 03:00:00,3300.48,11.7,82.0,10.6,0.0,5.0,11.7,82.0,5.0
2023-02-25 04:00:00,3183.06,11.7,82.0,10.6,0.0,5.0,11.7,82.0,5.0
2023-02-25 05:00:00,3114.7599999999998,11.7,82.0,10.6,0.0,5.0,11.7,82.0,5.0
2023-02-25 06:00:00,3422.7,11.7,82.0,10.6,0.0,5.0,11.7,82.0,5.0
2023-02-25 07:00:00,3881.83,11.7,82.0,10.6,0.0,5.0,11.7,82.0,5.0
2023-02-25 08:00:00,3959.85,11.7,82.0,10.6,0.0,5.0,11.7,82.0,5.0
2023-02-25 09:00:00,4388.87,11.7,82.0,10.6,0.0,5.0,11.7,82.0,5.0
2023-02-25 10:00:00,4154.79,11.7,82.0,10.6,0.0,5.0,11.7,82.0,5.0
2023-02-25 11:00:00,4354.12,11.7,82.0,10.6,0.0,5.0,11.7,82.0,5.0
2023-02-25 12:00:00,4648.73,11.7,82.0,10.6,0.0,5.0,11.7,82.0,5.0
2023-02-25 13:00:00,4583.87,11.7,82.0,10.6,0.0,5.0,11.7,82.0,5.0
2023-02-25 14:00:00,4424.26,11.7,82.0,10.6,0.0,5.0,11.7,82.0,5.0
2023-02-25 15:00:00,4368.35,11.7,82.0,10.6,0.0,5.0,11.7,82.0,5.0
2023-02-25 16:00:00,4310.49,11.7,82.0,10.6,0.0,5.0,11.7,82.0,5.0
2023-02-25 17:00:00,4584.91,11.7,82.0,10.6,0.0,5.0,11.7,82.0,5.0
2023-02-25 18:00:00,4815.42,11.7,82.0,10.6,0.0,5.0,11.7,82.0,5.0
2023-02-25 19:00:00,4926.44,11.7,82.0,10.6,0.0,5.0,11.7,82.0,5.0
2023-02-25 20:00:00,4718.01,11.7,82.0,10.6,0.0,5.0,11.7,82.0,5.0
2023-02-25 21:00:00,4331.66,11.7,82.0,10.6,0.0,5.0,11.7,82.0,5.0
2023-02-25 22:00:00,3945.41,11.7,82.0,10.6,0.0,5.0,11.7,82.0,5.0
2023-02-25 23:00:00,3710.8,11.7,82.0,10.6,0.0,5.0,11.7,82.0,5.0
2023-02-26 00:00:00,3010.79,11.7,82.0,10.6,0.0,5.0,11.7,82.0,5.0
2023-02-26 01:00:00,3081.63,11.7,82.0,10.6,0.0,5.0,11.7,82.0,5.0
2023-02-26 02:00:00,3064.67,11.7,82.0,10.6,0.0,5.0,11.7,82.0,5.0
2023-02-26 03:00:00,3151.21,11.7,82.0,10.6,0.0,5.0,11.7,82.0,5.0
2023-02-26 04:00:00,3146.0,11.7,82.0,10.6,0.0,5.0,11.7,82.0,5.0
2023-02-26 05:00:00,3005.64,11.7,82.0,10.6,0.0,5.0,11.7,82.0,5.0
2023-02-26 06:00:00,3363.15,11.7,82.0,10.6,0.0,5.0,11.7,82.0,5.0
2023-02-26 07:00:00,3566.27,11.7,82.0,10.6,0.0,5.0,11.7,82.0,5.0
2023-02-26 08:00:00,3721.17,11.7,82.0,10.6,0.0,5.0,11.7,82.0,5.0
2023-02-26 09:00:00,3924.77,11.7,82.0,10.6,0.0,5.0,11.7,82.0,5.0
2023-02-26 10:00:00,4137.53,11.7,82.0,10.6,0.0,5.0,11.7,82.0,5.0
2023-02-26 11:00:00,4069.32,11.7,82.0,10.6,0.0,5.0,11.7,82.0,5.0
2023-02-26 12:00:00,4229.34,11.7,82.0,10.6,0.0,5.0,11.7,82.0,5.0
2023-02-26 13:00:00,4304.26,11.7,82.0,10.6,0.0,5.0,11.7,82.0,5.0
2023-02-26 14:00:00,4295.5,11.7,82.0,10.6,0.0,5.0,11.7,82.0,5.0
2023-02-26 15:00:00,4127.6,11.7,82.0,10.6,0.0,5.0,11.7,82.0,5.0
2023-02-26 16:00:00,4040.05,11.7,82.0,10.6,0.0,5.0,11.7,82.0,5.0
2023-02-26 17:00:00,4212.07,11.7,82.0,10.6,0.0,5.0,11.7,82.0,5.0
2023-02-26 18:00:00,4476.22,11.7,82.0,10.6,0.0,5.0,11.7,82.0,5.0
2023-02-26 19:00:00,4635.09,11.7,82.0,10.6,0.0,5.0,11.7,82.0,5.0
2023-02-26 20:00:00,4521.79,11.7,82.0,10.6,0.0,5.0,11.7,82.0,5.0
2023-02-26 21:00:00,4356.97,11.7,82.0,10.6,0.0,5.0,11.7,82.0,5.0
2023-02-26 22:00:00,3669.63,11.7,82.0,10.6,0.0,5.0,11.7,82.0,5.0
2023-02-26 23:00:00,3407.22,11.7,82.0,10.6,0.0,5.0,11.7,82.0,5.0
2023-02-27 00:00:00,3061.83,11.7,82.0,10.6,0.0,5.0,11.7,82.0,5.0
2023-02-27 01:00:00,3136.84,11.7,82.0,10.6,0.0,5.0,11.7,82.0,5.0
2023-02-27 02:00:00,3244.84,11.7,82.0,10.6,0.0,5.0,11.7,82.0,5.0
2023-02-27 03:00:00,3379.63,11.7,82.0,10.6,0.0,5.0,11.7,82.0,5.0
2023-02-27 04:00:00,3337.77,11.7,82.0,10.6,0.0,5.0,11.7,82.0,5.0
2023-02-27 05:00:00,3389.16,11.7,82.0,10.6,0.0,5.0,11.7,82.0,5.0
2023-02-27 06:00:00,3637.96,11.7,82.0,10.6,0.0,5.0,11.7,82.0,5.0
2023-02-27 07:00:00,3846.31,11.7,82.0,10.6,0.0,5.0,11.7,82.0,5.0
2023-02-27 08:00:00,4171.37,11.7,82.0,10.6,0.0,5.0,11.7,82.0,5.0
2023-02-27 09:00:00,4421.25,11.7,82.0,10.6,0.0,5.0,11.7,82.0,5.0
2023-02-27 10:00:00,4464.91,11.7,82.0,10.6,0.0,5.0,11.7,82.0,5.0
2023-02-27 11:00:00,4637.32,11.7,82.0,10.6,0.0,5.0,11.7,82.0,5.0
2023-02-27 12:00:00,4707.57,11.7,82.0,10.6,0.0,5.0,11.7,82.0,5.0
2023-02-27 13:00:00,4657.8,11.7,82.0,10.6,0.0,5.0,11.7,82.0,5.0
2023-02-27 14:00:00,4627.58,11.7,82.0,10.6,0.0,5.0,11.7,82.0,5.0
2023-02-27 15:00:00,4535.73,11.7,82.0,10.6,0.0,5.0,11.7,82.0,5.0
2023-02-27 16:00:00,4299.7,11.7,82.0,10.6,0.0,5.0,11.7,82.0,5.0
2023-02-27 17:00:00,4608.22,11.7,82.0,10.6,0.0,5.0,11.7,82.0,5.0
2023-02-27 18:00:00,5021.39,11.7,82.0,10.6,0.0,5.0,11.7,82.0,5.0
2023-02-27 19:00:00,4958.87,11.7,82.0,10.6,0.0,5.0,11.7,82.0,5.0
2023-02-27 20:00:00,5004.23,11.7,82.0,10.6,0.0,5.0,11.7,82.0,5.0
2023-02-27 21:00:00,4813.63,11.7,82.0,10.6,0.0,5.0,11.7,82.0,5.0
2023-02-27 22:00:00,4123.83,11.7,82.0,10.6,0.0,5.0,11.7,82.0,5.0
2023-02-27 23:00:00,3568.54,11.7,82.0,10.6,0.0,5.0,11.7,82.0,5.0
2023-02-28 00:00:00,3112.2,11.7,82.0,10.6,0.0,5.0,11.7,82.0,5.0
2023-02-28 01:00:00,3387.59,11.7,82.0,10.6,0.0,5.0,11.7,82.0,5.0
2023-02-28 02:00:00,3320.2,11.7,82.0,10.6,0.0,5.0,11.7,82.0,5.0
2023-02-28 03:00:00,3422.18,11.7,82.0,10.6,0.0,5.0,11.7,82.0,5.0
2023-02-28 04:00:00,3186.23,11.7,82.0,10.6,0.0,5.0,11.7,82.0,5.0
2023-02-28 05:00:00,3486.94,11.7,82.0,10.6,0.0,5.0,11.7,82.0,5.0
2023-02-28 06:00:00,3641.81,11.7,82.0,10.6,0.0,5.0,11.7,82.0,5.0
2023-02-28 07:00:00,3911.93,11.7,82.0,10.6,0.0,5.0,11.7,82.0,5.0
2023-02-28 08:00:00,4152.7,11.7,82.0,10.6,0.0,5.0,11.7,82.0,5.0
2023-02-28 09:00:00,4437.17,11.7,82.0,10.6,0.0,5.0,11.7,82.0,5.0
2023-02-28 10:00:00,4362.81,11.7,82.0,10.6,0.0,5.0,11.7,82.0,5.0
2023-02-28 11:00:00,4665.13,11.7,82.0,10.6,0.0,5.0,11.7,82.0,5.0
2023-02-28 12:00:00,4717.7300000000005,11.7,82.0,10.6,0.0,5.0,11.7,82.0,5.0
2023-02-28 13:00:00,4719.44,11.7,82.0,10.6,0.0,5.0,11.7,82.0,5.0
2023-02-28 14:00:00,4725.51,11.7,82.0,10.6,0.0,5.0,11.7,82.0,5.0
2023-02-28 15:00:00,4729.64,11.7,82.0,10.6,0.0,5.0,11.7,82.0,5.0
2023-02-28 16:00:00,4348.92,11.7,82.0,10.6,0.0,5.0,11.7,82.0,5.0
2023-02-28 17:00:00,4681.78,11.7,82.0,10.6,0.0,5.0,11.7,82.0,5.0
2023-02-28 18:00:00,4935.71,11.7,82.0,10.6,0.0,5.0,11.7,82.0,5.0
2023-02-28 19:00:00,5020.54,11.7,82.0,10.6,0.0,5.0,11.7,82.0,5.0
2023-02-28 20:00:00,5034.8,11.7,82.0,10.6,0.0,5.0,11.7,82.0,5.0
2023-02-28 21:00:00,4627.93,11.7,82.0,10.6,0.0,5.0,11.7,82.0,5.0
2023-02-28 22:00:00,4062.95,11.7,82.0,10.6,0.0,5.0,11.7,82.0,5.0
2023-02-28 23:00:00,3780.4,11.7,82.0,10.6,0.0,5.0,11.7,82.0,5.0
2023-03-01 00:00:00,3265.0299999999997,11.7,82.0,10.6,0.0,5.0,11.7,82.0,5.0
2023-03-01 01:00:00,3122.29,11.7,82.0,10.6,0.0,5.0,11.7,82.0,5.0
2023-03-01 02:00:00,3286.24,11.7,82.0,10.6,0.0,5.0,11.7,82.0,5.0
2023-03-01 03:00:00,3381.94,11.7,82.0,10.6,0.0,5.0,11.7,82.0,5.0
2023-03-01 04:00:00,3288.5,11.7,82.0,10.6,0.0,5.0,11.7,82.0,5.0
2023-03-01 05:00:00,3422.44,11.7,82.0,10.6,0.0,5.0,11.7,82.0,5.0
2023-03-01 06:00:00,3680.26,11.7,82.0,10.6,0.0,5.0,11.7,82.0,5.0
2023-03-01 07:00:00,3997.19,11.7,82.0,10.6,0.0,5.0,11.7,82.0,5.0
2023-03-01 08:00:00,4310.2,11.7,82.0,10.6,0.0,5.0,11.7,82.0,5.0
2023-03-01 09:00:00,4453.81,11.7,82.0,10.6,0.0,5.0,11.7,82.0,5.0
2023-03-01 10:00:00,4429.86,11.7,82.0,10.6,0.0,5.0,11.7,82.0,5.0
2023-03-01 11:00:00,4504.6,11.7,82.0,10.6,0.0,5.0,11.7,82.0,5.0
2023-03-01 12:00:00,4532.78,11.7,82.0,10.6,0.0,5.0,11.7,82.0,5.0
2023-03-01 13:00:00,4598.2,11.7,82.0,10.6,0.0,5.0,11.7,82.0,5.0
2023-03-01 14:00:00,4522.91,11.7,82.0,10.6,0.0,5.0,11.7,82.0,5.0
2023-03-01 15:00:00,4551.88,11.7,82.0,10.6,0.0,5.0,11.7,82.0,5.0
2023-03-01 16:00:00,4426.75,11.7,82.0,10.6,0.0,5.0,11.7,82.0,5.0
2023-03-01 17:00:00,4724.61,11.7,82.0,10.6,0.0,5.0,11.7,82.0,5.0
2023-03-01 18:00:00,5038.4400000000005,11.7,82.0,10.6,0.0,5.0,11.7,82.0,5.0
2023-03-01 19:00:00,5232.85,11.7,82.0,10.6,0.0,5.0,11.7,82.0,5.0
2023-03-01 20:00:00,4953.72,11.7,82.0,10.6,0.0,5.0,11.7,82.0,5.0
2023-03-01 21:00:00,4675.29,11.7,82.0,10.6,0.0,5.0,11.7,82.0,5.0
2023-03-01 22:00:00,4120.64,11.7,82.0,10.6,0.0,5.0,11.7,82.0,5.0
2023-03-01 23:00:00,3683.85,11.7,82.0,10.6,0.0,5.0,11.7,82.0,5.0
2023-03-02 00:00:00,3183.18,11.7,82.0,10.6,0.0,5.0,11.7,82.0,5.0
2023-03-02 01:00:00,3253.31,11.7,82.0,10.6,0.0,5.0,11.7,82.0,5.0
2023-03-02 02:00:00,3260.62,11.7,82.0,10.6,0.0,5.0,11.7,82.0,5.0
2023-03-02 03:00:00,3434.0,11.7,82.0,10.6,0.0,5.0,11.7,82.0,5.0
2023-03-02 04:00:00,3337.94,11.7,82.0,10.6,0.0,5.0,11.7,82.0,5.0
2023-03-02 05:00:00,3457.6099999999997,11.7,82.0,10.6,0.0,5.0,11.7,82.0,5.0
2023-03-02 06:00:00,3406.82,11.7,82.0,10.6,0.0,5.0,11.7,82.0,5.0
2023-03-02 07:00:00,4008.13,11.7,82.0,10.6,0.0,5.0,11.7,82.0,5.0
2023-03-02 08:00:00,4111.69,11.7,82.0,10.6,0.0,5.0,11.7,82.0,5.0
2023-03-02 09:00:00,4503.58,11.7,82.0,10.6,0.0,5.0,11.7,82.0,5.0
2023-03-02 10:00:00,4302.66,11.7,82.0,10.6,0.0,5.0,11.7,82.0,5.0
2023-03-02 11:00:00,4515.6900000000005,11.7,82.0,10.6,0.0,5.0,11.7,82.0,5.0
2023-03-02 12:00:00,4782.45,11.7,82.0,10.6,0.0,5.0,11.7,82.0,5.0
2023-03-02 13:00:00,4830.389999999999,11.7,82.0,10.6,0.0,5.0,11.7,82.0,5.0
2023-03-02 14:00:00,4751.7699999999995,11.7,82.0,10.6,0.0,5.0,11.7,82.0,5.0
2023-03-02 15:00:00,4602.09,11.7,82.0,10.6,0.0,5.0,11.7,82.0,5.0
2023-03-02 16:00:00,4511.19,11.7,82.0,10.6,0.0,5.0,11.7,82.0,5.0
2023-03-02 17:00:00,4560.2699999999995,11.7,82.0,10.6,0.0,5.0,11.7,82.0,5.0
2023-03-02 18:00:00,4939.99,11.7,82.0,10.6,0.0,5.0,11.7,82.0,5.0
2023-03-02 19:00:00,5157.17,11.7,82.0,10.6,0.0,5.0,11.7,82.0,5.0
2023-03-02 20:00:00,5121.74,11.7,82.0,10.6,0.0,5.0,11.7,82.0,5.0
2023-03-02 21:00:00,4746.18,11.7,82.0,10.6,0.0,5.0,11.7,82.0,5.0
2023-03-02 22:00:00,3989.7,11.7,82.0,10.6,0.0,5.0,11.7,82.0,5.0
2023-03-02 23:00:00,3717.79,11.7,82.0,10.6,0.0,5.0,11.7,82.0,5.0
2023-03-03 00:00:00,3133.52,11.7,82.0,10.6,0.0,5.0,11.7,82.0,5.0
2023-03-03 01:00:00,3196.49,11.7,82.0,10.6,0.0,5.0,11.7,82.0,5.0
2023-03-03 02:00:00,3469.12,11.7,82.0,10.6,0.0,5.0,11.7,82.0,5.0
2023-03-03 03:00:00,3374.96,11.7,82.0,10.6,0.0,5.0,11.7,82.0,5.0
2023-03-03 04:00:00,3403.88,11.7,82.0,10.6,0.0,5.0,11.7,82.0,5.0
2023-03-03 05:00:00,3447.9,11.7,82.0,10.6,0.0,5.0,11.7,82.0,5.0
2023-03-03 06:00:00,3683.5,11.7,82.0,10.6,0.0,5.0,11.7,82.0,5.0
2023-03-03 07:00:00,3879.46,11.7,82.0,10.6,0.0,5.0,11.7,82.0,5.0
2023-03-03 08:00:00,4049.48,11.7,82.0,10.6,0.0,5.0,11.7,82.0,5.0
2023-03-03 09:00:00,4279.2300000000005,11.7,82.0,10.6,0.0,5.0,11.7,82.0,5.0
2023-03-03 10:00:00,4529.12,11.7,82.0,10.6,0.0,5.0,11.7,82.0,5.0
2023-03-03 11:00:00,4652.05,11.7,82.0,10.6,0.0,5.0,11.7,82.0,5.0
2023-03-03 12:00:00,4609.89,11.7,82.0,10.6,0.0,5.0,11.7,82.0,5.0
2023-03-03 13:00:00,4733.75,11.7,82.0,10.6,0.0,5.0,11.7,82.0,5.0
2023-03-03 14:00:00,4653.17,11.7,82.0,10.6,0.0,5.0,11.7,82.0,5.0
2023-03-03 15:00:00,4510.64,11.7,82.0,10.6,0.0,5.0,11.7,82.0,5.0
2023-03-03 16:00:00,4430.33,11.7,82.0,10.6,0.0,5.0,11.7,82.0,5.0
2023-03-03 17:00:00,4720.46,11.7,82.0,10.6,0.0,5.0,11.7,82.0,5.0
2023-03-03 18:00:00,4965.51,11.7,82.0,10.6,0.0,5.0,11.7,82.0,5.0
2023-03-03 19:00:00,5074.35,11.7,82.0,10.6,0.0,5.0,11.7,82.0,5.0
2023-03-03 20:00:00,5061.1900000000005,11.7,82.0,10.6,0.0,5.0,11.7,82.0,5.0
2023-03-03 21:00:00,4752.28,11.7,82.0,10.6,0.0,5.0,11.7,82.0,5.0
2023-03-03 22:00:00,4138.26,11.7,82.0,10.6,0.0,5.0,11.7,82.0,5.0
2023-03-03 23:00:00,3785.9,11.7,82.0,10.6,0.0,5.0,11.7,82.0,5.0
2023-03-04 00:00:00,2961.88,11.7,82.0,10.6,0.0,5.0,11.7,82.0,5.0
2023-03-04 01:00:00,3255.28,11.7,82.0,10.6,0.0,5.0,11.7,82.0,5.0
2023-03-04 02:00:00,3068.48,11.7,82.0,10.6,0.0,5.0,11.7,82.0,5.0
2023-03-04 03:00:00,3107.9,11.7,82.0,10.6,0.0,5.0,11.7,82.0,5.0
2023-03-04 04:00:00,3083.52,11.7,82.0,10.6,0.0,5.0,11.7,82.0,5.0
2023-03-04 05:00:00,3180.73,11.7,82.0,10.6,0.0,5.0,11.7,82.0,5.0
2023-03-04 06:00:00,3625.4,11.7,82.0,10.6,0.0,5.0,11.7,82.0,5.0
2023-03-04 07:00:00,3737.74,11.7,82.0,10.6,0.0,5.0,11.7,82.0,5.0
2023-03-04 08:00:00,3976.66,11.7,82.0,10.6,0.0,5.0,11.7,82.0,5.0
2023-03-04 09:00:00,4075.5,11.7,82.0,10.6,0.0,5.0,11.7,82.0,5.0
2023-03-04 10:00:00,4146.39,11.7,82.0,10.6,0.0,5.0,11.7,82.0,5.0
2023-03-04 11:00:00,4379.73,11.7,82.0,10.6,0.0,5.0,11.7,82.0,5.0
2023-03-04 12:00:00,4526.85,11.7,82.0,10.6,0.0,5.0,11.7,82.0,5.0
2023-03-04 13:00:00,4501.37,11.7,82.0,10.6,0.0,5.0,11.7,82.0,5.0
2023-03-04 14:00:00,4489.099999999999,11.7,82.0,10.6,0.0,5.0,11.7,82.0,5.0
2023-03-04 15:00:00,4383.15,11.7,82.0,10.6,0.0,5.0,11.7,82.0,5.0
2023-03-04 16:00:00,4336.2,11.7,82.0,10.6,0.0,5.0,11.7,82.0,5.0
2023-03-04 17:00:00,4646.83,11.7,82.0,10.6,0.0,5.0,11.7,82.0,5.0
2023-03-04 18:00:00,4707.83,11.7,82.0,10.6,0.0,5.0,11.7,82.0,5.0
2023-03-04 19:00:00,4868.59,11.7,82.0,10.6,0.0,5.0,11.7,82.0,5.0
2023-03-04 20:00:00,4780.47,11.7,82.0,10.6,0.0,5.0,11.7,82.0,5.0
2023-03-04 21:00:00,4583.48,11.7,82.0,10.6,0.0,5.0,11.7,82.0,5.0
2023-03-04 22:00:00,4041.13,11.7,82.0,10.6,0.0,5.0,11.7,82.0,5.0
2023-03-04 23:00:00,3606.89,11.7,82.0,10.6,0.0,5.0,11.7,82.0,5.0
2023-03-05 00:00:00,2976.87,11.7,82.0,10.6,0.0,5.0,11.7,82.0,5.0
2023-03-05 01:00:00,2998.48,11.7,82.0,10.6,0.0,5.0,11.7,82.0,5.0
2023-03-05 02:00:00,2949.58,11.7,82.0,10.6,0.0,5.0,11.7,82.0,5.0
2023-03-05 03:00:00,2963.36,11.7,82.0,10.6,0.0,5.0,11.7,82.0,5.0
2023-03-05 04:00:00,3058.2,11.7,82.0,10.6,0.0,5.0,11.7,82.0,5.0
2023-03-05 05:00:00,2996.48,11.7,82.0,10.6,0.0,5.0,11.7,82.0,5.0
2023-03-05 06:00:00,3345.83,11.7,82.0,10.6,0.0,5.0,11.7,82.0,5.0
2023-03-05 07:00:00,3528.2000000000003,11.7,82.0,10.6,0.0,5.0,11.7,82.0,5.0
2023-03-05 08:00:00,3781.93,11.7,82.0,10.6,0.0,5.0,11.7,82.0,5.0
2023-03-05 09:00:00,4004.9700000000003,11.7,82.0,10.6,0.0,5.0,11.7,82.0,5.0
2023-03-05 10:00:00,3984.7200000000003,11.7,82.0,10.6,0.0,5.0,11.7,82.0,5.0
2023-03-05 11:00:00,4063.85,11.7,82.0,10.6,0.0,5.0,11.7,82.0,5.0
2023-03-05 12:00:00,4337.43,11.7,82.0,10.6,0.0,5.0,11.7,82.0,5.0
2023-03-05 13:00:00,4302.65,11.7,82.0,10.6,0.0,5.0,11.7,82.0,5.0
2023-03-05 14:00:00,4311.72,11.7,82.0,10.6,0.0,5.0,11.7,82.0,5.0
2023-03-05 15:00:00,4267.7,11.7,82.0,10.6,0.0,5.0,11.7,82.0,5.0
2023-03-05 16:00:00,4111.12,11.7,82.0,10.6,0.0,5.0,11.7,82.0,5.0
2023-03-05 17:00:00,4504.89,11.7,82.0,10.6,0.0,5.0,11.7,82.0,5.0
2023-03-05 18:00:00,4428.5199999999995,11.7,82.0,10.6,0.0,5.0,11.7,82.0,5.0
2023-03-05 19:00:00,4653.52,11.7,82.0,10.6,0.0,5.0,11.7,82.0,5.0
2023-03-05 20:00:00,4419.96,11.7,82.0,10.6,0.0,5.0,11.7,82.0,5.0
2023-03-05 21:00:00,4456.35,11.7,82.0,10.6,0.0,5.0,11.7,82.0,5.0
2023-03-05 22:00:00,3636.02,11.7,82.0,10.6,0.0,5.0,11.7,82.0,5.0
2023-03-05 23:00:00,3426.76,11.7,82.0,10.6,0.0,5.0,11.7,82.0,5.0
2023-03-06 00:00:00,3036.44,11.7,82.0,10.6,0.0,5.0,11.7,82.0,5.0
2023-03-06 01:00:00,3212.68,11.7,82.0,10.6,0.0,5.0,11.7,82.0,5.0
2023-03-06 02:00:00,3256.91,11.7,82.0,10.6,0.0,5.0,11.7,82.0,5.0
2023-03-06 03:00:00,3435.41,11.7,82.0,10.6,0.0,5.0,11.7,82.0,5.0
2023-03-06 04:00:00,3273.92,11.7,82.0,10.6,0.0,5.0,11.7,82.0,5.0
2023-03-06 05:00:00,3434.9700000000003,11.7,82.0,10.6,0.0,5.0,11.7,82.0,5.0
2023-03-06 06:00:00,3678.06,11.7,82.0,10.6,0.0,5.0,11.7,82.0,5.0
2023-03-06 07:00:00,3785.27,11.7,82.0,10.6,0.0,5.0,11.7,82.0,5.0
2023-03-06 08:00:00,4277.44,11.7,82.0,10.6,0.0,5.0,11.7,82.0,5.0
2023-03-06 09:00:00,4435.53,11.7,82.0,10.6,0.0,5.0,11.7,82.0,5.0
2023-03-06 10:00:00,4343.18,11.7,82.0,10.6,0.0,5.0,11.7,82.0,5.0
2023-03-06 11:00:00,4603.39,11.7,82.0,10.6,0.0,5.0,11.7,82.0,5.0
2023-03-06 12:00:00,4689.2699999999995,11.7,82.0,10.6,0.0,5.0,11.7,82.0,5.0
2023-03-06 13:00:00,4659.56,11.7,82.0,10.6,0.0,5.0,11.7,82.0,5.0
2023-03-06 14:00:00,4662.33,11.7,82.0,10.6,0.0,5.0,11.7,82.0,5.0
2023-03-06 15:00:00,4534.39,11.7,82.0,10.6,0.0,5.0,11.7,82.0,5.0
2023-03-06 16:00:00,4355.49,11.7,82.0,10.6,0.0,5.0,11.7,82.0,5.0
2023-03-06 17:00:00,4694.46,11.7,82.0,10.6,0.0,5.0,11.7,82.0,5.0
2023-03-06 18:00:00,5179.01,11.7,82.0,10.6,0.0,5.0,11.7,82.0,5.0
2023-03-06 19:00:00,5039.58,11.7,82.0,10.6,0.0,5.0,11.7,82.0,5.0
2023-03-06 20:00:00,4977.3,11.7,82.0,10.6,0.0,5.0,11.7,82.0,5.0
2023-03-06 21:00:00,4681.21,11.7,82.0,10.6,0.0,5.0,11.7,82.0,5.0
2023-03-06 22:00:00,4097.15,11.7,82.0,10.6,0.0,5.0,11.7,82.0,5.0
2023-03-06 23:00:00,3630.0,11.7,82.0,10.6,0.0,5.0,11.7,82.0,5.0
2023-03-07 00:00:00,3083.49,11.7,82.0,10.6,0.0,5.0,11.7,82.0,5.0
2023-03-07 01:00:00,3354.23,11.7,82.0,10.6,0.0,5.0,11.7,82.0,5.0
2023-03-07 02:00:00,3337.93,11.7,82.0,10.6,0.0,5.0,11.7,82.0,5.0
2023-03-07 03:00:00,3559.97,11.7,82.0,10.6,0.0,5.0,11.7,82.0,5.0
2023-03-07 04:00:00,3424.8,11.7,82.0,10.6,0.0,5.0,11.7,82.0,5.0
2023-03-07 05:00:00,3378.12,11.7,82.0,10.6,0.0,5.0,11.7,82.0,5.0
2023-03-07 06:00:00,3814.01,11.7,82.0,10.6,0.0,5.0,11.7,82.0,5.0
2023-03-07 07:00:00,3807.7200000000003,11.7,82.0,10.6,0.0,5.0,11.7,82.0,5.0
2023-03-07 08:00:00,4227.6,11.7,82.0,10.6,0.0,5.0,11.7,82.0,5.0
2023-03-07 09:00:00,4592.75,11.7,82.0,10.6,0.0,5.0,11.7,82.0,5.0
2023-03-07 10:00:00,4396.94,11.7,82.0,10.6,0.0,5.0,11.7,82.0,5.0
2023-03-07 11:00:00,4466.53,11.7,82.0,10.6,0.0,5.0,11.7,82.0,5.0
2023-03-07 12:00:00,4627.86,11.7,82.0,10.6,0.0,5.0,11.7,82.0,5.0
2023-03-07 13:00:00,4751.4,11.7,82.0,10.6,0.0,5.0,11.7,82.0,5.0
2023-03-07 14:00:00,4753.13,11.7,82.0,10.6,0.0,5.0,11.7,82.0,5.0
2023-03-07 15:00:00,4698.04,11.7,82.0,10.6,0.0,5.0,11.7,82.0,5.0
2023-03-07 16:00:00,4449.74,11.7,82.0,10.6,0.0,5.0,11.7,82.0,5.0
2023-03-07 17:00:00,4750.85,11.7,82.0,10.6,0.0,5.0,11.7,82.0,5.0
2023-03-07 18:00:00,4938.84,11.7,82.0,10.6,0.0,5.0,11.7,82.0,5.0
2023-03-07 19:00:00,5089.89,11.7,82.0,10.6,0.0,5.0,11.7,82.0,5.0
2023-03-07 20:00:00,4980.19,11.7,82.0,10.6,0.0,5.0,11.7,82.0,5.0
2023-03-07 21:00:00,4645.9,11.7,82.0,10.6,0.0,5.0,11.7,82.0,5.0
2023-03-07 22:00:00,3978.8799999999997,11.7,82.0,10.6,0.0,5.0,11.7,82.0,5.0
2023-03-07 23:00:00,3774.8199999999997,11.7,82.0,10.6,0.0,5.0,11.7,82.0,5.0
2023-03-08 00:00:00,3165.38,11.7,82.0,10.6,0.0,5.0,11.7,82.0,5.0
2023-03-08 01:00:00,3242.08,11.7,82.0,10.6,0.0,5.0,11.7,82.0,5.0
2023-03-08 02:00:00,3382.77,11.7,82.0,10.6,0.0,5.0,11.7,82.0,5.0
2023-03-08 03:00:00,3431.13,11.7,82.0,10.6,0.0,5.0,11.7,82.0,5.0
2023-03-08 04:00:00,3281.5499999999997,11.7,82.0,10.6,0.0,5.0,11.7,82.0,5.0
2023-03-08 05:00:00,3445.04,11.7,82.0,10.6,0.0,5.0,11.7,82.0,5.0
2023-03-08 06:00:00,3580.85,11.7,82.0,10.6,0.0,5.0,11.7,82.0,5.0
2023-03-08 07:00:00,3975.84,11.7,82.0,10.6,0.0,5.0,11.7,82.0,5.0
2023-03-08 08:00:00,4368.54,11.7,82.0,10.6,0.0,5.0,11.7,82.0,5.0
2023-03-08 09:00:00,4396.38,11.7,82.0,10.6,0.0,5.0,11.7,82.0,5.0
2023-03-08 10:00:00,4306.89,11.7,82.0,10.6,0.0,5.0,11.7,82.0,5.0
2023-03-08 11:00:00,4646.98,11.7,82.0,10.6,0.0,5.0,11.7,82.0,5.0
2023-03-08 12:00:00,4753.75,11.7,82.0,10.6,0.0,5.0,11.7,82.0,5.0
2023-03-08 13:00:00,4797.87,11.7,82.0,10.6,0.0,5.0,11.7,82.0,5.0
2023-03-08 14:00:00,4697.8099999999995,11.7,82.0,10.6,0.0,5.0,11.7,82.0,5.0
2023-03-08 15:00:00,4546.41,11.7,82.0,10.6,0.0,5.0,11.7,82.0,5.0
2023-03-08 16:00:00,4494.72,11.7,82.0,10.6,0.0,5.0,11.7,82.0,5.0
2023-03-08 17:00:00,4847.98,11.7,82.0,10.6,0.0,5.0,11.7,82.0,5.0
2023-03-08 18:00:00,5155.44,11.7,82.0,10.6,0.0,5.0,11.7,82.0,5.0
2023-03-08 19:00:00,5029.06,11.7,82.0,10.6,0.0,5.0,11.7,82.0,5.0
2023-03-08 20:00:00,5027.03,11.7,82.0,10.6,0.0,5.0,11.7,82.0,5.0
2023-03-08 21:00:00,4829.34,11.7,82.0,10.6,0.0,5.0,11.7,82.0,5.0
2023-03-08 22:00:00,4029.71,11.7,82.0,10.6,0.0,5.0,11.7,82.0,5.0
2023-03-08 23:00:00,3702.2599999999998,11.7,82.0,10.6,0.0,5.0,11.7,82.0,5.0
2023-03-09 00:00:00,3122.38,11.7,82.0,10.6,0.0,5.0,11.7,82.0,5.0
2023-03-09 01:00:00,3421.27,11.7,82.0,10.6,0.0,5.0,11.7,82.0,5.0
2023-03-09 02:00:00,3339.63,11.7,82.0,10.6,0.0,5.0,11.7,82.0,5.0
2023-03-09 03:00:00,3329.2,11.7,82.0,10.6,0.0,5.0,11.7,82.0,5.0
2023-03-09 04:00:00,3427.83,11.7,82.0,10.6,0.0,5.0,11.7,82.0,5.0
2023-03-09 05:00:00,3320.71,11.7,82.0,10.6,0.0,5.0,11.7,82.0,5.0
2023-03-09 06:00:00,3560.66,11.7,82.0,10.6,0.0,5.0,11.7,82.0,5.0
2023-03-09 07:00:00,4023.3900000000003,11.7,82.0,10.6,0.0,5.0,11.7,82.0,5.0
2023-03-09 08:00:00,4207.49,11.7,82.0,10.6,0.0,5.0,11.7,82.0,5.0
2023-03-09 09:00:00,4512.58,11.7,82.0,10.6,0.0,5.0,11.7,82.0,5.0
2023-03-09 10:00:00,4362.24,11.7,82.0,10.6,0.0,5.0,11.7,82.0,5.0
2023-03-09 11:00:00,4640.4,11.7,82.0,10.6,0.0,5.0,11.7,82.0,5.0
2023-03-09 12:00:00,4741.34,11.7,82.0,10.6,0.0,5.0,11.7,82.0,5.0
2023-03-09 13:00:00,4756.2,11.7,82.0,10.6,0.0,5.0,11.7,82.0,5.0
2023-03-09 14:00:00,4625.66,11.7,82.0,10.6,0.0,5.0,11.7,82.0,5.0
2023-03-09 15:00:00,4606.3,11.7,82.0,10.6,0.0,5.0,11.7,82.0,5.0
2023-03-09 16:00:00,4296.76,11.7,82.0,10.6,0.0,5.0,11.7,82.0,5.0
2023-03-09 17:00:00,4775.57,11.7,82.0,10.6,0.0,5.0,11.7,82.0,5.0
2023-03-09 18:00:00,4991.7699999999995,11.7,82.0,10.6,0.0,5.0,11.7,82.0,5.0
2023-03-09 19:00:00,5087.139999999999,11.7,82.0,10.6,0.0,5.0,11.7,82.0,5.0
2023-03-09 20:00:00,5056.79,11.7,82.0,10.6,0.0,5.0,11.7,82.0,5.0
2023-03-09 21:00:00,4672.1900000000005,11.7,82.0,10.6,0.0,5.0,11.7,82.0,5.0
2023-03-09 22:00:00,4128.1,11.7,82.0,10.6,0.0,5.0,11.7,82.0,5.0
2023-03-09 23:00:00,3814.05,11.7,82.0,10.6,0.0,5.0,11.7,82.0,5.0
2023-03-10 00:00:00,2992.62,11.7,82.0,10.6,0.0,5.0,11.7,82.0,5.0
2023-03-10 01:00:00,3254.91,11.7,82.0,10.6,0.0,5.0,11.7,82.0,5.0
2023-03-10 02:00:00,3351.8,11.7,82.0,10.6,0.0,5.0,11.7,82.0,5.0
2023-03-10 03:00:00,3312.21,11.7,82.0,10.6,0.0,5.0,11.7,82.0,5.0
2023-03-10 04:00:00,3359.7200000000003,11.7,82.0,10.6,0.0,5.0,11.7,82.0,5.0
2023-03-10 05:00:00,3353.89,11.7,82.0,10.6,0.0,5.0,11.7,82.0,5.0
2023-03-10 06:00:00,3545.71,11.7,82.0,10.6,0.0,5.0,11.7,82.0,5.0
2023-03-10 07:00:00,3867.81,11.7,82.0,10.6,0.0,5.0,11.7,82.0,5.0
2023-03-10 08:00:00,4155.44,11.7,82.0,10.6,0.0,5.0,11.7,82.0,5.0
2023-03-10 09:00:00,4541.24,11.7,82.0,10.6,0.0,5.0,11.7,82.0,5.0
2023-03-10 10:00:00,4410.88,11.7,82.0,10.6,0.0,5.0,11.7,82.0,5.0
2023-03-10 11:00:00,4534.41,11.7,82.0,10.6,0.0,5.0,11.7,82.0,5.0
2023-03-10 12:00:00,4739.51,11.7,82.0,10.6,0.0,5.0,11.7,82.0,5.0
2023-03-10 13:00:00,4684.07,11.7,82.0,10.6,0.0,5.0,11.7,82.0,5.0
2023-03-10 14:00:00,4646.74,11.7,82.0,10.6,0.0,5.0,11.7,82.0,5.0
2023-03-10 15:00:00,4551.25,11.7,82.0,10.6,0.0,5.0,11.7,82.0,5.0
2023-03-10 16:00:00,4366.98,11.7,82.0,10.6,0.0,5.0,11.7,82.0,5.0
2023-03-10 17:00:00,4838.51,11.7,82.0,10.6,0.0,5.0,11.7,82.0,5.0
2023-03-10 18:00:00,4928.38,11.7,82.0,10.6,0.0,5.0,11.7,82.0,5.0
2023-03-10 19:00:00,5114.85,11.7,82.0,10.6,0.0,5.0,11.7,82.0,5.0
2023-03-10 20:00:00,5021.91,11.7,82.0,10.6,0.0,5.0,11.7,82.0,5.0
2023-03-10 21:00:00,4793.5199999999995,11.7,82.0,10.6,0.0,5.0,11.7,82.0,5.0
2023-03-10 22:00:00,4213.55,11.7,82.0,10.6,0.0,5.0,11.7,82.0,5.0
2023-03-10 23:00:00,3661.06,11.7,82.0,10.6,0.0,5.0,11.7,82.0,5.0
2023-03-11 00:00:00,3009.73,11.7,82.0,10.6,0.0,5.0,11.7,82.0,5.0
2023-03-11 01:00:00,2996.71,11.7,82.0,10.6,0.0,5.0,11.7,82.0,5.0
2023-03-11 02:00:00,3352.95,11.7,82.0,10.6,0.0,5.0,11.7,82.0,5.0
2023-03-11 03:00:00,3089.1800000000003,11.7,82.0,10.6,0.0,5.0,11.7,82.0,5.0
2023-03-11 04:00:00,3249.02,11.7,82.0,10.6,0.0,5.0,11.7,82.0,5.0
2023-03-11 05:00:00,3343.79,11.7,82.0,10.6,0.0,5.0,11.7,82.0,5.0
2023-03-11 06:00:00,3448.89,11.7,82.0,10.6,0.0,5.0,11.7,82.0,5.0
2023-03-11 07:00:00,3743.0099999999998,11.7,82.0,10.6,0.0,5.0,11.7,82.0,5.0
2023-03-11 08:00:00,4165.16,11.7,82.0,10.6,0.0,5.0,11.7,82.0,5.0
2023-03-11 09:00:00,4310.01,11.7,82.0,10.6,0.0,5.0,11.7,82.0,5.0
2023-03-11 10:00:00,4315.08,11.7,82.0,10.6,0.0,5.0,11.7,82.0,5.0
2023-03-11 11:00:00,4325.22,11.7,82.0,10.6,0.0,5.0,11.7,82.0,5.0
2023-03-11 12:00:00,4442.55,11.7,82.0,10.6,0.0,5.0,11.7,82.0,5.0
2023-03-11 13:00:00,4492.26,11.7,82.0,10.6,0.0,5.0,11.7,82.0,5.0
2023-03-11 14:00:00,4520.77,11.7,82.0,10.6,0.0,5.0,11.7,82.0,5.0
2023-03-11 15:00:00,4393.18,11.7,82.0,10.6,0.0,5.0,11.7,82.0,5.0
2023-03-11 16:00:00,4299.1,11.7,82.0,10.6,0.0,5.0,11.7,82.0,5.0
2023-03-11 17:00:00,4577.86,11.7,82.0,10.6,0.0,5.0,11.7,82.0,5.0
2023-03-11 18:00:00,4765.11,11.7,82.0,10.6,0.0,5.0,11.7,82.0,5.0
2023-03-11 19:00:00,4927.79,11.7,82.0,10.6,0.0,5.0,11.7,82.0,5.0
2023-03-11 20:00:00,4737.54,11.7,82.0,10.6,0.0,5.0,11.7,82.0,5.0
2023-03-11 21:00:00,4379.16,11.7,82.0,10.6,0.0,5.0,11.7,82.0,5.0
2023-03-11 22:00:00,4001.2400000000002,11.7,82.0,10.6,0.0,5.0,11.7,82.0,5.0
2023-03-11 23:00:00,3547.36,11.7,82.0,10.6,0.0,5.0,11.7,82.0,5.0
2023-03-12 00:00:00,2990.73,11.7,82.0,10.6,0.0,5.0,11.7,82.0,5.0
2023-03-12 01:00:00,3028.19,11.7,82.0,10.6,0.0,5.0,11.7,82.0,5.0
2023-03-12 02:00:00,3099.4700000000003,11.7,82.0,10.6,0.0,5.0,11.7,82.0,5.0
2023-03-12 03:00:00,3259.7200000000003,11.7,82.0,10.6,0.0,5.0,11.7,82.0,5.0
2023-03-12 04:00:00,3047.0699999999997,11.7,82.0,10.6,0.0,5.0,11.7,82.0,5.0
2023-03-12 05:00:00,3217.45,11.7,82.0,10.6,0.0,5.0,11.7,82.0,5.0
2023-03-12 06:00:00,3414.8999999999996,11.7,82.0,10.6,0.0,5.0,11.7,82.0,5.0
2023-03-12 07:00:00,3493.0099999999998,11.7,82.0,10.6,0.0,5.0,11.7,82.0,5.0
2023-03-12 08:00:00,3942.5099999999998,11.7,82.0,10.6,0.0,5.0,11.7,82.0,5.0
2023-03-12 09:00:00,3928.9,11.7,82.0,10.6,0.0,5.0,11.7,82.0,5.0
2023-03-12 10:00:00,4143.04,11.7,82.0,10.6,0.0,5.0,11.7,82.0,5.0
2023-03-12 11:00:00,4242.76,11.7,82.0,10.6,0.0,5.0,11.7,82.0,5.0
2023-03-12 12:00:00,4411.79,11.7,82.0,10.6,0.0,5.0,11.7,82.0,5.0
2023-03-12 13:00:00,4290.34,11.7,82.0,10.6,0.0,5.0,11.7,82.0,5.0
2023-03-12 14:00:00,4333.99,11.7,82.0,10.6,0.0,5.0,11.7,82.0,5.0
2023-03-12 15:00:00,4164.44,11.7,82.0,10.6,0.0,5.0,11.7,82.0,5.0
2023-03-12 16:00:00,4024.2400000000002,11.7,82.0,10.6,0.0,5.0,11.7,82.0,5.0
2023-03-12 17:00:00,4392.24,11.7,82.0,10.6,0.0,5.0,11.7,82.0,5.0
2023-03-12 18:00:00,4616.27,11.7,82.0,10.6,0.0,5.0,11.7,82.0,5.0
2023-03-12 19:00:00,4631.24,11.7,82.0,10.6,0.0,5.0,11.7,82.0,5.0
2023-03-12 20:00:00,4486.78,11.7,82.0,10.6,0.0,5.0,11.7,82.0,5.0
2023-03-12 21:00:00,4295.4,11.7,82.0,10.6,0.0,5.0,11.7,82.0,5.0
2023-03-12 22:00:00,3724.57,11.7,82.0,10.6,0.0,5.0,11.7,82.0,5.0
2023-03-12 23:00:00,3481.3500000000004,11.7,82.0,10.6,0.0,5.0,11.7,82.0,5.0
2023-03-13 00:00:00,3108.9700000000003,11.7,82.0,10.6,0.0,5.0,11.7,82.0,5.0
2023-03-13 01:00:00,3411.99,11.7,82.0,10.6,0.0,5.0,11.7,82.0,5.0
2023-03-13 02:00:00,3418.98,11.7,82.0,10.6,0.0,5.0,11.7,82.0,5.0
2023-03-13 03:00:00,3381.57,11.7,82.0,10.6,0.0,5.0,11.7,82.0,5.0
2023-03-13 04:00:00,3310.9,11.7,82.0,10.6,0.0,5.0,11.7,82.0,5.0
2023-03-13 05:00:00,3486.77,11.7,82.0,10.6,0.0,5.0,11.7,82.0,5.0
2023-03-13 06:00:00,3561.18,11.7,82.0,10.6,0.0,5.0,11.7,82.0,5.0
2023-03-13 07:00:00,3978.3,11.7,82.0,10.6,0.0,5.0,11.7,82.0,5.0
2023-03-13 08:00:00,4222.45,11.7,82.0,10.6,0.0,5.0,11.7,82.0,5.0
2023-03-13 09:00:00,4244.69,11.7,82.0,10.6,0.0,5.0,11.7,82.0,5.0
2023-03-13 10:00:00,4597.14,11.7,82.0,10.6,0.0,5.0,11.7,82.0,5.0
2023-03-13 11:00:00,4704.24,11.7,82.0,10.6,0.0,5.0,11.7,82.0,5.0
2023-03-13 12:00:00,4701.65,11.7,82.0,10.6,0.0,5.0,11.7,82.0,5.0
2023-03-13 13:00:00,4655.05,11.7,82.0,10.6,0.0,5.0,11.7,82.0,5.0
2023-03-13 14:00:00,4636.49,11.7,82.0,10.6,0.0,5.0,11.7,82.0,5.0
2023-03-13 15:00:00,4575.39,11.7,82.0,10.6,0.0,5.0,11.7,82.0,5.0
2023-03-13 16:00:00,4501.78,11.7,82.0,10.6,0.0,5.0,11.7,82.0,5.0
2023-03-13 17:00:00,4872.74,11.7,82.0,10.6,0.0,5.0,11.7,82.0,5.0
2023-03-13 18:00:00,5031.53,11.7,82.0,10.6,0.0,5.0,11.7,82.0,5.0
2023-03-13 19:00:00,5144.72,11.7,82.0,10.6,0.0,5.0,11.7,82.0,5.0
2023-03-13 20:00:00,5031.780000000001,11.7,82.0,10.6,0.0,5.0,11.7,82.0,5.0
2023-03-13 21:00:00,4639.98,11.7,82.0,10.6,0.0,5.0,11.7,82.0,5.0
2023-03-13 22:00:00,3967.84,11.7,82.0,10.6,0.0,5.0,11.7,82.0,5.0
2023-03-13 23:00:00,3718.84,11.7,82.0,10.6,0.0,5.0,11.7,82.0,5.0
2023-03-14 00:00:00,3255.83,11.7,82.0,10.6,0.0,5.0,11.7,82.0,5.0
2023-03-14 01:00:00,3449.86,11.7,82.0,10.6,0.0,5.0,11.7,82.0,5.0
2023-03-14 02:00:00,3297.86,11.7,82.0,10.6,0.0,5.0,11.7,82.0,5.0
2023-03-14 03:00:00,3318.68,11.7,82.0,10.6,0.0,5.0,11.7,82.0,5.0
2023-03-14 04:00:00,3427.07,11.7,82.0,10.6,0.0,5.0,11.7,82.0,5.0
2023-03-14 05:00:00,3367.4,11.7,82.0,10.6,0.0,5.0,11.7,82.0,5.0
2023-03-14 06:00:00,3689.54,11.7,82.0,10.6,0.0,5.0,11.7,82.0,5.0
2023-03-14 07:00:00,3916.2700000000004,11.7,82.0,10.6,0.0,5.0,11.7,82.0,5.0
2023-03-14 08:00:00,4078.21,11.7,82.0,10.6,0.0,5.0,11.7,82.0,5.0
2023-03-14 09:00:00,4379.46,11.7,82.0,10.6,0.0,5.0,11.7,82.0,5.0
2023-03-14 10:00:00,4574.39,11.7,82.0,10.6,0.0,5.0,11.7,82.0,5.0
2023-03-14 11:00:00,4445.88,11.7,82.0,10.6,0.0,5.0,11.7,82.0,5.0
2023-03-14 12:00:00,4769.21,11.7,82.0,10.6,0.0,5.0,11.7,82.0,5.0
2023-03-14 13:00:00,4768.12,11.7,82.0,10.6,0.0,5.0,11.7,82.0,5.0
2023-03-14 14:00:00,4765.65,11.7,82.0,10.6,0.0,5.0,11.7,82.0,5.0
2023-03-14 15:00:00,4755.0,11.7,82.0,10.6,0.0,5.0,11.7,82.0,5.0
2023-03-14 16:00:00,4698.38,11.7,82.0,10.6,0.0,5.0,11.7,82.0,5.0
2023-03-14 17:00:00,4821.77,11.7,82.0,10.6,0.0,5.0,11.7,82.0,5.0
2023-03-14 18:00:00,4998.59,11.7,82.0,10.6,0.0,5.0,11.7,82.0,5.0
2023-03-14 19:00:00,5181.49,11.7,82.0,10.6,0.0,5.0,11.7,82.0,5.0
2023-03-14 20:00:00,5142.39,11.7,82.0,10.6,0.0,5.0,11.7,82.0,5.0
2023-03-14 21:00:00,4815.0599999999995,11.7,82.0,10.6,0.0,5.0,11.7,82.0,5.0
2023-03-14 22:00:00,4188.38,11.7,82.0,10.6,0.0,5.0,11.7,82.0,5.0
2023-03-14 23:00:00,3842.35,11.7,82.0,10.6,0.0,5.0,11.7,82.0,5.0
2023-03-15 00:00:00,3154.18,11.7,82.0,10.6,0.0,5.0,11.7,82.0,5.0
2023-03-15 01:00:00,3238.7,11.7,82.0,10.6,0.0,5.0,11.7,82.0,5.0
2023-03-15 02:00:00,3390.09,11.7,82.0,10.6,0.0,5.0,11.7,82.0,5.0
2023-03-15 03:00:00,3517.19,11.7,82.0,10.6,0.0,5.0,11.7,82.0,5.0
2023-03-15 04:00:00,3287.79,11.7,82.0,10.6,0.0,5.0,11.7,82.0,5.0
2023-03-15 05:00:00,3429.35,11.7,82.0,10.6,0.0,5.0,11.7,82.0,5.0
2023-03-15 06:00:00,3603.0,11.7,82.0,10.6,0.0,5.0,11.7,82.0,5.0
2023-03-15 07:00:00,3906.16,11.7,82.0,10.6,0.0,5.0,11.7,82.0,5.0
2023-03-15 08:00:00,4158.86,11.7,82.0,10.6,0.0,5.0,11.7,82.0,5.0
2023-03-15 09:00:00,4508.02,11.7,82.0,10.6,0.0,5.0,11.7,82.0,5.0
2023-03-15 10:00:00,4469.22,11.7,82.0,10.6,0.0,5.0,11.7,82.0,5.0
2023-03-15 11:00:00,4668.7300000000005,11.7,82.0,10.6,0.0,5.0,11.7,82.0,5.0
2023-03-15 12:00:00,4828.110000000001,11.7,82.0,10.6,0.0,5.0,11.7,82.0,5.0
2023-03-15 13:00:00,4671.15,11.7,82.0,10.6,0.0,5.0,11.7,82.0,5.0
2023-03-15 14:00:00,4786.42,11.7,82.0,10.6,0.0,5.0,11.7,82.0,5.0
2023-03-15 15:00:00,4702.05,11.7,82.0,10.6,0.0,5.0,11.7,82.0,5.0
2023-03-15 16:00:00,4512.9,11.7,82.0,10.6,0.0,5.0,11.7,82.0,5.0
2023-03-15 17:00:00,4833.63,11.7,82.0,10.6,0.0,5.0,11.7,82.0,5.0
2023-03-15 18:00:00,5054.38,11.7,82.0,10.6,0.0,5.0,11.7,82.0,5.0
2023-03-15 19:00:00,5234.91,11.7,82.0,10.6,0.0,5.0,11.7,82.0,5.0
2023-03-15 20:00:00,5097.06,11.7,82.0,10.6,0.0,5.0,11.7,82.0,5.0
2023-03-15 21:00:00,4887.4,11.7,82.0,10.6,0.0,5.0,11.7,82.0,5.0
2023-03-15 22:00:00,4168.47,11.7,82.0,10.6,0.0,5.0,11.7,82.0,5.0
2023-03-15 23:00:00,3650.65,11.7,82.0,10.6,0.0,5.0,11.7,82.0,5.0
2023-03-16 00:00:00,3248.79,11.7,82.0,10.6,0.0,5.0,11.7,82.0,5.0
2023-03-16 01:00:00,3313.7799999999997,11.7,82.0,10.6,0.0,5.0,11.7,82.0,5.0
2023-03-16 02:00:00,3524.06,11.7,82.0,10.6,0.0,5.0,11.7,82.0,5.0
2023-03-16 03:00:00,3401.47,11.7,82.0,10.6,0.0,5.0,11.7,82.0,5.0
2023-03-16 04:00:00,3410.45,11.7,82.0,10.6,0.0,5.0,11.7,82.0,5.0
2023-03-16 05:00:00,3294.54,11.7,82.0,10.6,0.0,5.0,11.7,82.0,5.0
2023-03-16 06:00:00,3798.48,11.7,82.0,10.6,0.0,5.0,11.7,82.0,5.0
2023-03-16 07:00:00,4026.56,11.7,82.0,10.6,0.0,5.0,11.7,82.0,5.0
2023-03-16 08:00:00,4278.05,11.7,82.0,10.6,0.0,5.0,11.7,82.0,5.0
2023-03-16 09:00:00,4542.94,11.7,82.0,10.6,0.0,5.0,11.7,82.0,5.0
2023-03-16 10:00:00,4572.8,11.7,82.0,10.6,0.0,5.0,11.7,82.0,5.0
2023-03-16 11:00:00,4651.68,11.7,82.0,10.6,0.0,5.0,11.7,82.0,5.0
2023-03-16 12:00:00,4613.53,11.7,82.0,10.6,0.0,5.0,11.7,82.0,5.0
2023-03-16 13:00:00,4862.29,11.7,82.0,10.6,0.0,5.0,11.7,82.0,5.0
2023-03-16 14:00:00,4749.78,11.7,82.0,10.6,0.0,5.0,11.7,82.0,5.0
2023-03-16 15:00:00,4504.56,11.7,82.0,10.6,0.0,5.0,11.7,82.0,5.0
2023-03-16 16:00:00,4525.02,11.7,82.0,10.6,0.0,5.0,11.7,82.0,5.0
2023-03-16 17:00:00,4724.6,11.7,82.0,10.6,0.0,5.0,11.7,82.0,5.0
2023-03-16 18:00:00,5145.18,11.7,82.0,10.6,0.0,5.0,11.7,82.0,5.0
2023-03-16 19:00:00,5288.22,11.7,82.0,10.6,0.0,5.0,11.7,82.0,5.0
2023-03-16 20:00:00,5013.51,11.7,82.0,10.6,0.0,5.0,11.7,82.0,5.0
2023-03-16 21:00:00,4881.34,11.7,82.0,10.6,0.0,5.0,11.7,82.0,5.0
2023-03-16 22:00:00,4127.35,11.7,82.0,10.6,0.0,5.0,11.7,82.0,5.0
2023-03-16 23:00:00,3898.46,11.7,82.0,10.6,0.0,5.0,11.7,82.0,5.0
2023-03-17 00:00:00,3141.09,11.7,82.0,10.6,0.0,5.0,11.7,82.0,5.0
2023-03-17 01:00:00,3273.81,11.7,82.0,10.6,0.0,5.0,11.7,82.0,5.0
2023-03-17 02:00:00,3410.16,11.7,82.0,10.6,0.0,5.0,11.7,82.0,5.0
2023-03-17 03:00:00,3552.3599999999997,11.7,82.0,10.6,0.0,5.0,11.7,82.0,5.0
2023-03-17 04:00:00,3446.83,11.7,82.0,10.6,0.0,5.0,11.7,82.0,5.0
2023-03-17 05:00:00,3322.67,11.7,82.0,10.6,0.0,5.0,11.7,82.0,5.0
2023-03-17 06:00:00,3664.05,11.7,82.0,10.6,0.0,5.0,11.7,82.0,5.0
2023-03-17 07:00:00,4028.63,11.7,82.0,10.6,0.0,5.0,11.7,82.0,5.0
2023-03-17 08:00:00,4325.79,11.7,82.0,10.6,0.0,5.0,11.7,82.0,5.0
2023-03-17 09:00:00,4427.33,11.7,82.0,10.6,0.0,5.0,11.7,82.0,5.0
2023-03-17 10:00:00,4553.82,11.7,82.0,10.6,0.0,5.0,11.7,82.0,5.0
2023-03-17 11:00:00,4627.16,11.7,82.0,10.6,0.0,5.0,11.7,82.0,5.0
2023-03-17 12:00:00,4748.83,11.7,82.0,10.6,0.0,5.0,11.7,82.0,5.0
2023-03-17 13:00:00,4837.04,11.7,82.0,10.6,0.0,5.0,11.7,82.0,5.0
2023-03-17 14:00:00,4723.04,11.7,82.0,10.6,0.0,5.0,11.7,82.0,5.0
2023-03-17 15:00:00,4683.67,11.7,82.0,10.6,0.0,5.0,11.7,82.0,5.0
2023-03-17 16:00:00,4464.74,11.7,82.0,10.6,0.0,5.0,11.7,82.0,5.0
2023-03-17 17:00:00,4764.860000000001,11.7,82.0,10.6,0.0,5.0,11.7,82.0,5.0
2023-03-17 18:00:00,5078.85,11.7,82.0,10.6,0.0,5.0,11.7,82.0,5.0
2023-03-17 19:00:00,5285.58,11.7,82.0,10.6,0.0,5.0,11.7,82.0,5.0
2023-03-17 20:00:00,5162.2,11.7,82.0,10.6,0.0,5.0,11.7,82.0,5.0
2023-03-17 21:00:00,4848.5,11.7,82.0,10.6,0.0,5.0,11.7,82.0,5.0
2023-03-17 22:00:00,4053.04,11.7,82.0,10.6,0.0,5.0,11.7,82.0,5.0
2023-03-17 23:00:00,3876.4,11.7,82.0,10.6,0.0,5.0,11.7,82.0,5.0
2023-03-18 00:00:00,2986.7000000000003,11.7,82.0,10.6,0.0,5.0,11.7,82.0,5.0
2023-03-18 01:00:00,3295.28,11.7,82.0,10.6,0.0,5.0,11.7,82.0,5.0
2023-03-18 02:00:00,3237.3,11.7,82.0,10.6,0.0,5.0,11.7,82.0,5.0
2023-03-18 03:00:00,3244.46,11.7,82.0,10.6,0.0,5.0,11.7,82.0,5.0
2023-03-18 04:00:00,3244.9300000000003,11.7,82.0,10.6,0.0,5.0,11.7,82.0,5.0
2023-03-18 05:00:00,3432.59,11.7,82.0,10.6,0.0,5.0,11.7,82.0,5.0
2023-03-18 06:00:00,3604.08,11.7,82.0,10.6,0.0,5.0,11.7,82.0,5.0
2023-03-18 07:00:00,3989.83,11.7,82.0,10.6,0.0,5.0,11.7,82.0,5.0
2023-03-18 08:00:00,4046.86,11.7,82.0,10.6,0.0,5.0,11.7,82.0,5.0
2023-03-18 09:00:00,4341.54,11.7,82.0,10.6,0.0,5.0,11.7,82.0,5.0
2023-03-18 10:00:00,4324.36,11.7,82.0,10.6,0.0,5.0,11.7,82.0,5.0
2023-03-18 11:00:00,4530.03,11.7,82.0,10.6,0.0,5.0,11.7,82.0,5.0
2023-03-18 12:00:00,4639.64,11.7,82.0,10.6,0.0,5.0,11.7,82.0,5.0
2023-03-18 13:00:00,4609.04,11.7,82.0,10.6,0.0,5.0,11.7,82.0,5.0
2023-03-18 14:00:00,4762.17,11.7,82.0,10.6,0.0,5.0,11.7,82.0,5.0
2023-03-18 15:00:00,4430.360000000001,11.7,82.0,10.6,0.0,5.0,11.7,82.0,5.0
2023-03-18 16:00:00,4275.89,11.7,82.0,10.6,0.0,5.0,11.7,82.0,5.0
2023-03-18 17:00:00,4620.45,11.7,82.0,10.6,0.0,5.0,11.7,82.0,5.0
2023-03-18 18:00:00,4982.12,11.7,82.0,10.6,0.0,5.0,11.7,82.0,5.0
2023-03-18 19:00:00,4934.2300000000005,11.7,82.0,10.6,0.0,5.0,11.7,82.0,5.0
2023-03-18 20:00:00,4860.04,11.7,82.0,10.6,0.0,5.0,11.7,82.0,5.0
2023-03-18 21:00:00,4623.15,11.7,82.0,10.6,0.0,5.0,11.7,82.0,5.0
2023-03-18 22:00:00,4236.55,11.7,82.0,10.6,0.0,5.0,11.7,82.0,5.0
2023-03-18 23:00:00,3613.35,11.7,82.0,10.6,0.0,5.0,11.7,82.0,5.0
2023-03-19 00:00:00,2963.27,11.7,82.0,10.6,0.0,5.0,11.7,82.0,5.0
2023-03-19 01:00:00,3074.46,11.7,82.0,10.6,0.0,5.0,11.7,82.0,5.0
2023-03-19 02:00:00,3187.48,11.7,82.0,10.6,0.0,5.0,11.7,82.0,5.0
2023-03-19 03:00:00,3227.48,11.7,82.0,10.6,0.0,5.0,11.7,82.0,5.0
2023-03-19 04:00:00,3013.88,11.7,82.0,10.6,0.0,5.0,11.7,82.0,5.0
2023-03-19 05:00:00,3082.51,11.7,82.0,10.6,0.0,5.0,11.7,82.0,5.0
2023-03-19 06:00:00,3374.8599999999997,11.7,82.0,10.6,0.0,5.0,11.7,82.0,5.0
2023-03-19 07:00:00,3478.74,11.7,82.0,10.6,0.0,5.0,11.7,82.0,5.0
2023-03-19 08:00:00,3801.66,11.7,82.0,10.6,0.0,5.0,11.7,82.0,5.0
2023-03-19 09:00:00,4144.87,11.7,82.0,10.6,0.0,5.0,11.7,82.0,5.0
2023-03-19 10:00:00,4014.12,11.7,82.0,10.6,0.0,5.0,11.7,82.0,5.0
2023-03-19 11:00:00,4164.62,11.7,82.0,10.6,0.0,5.0,11.7,82.0,5.0
2023-03-19 12:00:00,4374.17,11.7,82.0,10.6,0.0,5.0,11.7,82.0,5.0
2023-03-19 13:00:00,4301.63,11.7,82.0,10.6,0.0,5.0,11.7,82.0,5.0
2023-03-19 14:00:00,4372.32,11.7,82.0,10.6,0.0,5.0,11.7,82.0,5.0
2023-03-19 15:00:00,4346.24,11.7,82.0,10.6,0.0,5.0,11.7,82.0,5.0
2023-03-19 16:00:00,4098.4400000000005,11.7,82.0,10.6,0.0,5.0,11.7,82.0,5.0
2023-03-19 17:00:00,4144.53,11.7,82.0,10.6,0.0,5.0,11.7,82.0,5.0
2023-03-19 18:00:00,4618.52,11.7,82.0,10.6,0.0,5.0,11.7,82.0,5.0
2023-03-19 19:00:00,4655.93,11.7,82.0,10.6,0.0,5.0,11.7,82.0,5.0
2023-03-19 20:00:00,4762.67,11.7,82.0,10.6,0.0,5.0,11.7,82.0,5.0
2023-03-19 21:00:00,4321.42,11.7,82.0,10.6,0.0,5.0,11.7,82.0,5.0
2023-03-19 22:00:00,3794.24,11.7,82.0,10.6,0.0,5.0,11.7,82.0,5.0
2023-03-19 23:00:00,3479.68,11.7,82.0,10.6,0.0,5.0,11.7,82.0,5.0
2023-03-20 00:00:00,3002.27,11.7,82.0,10.6,0.0,5.0,11.7,82.0,5.0
2023-03-20 01:00:00,3170.7,11.7,82.0,10.6,0.0,5.0,11.7,82.0,5.0
2023-03-20 02:00:00,3337.84,11.7,82.0,10.6,0.0,5.0,11.7,82.0,5.0
2023-03-20 03:00:00,3481.23,11.7,82.0,10.6,0.0,5.0,11.7,82.0,5.0
2023-03-20 04:00:00,3297.2,11.7,82.0,10.6,0.0,5.0,11.7,82.0,5.0
2023-03-20 05:00:00,3452.2,11.7,82.0,10.6,0.0,5.0,11.7,82.0,5.0
2023-03-20 06:00:00,3574.41,11.7,82.0,10.6,0.0,5.0,11.7,82.0,5.0
2023-03-20 07:00:00,4075.44,11.7,82.0,10.6,0.0,5.0,11.7,82.0,5.0
2023-03-20 08:00:00,4211.15,11.7,82.0,10.6,0.0,5.0,11.7,82.0,5.0
2023-03-20 09:00:00,4630.82,11.7,82.0,10.6,0.0,5.0,11.7,82.0,5.0
2023-03-20 10:00:00,4452.12,11.7,82.0,10.6,0.0,5.0,11.7,82.0,5.0
2023-03-20 11:00:00,4604.4,11.7,82.0,10.6,0.0,5.0,11.7,82.0,5.0
2023-03-20 12:00:00,4697.86,11.7,82.0,10.6,0.0,5.0,11.7,82.0,5.0
2023-03-20 13:00:00,4853.04,11.7,82.0,10.6,0.0,5.0,11.7,82.0,5.0
2023-03-20 14:00:00,4572.5,11.7,82.0,10.6,0.0,5.0,11.7,82.0,5.0
2023-03-20 15:00:00,4735.65,11.7,82.0,10.6,0.0,5.0,11.7,82.0,5.0
2023-03-20 16:00:00,4540.85,11.7,82.0,10.6,0.0,5.0,11.7,82.0,5.0
2023-03-20 17:00:00,4803.76,11.7,82.0,10.6,0.0,5.0,11.7,82.0,5.0
2023-03-20 18:00:00,5044.46,11.7,82.0,10.6,0.0,5.0,11.7,82.0,5.0
2023-03-20 19:00:00,5191.54,11.7,82.0,10.6,0.0,5.0,11.7,82.0,5.0
2023-03-20 20:00:00,5059.92,11.7,82.0,10.6,0.0,5.0,11.7,82.0,5.0
2023-03-20 21:00:00,4703.28,11.7,82.0,10.6,0.0,5.0,11.7,82.0,5.0
2023-03-20 22:00:00,4040.15,11.7,82.0,10.6,0.0,5.0,11.7,82.0,5.0
2023-03-20 23:00:00,3722.36,11.7,82.0,10.6,0.0,5.0,11.7,82.0,5.0
2023-03-21 00:00:00,3190.4700000000003,11.7,82.0,10.6,0.0,5.0,11.7,82.0,5.0
2023-03-21 01:00:00,3396.74,11.7,82.0,10.6,0.0,5.0,11.7,82.0,5.0
2023-03-21 02:00:00,3457.9,11.7,82.0,10.6,0.0,5.0,11.7,82.0,5.0
2023-03-21 03:00:00,3471.97,11.7,82.0,10.6,0.0,5.0,11.7,82.0,5.0
2023-03-21 04:00:00,3370.25,11.7,82.0,10.6,0.0,5.0,11.7,82.0,5.0
2023-03-21 05:00:00,3322.1800000000003,11.7,82.0,10.6,0.0,5.0,11.7,82.0,5.0
2023-03-21 06:00:00,3638.2599999999998,11.7,82.0,10.6,0.0,5.0,11.7,82.0,5.0
2023-03-21 07:00:00,4040.73,11.7,82.0,10.6,0.0,5.0,11.7,82.0,5.0
2023-03-21 08:00:00,4309.27,11.7,82.0,10.6,0.0,5.0,11.7,82.0,5.0
2023-03-21 09:00:00,4450.55,11.7,82.0,10.6,0.0,5.0,11.7,82.0,5.0
2023-03-21 10:00:00,4586.95,11.7,82.0,10.6,0.0,5.0,11.7,82.0,5.0
2023-03-21 11:00:00,4644.06,11.7,82.0,10.6,0.0,5.0,11.7,82.0,5.0
2023-03-21 12:00:00,4644.76,11.7,82.0,10.6,0.0,5.0,11.7,82.0,5.0
2023-03-21 13:00:00,4945.5599999999995,11.7,82.0,10.6,0.0,5.0,11.7,82.0,5.0
2023-03-21 14:00:00,4670.72,11.7,82.0,10.6,0.0,5.0,11.7,82.0,5.0
2023-03-21 15:00:00,4567.4,11.7,82.0,10.6,0.0,5.0,11.7,82.0,5.0
2023-03-21 16:00:00,4546.13,11.7,82.0,10.6,0.0,5.0,11.7,82.0,5.0
2023-03-21 17:00:00,4893.2,11.7,82.0,10.6,0.0,5.0,11.7,82.0,5.0
2023-03-21 18:00:00,5155.31,11.7,82.0,10.6,0.0,5.0,11.7,82.0,5.0
2023-03-21 19:00:00,5339.68,11.7,82.0,10.6,0.0,5.0,11.7,82.0,5.0
2023-03-21 20:00:00,5156.889999999999,11.7,82.0,10.6,0.0,5.0,11.7,82.0,5.0
2023-03-21 21:00:00,4876.29,11.7,82.0,10.6,0.0,5.0,11.7,82.0,5.0
2023-03-21 22:00:00,4193.33,11.7,82.0,10.6,0.0,5.0,11.7,82.0,5.0
2023-03-21 23:00:00,3850.91,11.7,82.0,10.6,0.0,5.0,11.7,82.0,5.0
2023-03-22 00:00:00,3250.9700000000003,11.7,82.0,10.6,0.0,5.0,11.7,82.0,5.0
2023-03-22 01:00:00,3441.1,11.7,82.0,10.6,0.0,5.0,11.7,82.0,5.0
2023-03-22 02:00:00,3548.91,11.7,82.0,10.6,0.0,5.0,11.7,82.0,5.0
2023-03-22 03:00:00,3514.1800000000003,11.7,82.0,10.6,0.0,5.0,11.7,82.0,5.0
2023-03-22 04:00:00,3506.02,11.7,82.0,10.6,0.0,5.0,11.7,82.0,5.0
2023-03-22 05:00:00,3552.81,11.7,82.0,10.6,0.0,5.0,11.7,82.0,5.0
2023-03-22 06:00:00,3848.87,11.7,82.0,10.6,0.0,5.0,11.7,82.0,5.0
2023-03-22 07:00:00,3991.48,11.7,82.0,10.6,0.0,5.0,11.7,82.0,5.0
2023-03-22 08:00:00,4349.219999999999,11.7,82.0,10.6,0.0,5.0,11.7,82.0,5.0
2023-03-22 09:00:00,4549.4,11.7,82.0,10.6,0.0,5.0,11.7,82.0,5.0
2023-03-22 10:00:00,4526.32,11.7,82.0,10.6,0.0,5.0,11.7,82.0,5.0
2023-03-22 11:00:00,4688.57,11.7,82.0,10.6,0.0,5.0,11.7,82.0,5.0
2023-03-22 12:00:00,4810.92,11.7,82.0,10.6,0.0,5.0,11.7,82.0,5.0
2023-03-22 13:00:00,4909.64,11.7,82.0,10.6,0.0,5.0,11.7,82.0,5.0
2023-03-22 14:00:00,4750.29,11.7,82.0,10.6,0.0,5.0,11.7,82.0,5.0
2023-03-22 15:00:00,4633.77,11.7,82.0,10.6,0.0,5.0,11.7,82.0,5.0
2023-03-22 16:00:00,4646.03,11.7,82.0,10.6,0.0,5.0,11.7,82.0,5.0
2023-03-22 17:00:00,4775.15,11.7,82.0,10.6,0.0,5.0,11.7,82.0,5.0
2023-03-22 18:00:00,4994.599999999999,11.7,82.0,10.6,0.0,5.0,11.7,82.0,5.0
2023-03-22 19:00:00,5343.24,11.7,82.0,10.6,0.0,5.0,11.7,82.0,5.0
2023-03-22 20:00:00,5140.55,11.7,82.0,10.6,0.0,5.0,11.7,82.0,5.0
2023-03-22 21:00:00,4809.28,11.7,82.0,10.6,0.0,5.0,11.7,82.0,5.0
2023-03-22 22:00:00,4173.89,11.7,82.0,10.6,0.0,5.0,11.7,82.0,5.0
2023-03-22 23:00:00,3856.77,11.7,82.0,10.6,0.0,5.0,11.7,82.0,5.0
2023-03-23 00:00:00,3134.39,11.7,82.0,10.6,0.0,5.0,11.7,82.0,5.0
2023-03-23 01:00:00,3397.9,11.7,82.0,10.6,0.0,5.0,11.7,82.0,5.0
2023-03-23 02:00:00,3458.3,11.7,82.0,10.6,0.0,5.0,11.7,82.0,5.0
2023-03-23 03:00:00,3346.4900000000002,11.7,82.0,10.6,0.0,5.0,11.7,82.0,5.0
2023-03-23 04:00:00,3674.54,11.7,82.0,10.6,0.0,5.0,11.7,82.0,5.0
2023-03-23 05:00:00,3424.86,11.7,82.0,10.6,0.0,5.0,11.7,82.0,5.0
2023-03-23 06:00:00,3713.3199999999997,11.7,82.0,10.6,0.0,5.0,11.7,82.0,5.0
2023-03-23 07:00:00,3936.91,11.7,82.0,10.6,0.0,5.0,11.7,82.0,5.0
2023-03-23 08:00:00,4496.74,11.7,82.0,10.6,0.0,5.0,11.7,82.0,5.0
2023-03-23 09:00:00,4388.37,11.7,82.0,10.6,0.0,5.0,11.7,82.0,5.0
2023-03-23 10:00:00,4536.9,11.7,82.0,10.6,0.0,5.0,11.7,82.0,5.0
2023-03-23 11:00:00,4724.24,11.7,82.0,10.6,0.0,5.0,11.7,82.0,5.0
2023-03-23 12:00:00,4972.2,11.7,82.0,10.6,0.0,5.0,11.7,82.0,5.0
2023-03-23 13:00:00,4820.59,11.7,82.0,10.6,0.0,5.0,11.7,82.0,5.0
2023-03-23 14:00:00,4823.95,11.7,82.0,10.6,0.0,5.0,11.7,82.0,5.0
2023-03-23 15:00:00,4794.29,11.7,82.0,10.6,0.0,5.0,11.7,82.0,5.0
2023-03-23 16:00:00,4583.5,11.7,82.0,10.6,0.0,5.0,11.7,82.0,5.0
2023-03-23 17:00:00,4873.54,11.7,82.0,10.6,0.0,5.0,11.7,82.0,5.0
2023-03-23 18:00:00,5078.09,11.7,82.0,10.6,0.0,5.0,11.7,82.0,5.0
2023-03-23 19:00:00,5304.6,11.7,82.0,10.6,0.0,5.0,11.7,82.0,5.0
2023-03-23 20:00:00,5117.52,11.7,82.0,10.6,0.0,5.0,11.7,82.0,5.0
2023-03-23 21:00:00,4785.389999999999,11.7,82.0,10.6,0.0,5.0,11.7,82.0,5.0
2023-03-23 22:00:00,4309.1,11.7,82.0,10.6,0.0,5.0,11.7,82.0,5.0
2023-03-23 23:00:00,3785.98,11.7,82.0,10.6,0.0,5.0,11.7,82.0,5.0
2023-03-24 00:00:00,3371.38,11.7,82.0,10.6,0.0,5.0,11.7,82.0,5.0
2023-03-24 01:00:00,3377.05,11.7,82.0,10.6,0.0,5.0,11.7,82.0,5.0
2023-03-24 02:00:00,3395.66,11.7,82.0,10.6,0.0,5.0,11.7,82.0,5.0
2023-03-24 03:00:00,3569.2400000000002,11.7,82.0,10.6,0.0,5.0,11.7,82.0,5.0
2023-03-24 04:00:00,3480.44,11.7,82.0,10.6,0.0,5.0,11.7,82.0,5.0
2023-03-24 05:00:00,3412.36,11.7,82.0,10.6,0.0,5.0,11.7,82.0,5.0
2023-03-24 06:00:00,3784.63,11.7,82.0,10.6,0.0,5.0,11.7,82.0,5.0
2023-03-24 07:00:00,4099.21,11.7,82.0,10.6,0.0,5.0,11.7,82.0,5.0
2023-03-24 08:00:00,4375.01,11.7,82.0,10.6,0.0,5.0,11.7,82.0,5.0
2023-03-24 09:00:00,4630.77,11.7,82.0,10.6,0.0,5.0,11.7,82.0,5.0
2023-03-24 10:00:00,4658.349999999999,11.7,82.0,10.6,0.0,5.0,11.7,82.0,5.0
2023-03-24 11:00:00,4777.89,11.7,82.0,10.6,0.0,5.0,11.7,82.0,5.0
2023-03-24 12:00:00,4892.95,11.7,82.0,10.6,0.0,5.0,11.7,82.0,5.0
2023-03-24 13:00:00,4912.35,11.7,82.0,10.6,0.0,5.0,11.7,82.0,5.0
2023-03-24 14:00:00,4924.9,11.7,82.0,10.6,0.0,5.0,11.7,82.0,5.0
2023-03-24 15:00:00,4866.09,11.7,82.0,10.6,0.0,5.0,11.7,82.0,5.0
2023-03-24 16:00:00,4550.14,11.7,82.0,10.6,0.0,5.0,11.7,82.0,5.0
2023-03-24 17:00:00,4735.82,11.7,82.0,10.6,0.0,5.0,11.7,82.0,5.0
2023-03-24 18:00:00,5113.24,11.7,82.0,10.6,0.0,5.0,11.7,82.0,5.0
2023-03-24 19:00:00,5337.95,11.7,82.0,10.6,0.0,5.0,11.7,82.0,5.0
2023-03-24 20:00:00,5106.72,11.7,82.0,10.6,0.0,5.0,11.7,82.0,5.0
2023-03-24 21:00:00,4819.849999999999,11.7,82.0,10.6,0.0,5.0,11.7,82.0,5.0
2023-03-24 22:00:00,4330.86,11.7,82.0,10.6,0.0,5.0,11.7,82.0,5.0
2023-03-24 23:00:00,3975.75,11.7,82.0,10.6,0.0,5.0,11.7,82.0,5.0
2023-03-25 00:00:00,3130.06,11.7,82.0,10.6,0.0,5.0,11.7,82.0,5.0
2023-03-25 01:00:00,3441.92,11.7,82.0,10.6,0.0,5.0,11.7,82.0,5.0
2023-03-25 02:00:00,3295.68,11.7,82.0,10.6,0.0,5.0,11.7,82.0,5.0
2023-03-25 03:00:00,3394.04,11.7,82.0,10.6,0.0,5.0,11.7,82.0,5.0
2023-03-25 04:00:00,3311.61,11.7,82.0,10.6,0.0,5.0,11.7,82.0,5.0
2023-03-25 05:00:00,3242.1,11.7,82.0,10.6,0.0,5.0,11.7,82.0,5.0
2023-03-25 06:00:00,3523.17,11.7,82.0,10.6,0.0,5.0,11.7,82.0,5.0
2023-03-25 07:00:00,3836.52,11.7,82.0,10.6,0.0,5.0,11.7,82.0,5.0
2023-03-25 08:00:00,4081.87,11.7,82.0,10.6,0.0,5.0,11.7,82.0,5.0
2023-03-25 09:00:00,4334.43,11.7,82.0,10.6,0.0,5.0,11.7,82.0,5.0
2023-03-25 10:00:00,4320.29,11.7,82.0,10.6,0.0,5.0,11.7,82.0,5.0
2023-03-25 11:00:00,4569.82,11.7,82.0,10.6,0.0,5.0,11.7,82.0,5.0
2023-03-25 12:00:00,4723.9400000000005,11.7,82.0,10.6,0.0,5.0,11.7,82.0,5.0
2023-03-25 13:00:00,4793.22,11.7,82.0,10.6,0.0,5.0,11.7,82.0,5.0
2023-03-25 14:00:00,4642.58,11.7,82.0,10.6,0.0,5.0,11.7,82.0,5.0
2023-03-25 15:00:00,4577.54,11.7,82.0,10.6,0.0,5.0,11.7,82.0,5.0
2023-03-25 16:00:00,4539.06,11.7,82.0,10.6,0.0,5.0,11.7,82.0,5.0
2023-03-25 17:00:00,4482.49,11.7,82.0,10.6,0.0,5.0,11.7,82.0,5.0
2023-03-25 18:00:00,5019.87,11.7,82.0,10.6,0.0,5.0,11.7,82.0,5.0
2023-03-25 19:00:00,4945.08,11.7,82.0,10.6,0.0,5.0,11.7,82.0,5.0
2023-03-25 20:00:00,5008.87,11.7,82.0,10.6,0.0,5.0,11.7,82.0,5.0
2023-03-25 21:00:00,4621.35,11.7,82.0,10.6,0.0,5.0,11.7,82.0,5.0
2023-03-25 22:00:00,4003.95,11.7,82.0,10.6,0.0,5.0,11.7,82.0,5.0
2023-03-25 23:00:00,3748.39,11.7,82.0,10.6,0.0,5.0,11.7,82.0,5.0
2023-03-26 00:00:00,3003.26,11.7,82.0,10.6,0.0,5.0,11.7,82.0,5.0
2023-03-26 01:00:00,2993.68,11.7,82.0,10.6,0.0,5.0,11.7,82.0,5.0
2023-03-26 02:00:00,3299.11,11.7,82.0,10.6,0.0,5.0,11.7,82.0,5.0
2023-03-26 03:00:00,3187.83,11.7,82.0,10.6,0.0,5.0,11.7,82.0,5.0
2023-03-26 04:00:00,3207.86,11.7,82.0,10.6,0.0,5.0,11.7,82.0,5.0
2023-03-26 05:00:00,3319.07,11.7,82.0,10.6,0.0,5.0,11.7,82.0,5.0
2023-03-26 06:00:00,3449.18,11.7,82.0,10.6,0.0,5.0,11.7,82.0,5.0
2023-03-26 07:00:00,3657.04,11.7,82.0,10.6,0.0,5.0,11.7,82.0,5.0
2023-03-26 08:00:00,3819.14,11.7,82.0,10.6,0.0,5.0,11.7,82.0,5.0
2023-03-26 09:00:00,4126.8,11.7,82.0,10.6,0.0,5.0,11.7,82.0,5.0
2023-03-26 10:00:00,4145.46,11.7,82.0,10.6,0.0,5.0,11.7,82.0,5.0
2023-03-26 11:00:00,4260.62,11.7,82.0,10.6,0.0,5.0,11.7,82.0,5.0
2023-03-26 12:00:00,4348.43,11.7,82.0,10.6,0.0,5.0,11.7,82.0,5.0
2023-03-26 13:00:00,4403.55,11.7,82.0,10.6,0.0,5.0,11.7,82.0,5.0
2023-03-26 14:00:00,4304.02,11.7,82.0,10.6,0.0,5.0,11.7,82.0,5.0
2023-03-26 15:00:00,4355.76,11.7,82.0,10.6,0.0,5.0,11.7,82.0,5.0
2023-03-26 16:00:00,4179.9400000000005,11.7,82.0,10.6,0.0,5.0,11.7,82.0,5.0
2023-03-26 17:00:00,4455.86,11.7,82.0,10.6,0.0,5.0,11.7,82.0,5.0
2023-03-26 18:00:00,4695.02,11.7,82.0,10.6,0.0,5.0,11.7,82.0,5.0
2023-03-26 19:00:00,4657.900000000001,11.7,82.0,10.6,0.0,5.0,11.7,82.0,5.0
2023-03-26 20:00:00,4688.25,11.7,82.0,10.6,0.0,5.0,11.7,82.0,5.0
2023-03-26 21:00:00,4431.14,11.7,82.0,10.6,0.0,5.0,11.7,82.0,5.0
2023-03-26 22:00:00,3808.1000000000004,11.7,82.0,10.6,0.0,5.0,11.7,82.0,5.0
2023-03-26 23:00:00,3513.54,11.7,82.0,10.6,0.0,5.0,11.7,82.0,5.0
2023-03-27 00:00:00,3245.98,11.7,82.0,10.6,0.0,5.0,11.7,82.0,5.0
2023-03-27 01:00:00,3352.04,11.7,82.0,10.6,0.0,5.0,11.7,82.0,5.0
2023-03-27 02:00:00,3535.5699999999997,11.7,82.0,10.6,0.0,5.0,11.7,82.0,5.0
2023-03-27 03:00:00,3661.75,11.7,82.0,10.6,0.0,5.0,11.7,82.0,5.0
2023-03-27 04:00:00,3425.29,11.7,82.0,10.6,0.0,5.0,11.7,82.0,5.0
2023-03-27 05:00:00,3503.97,11.7,82.0,10.6,0.0,5.0,11.7,82.0,5.0
2023-03-27 06:00:00,3787.3,11.7,82.0,10.6,0.0,5.0,11.7,82.0,5.0
2023-03-27 07:00:00,4030.46,11.7,82.0,10.6,0.0,5.0,11.7,82.0,5.0
2023-03-27 08:00:00,4369.53,11.7,82.0,10.6,0.0,5.0,11.7,82.0,5.0
2023-03-27 09:00:00,4618.15,11.7,82.0,10.6,0.0,5.0,11.7,82.0,5.0
2023-03-27 10:00:00,4713.49,11.7,82.0,10.6,0.0,5.0,11.7,82.0,5.0
2023-03-27 11:00:00,4707.51,11.7,82.0,10.6,0.0,5.0,11.7,82.0,5.0
2023-03-27 12:00:00,4952.83,11.7,82.0,10.6,0.0,5.0,11.7,82.0,5.0
2023-03-27 13:00:00,4899.19,11.7,82.0,10.6,0.0,5.0,11.7,82.0,5.0
2023-03-27 14:00:00,4968.02,11.7,82.0,10.6,0.0,5.0,11.7,82.0,5.0
2023-03-27 15:00:00,4835.18,11.7,82.0,10.6,0.0,5.0,11.7,82.0,5.0
2023-03-27 16:00:00,4623.02,11.7,82.0,10.6,0.0,5.0,11.7,82.0,5.0
2023-03-27 17:00:00,4959.79,11.7,82.0,10.6,0.0,5.0,11.7,82.0,5.0
2023-03-27 18:00:00,5121.36,11.7,82.0,10.6,0.0,5.0,11.7,82.0,5.0
2023-03-27 19:00:00,5308.02,11.7,82.0,10.6,0.0,5.0,11.7,82.0,5.0
2023-03-27 20:00:00,5212.9800000000005,11.7,82.0,10.6,0.0,5.0,11.7,82.0,5.0
2023-03-27 21:00:00,4785.78,11.7,82.0,10.6,0.0,5.0,11.7,82.0,5.0
2023-03-27 22:00:00,4328.99,11.7,82.0,10.6,0.0,5.0,11.7,82.0,5.0
2023-03-27 23:00:00,3938.54,11.7,82.0,10.6,0.0,5.0,11.7,82.0,5.0
2023-03-28 00:00:00,3294.0,11.7,82.0,10.6,0.0,5.0,11.7,82.0,5.0
2023-03-28 01:00:00,3220.62,11.7,82.0,10.6,0.0,5.0,11.7,82.0,5.0
2023-03-28 02:00:00,3400.75,11.7,82.0,10.6,0.0,5.0,11.7,82.0,5.0
2023-03-28 03:00:00,3419.92,11.7,82.0,10.6,0.0,5.0,11.7,82.0,5.0
2023-03-28 04:00:00,3431.94,11.7,82.0,10.6,0.0,5.0,11.7,82.0,5.0
2023-03-28 05:00:00,3437.5600000000004,11.7,82.0,10.6,0.0,5.0,11.7,82.0,5.0
2023-03-28 06:00:00,3650.33,11.7,82.0,10.6,0.0,5.0,11.7,82.0,5.0
2023-03-28 07:00:00,4008.55,11.7,82.0,10.6,0.0,5.0,11.7,82.0,5.0
2023-03-28 08:00:00,4400.86,11.7,82.0,10.6,0.0,5.0,11.7,82.0,5.0
2023-03-28 09:00:00,4641.51,11.7,82.0,10.6,0.0,5.0,11.7,82.0,5.0
2023-03-28 10:00:00,4495.15,11.7,82.0,10.6,0.0,5.0,11.7,82.0,5.0
2023-03-28 11:00:00,4710.84,11.7,82.0,10.6,0.0,5.0,11.7,82.0,5.0
2023-03-28 12:00:00,4793.98,11.7,82.0,10.6,0.0,5.0,11.7,82.0,5.0
2023-03-28 13:00:00,4980.53,11.7,82.0,10.6,0.0,5.0,11.7,82.0,5.0
2023-03-28 14:00:00,4989.17,11.7,82.0,10.6,0.0,5.0,11.7,82.0,5.0
2023-03-28 15:00:00,4798.13,11.7,82.0,10.6,0.0,5.0,11.7,82.0,5.0
2023-03-28 16:00:00,4650.54,11.7,82.0,10.6,0.0,5.0,11.7,82.0,5.0
2023-03-28 17:00:00,4997.11,11.7,82.0,10.6,0.0,5.0,11.7,82.0,5.0
2023-03-28 18:00:00,5249.1,11.7,82.0,10.6,0.0,5.0,11.7,82.0,5.0
2023-03-28 19:00:00,5259.16,11.7,82.0,10.6,0.0,5.0,11.7,82.0,5.0
2023-03-28 20:00:00,5181.51,11.7,82.0,10.6,0.0,5.0,11.7,82.0,5.0
2023-03-28 21:00:00,5052.43,11.7,82.0,10.6,0.0,5.0,11.7,82.0,5.0
2023-03-28 22:00:00,4285.58,11.7,82.0,10.6,0.0,5.0,11.7,82.0,5.0
2023-03-28 23:00:00,3830.55,11.7,82.0,10.6,0.0,5.0,11.7,82.0,5.0
2023-03-29 00:00:00,3390.41,11.7,82.0,10.6,0.0,5.0,11.7,82.0,5.0
2023-03-29 01:00:00,3502.2400000000002,11.7,82.0,10.6,0.0,5.0,11.7,82.0,5.0
2023-03-29 02:00:00,3526.14,11.7,82.0,10.6,0.0,5.0,11.7,82.0,5.0
2023-03-29 03:00:00,3426.51,11.7,82.0,10.6,0.0,5.0,11.7,82.0,5.0
2023-03-29 04:00:00,3601.25,11.7,82.0,10.6,0.0,5.0,11.7,82.0,5.0
2023-03-29 05:00:00,3585.77,11.7,82.0,10.6,0.0,5.0,11.7,82.0,5.0
2023-03-29 06:00:00,3703.22,11.7,82.0,10.6,0.0,5.0,11.7,82.0,5.0
2023-03-29 07:00:00,4108.71,11.7,82.0,10.6,0.0,5.0,11.7,82.0,5.0
2023-03-29 08:00:00,4524.32,11.7,82.0,10.6,0.0,5.0,11.7,82.0,5.0
2023-03-29 09:00:00,4828.19,11.7,82.0,10.6,0.0,5.0,11.7,82.0,5.0
2023-03-29 10:00:00,4743.099999999999,11.7,82.0,10.6,0.0,5.0,11.7,82.0,5.0
2023-03-29 11:00:00,4785.41,11.7,82.0,10.6,0.0,5.0,11.7,82.0,5.0
2023-03-29 12:00:00,5040.35,11.7,82.0,10.6,0.0,5.0,11.7,82.0,5.0
2023-03-29 13:00:00,4934.31,11.7,82.0,10.6,0.0,5.0,11.7,82.0,5.0
2023-03-29 14:00:00,4880.3,11.7,82.0,10.6,0.0,5.0,11.7,82.0,5.0
2023-03-29 15:00:00,4813.94,11.7,82.0,10.6,0.0,5.0,11.7,82.0,5.0
2023-03-29 16:00:00,4812.64,11.7,82.0,10.6,0.0,5.0,11.7,82.0,5.0
2023-03-29 17:00:00,5046.6,11.7,82.0,10.6,0.0,5.0,11.7,82.0,5.0
2023-03-29 18:00:00,5115.94,11.7,82.0,10.6,0.0,5.0,11.7,82.0,5.0
2023-03-29 19:00:00,5405.2,11.7,82.0,10.6,0.0,5.0,11.7,82.0,5.0
2023-03-29 20:00:00,5177.72,11.7,82.0,10.6,0.0,5.0,11.7,82.0,5.0
2023-03-29 21:00:00,4972.73,11.7,82.0,10.6,0.0,5.0,11.7,82.0,5.0
2023-03-29 22:00:00,4461.4400000000005,11.7,82.0,10.6,0.0,5.0,11.7,82.0,5.0
2023-03-29 23:00:00,3886.31,11.7,82.0,10.6,0.0,5.0,11.7,82.0,5.0
2023-03-30 00:00:00,3302.4300000000003,11.7,82.0,10.6,0.0,5.0,11.7,82.0,5.0
2023-03-30 01:00:00,3355.6,11.7,82.0,10.6,0.0,5.0,11.7,82.0,5.0
2023-03-30 02:00:00,3599.64,11.7,82.0,10.6,0.0,5.0,11.7,82.0,5.0
2023-03-30 03:00:00,3509.8199999999997,11.7,82.0,10.6,0.0,5.0,11.7,82.0,5.0
2023-03-30 04:00:00,3446.91,11.7,82.0,10.6,0.0,5.0,11.7,82.0,5.0
2023-03-30 05:00:00,3593.1,11.7,82.0,10.6,0.0,5.0,11.7,82.0,5.0
2023-03-30 06:00:00,4015.58,11.7,82.0,10.6,0.0,5.0,11.7,82.0,5.0
2023-03-30 07:00:00,4085.78,11.7,82.0,10.6,0.0,5.0,11.7,82.0,5.0
2023-03-30 08:00:00,4294.99,11.7,82.0,10.6,0.0,5.0,11.7,82.0,5.0
2023-03-30 09:00:00,4777.1900000000005,11.7,82.0,10.6,0.0,5.0,11.7,82.0,5.0
2023-03-30 10:00:00,4539.93,11.7,82.0,10.6,0.0,5.0,11.7,82.0,5.0
2023-03-30 11:00:00,4946.61,11.7,82.0,10.6,0.0,5.0,11.7,82.0,5.0
2023-03-30 12:00:00,4858.75,11.7,82.0,10.6,0.0,5.0,11.7,82.0,5.0
2023-03-30 13:00:00,4906.57,11.7,82.0,10.6,0.0,5.0,11.7,82.0,5.0
2023-03-30 14:00:00,5022.74,11.7,82.0,10.6,0.0,5.0,11.7,82.0,5.0
2023-03-30 15:00:00,4828.72,11.7,82.0,10.6,0.0,5.0,11.7,82.0,5.0
2023-03-30 16:00:00,4725.22,11.7,82.0,10.6,0.0,5.0,11.7,82.0,5.0
2023-03-30 17:00:00,4961.63,11.7,82.0,10.6,0.0,5.0,11.7,82.0,5.0
2023-03-30 18:00:00,5312.37,11.7,82.0,10.6,0.0,5.0,11.7,82.0,5.0
2023-03-30 19:00:00,5461.57,11.7,82.0,10.6,0.0,5.0,11.7,82.0,5.0
2023-03-30 20:00:00,5274.88,11.7,82.0,10.6,0.0,5.0,11.7,82.0,5.0
2023-03-30 21:00:00,4932.51,11.7,82.0,10.6,0.0,5.0,11.7,82.0,5.0
2023-03-30 22:00:00,4239.650000000001,11.7,82.0,10.6,0.0,5.0,11.7,82.0,5.0
2023-03-30 23:00:00,3923.09,11.7,82.0,10.6,0.0,5.0,11.7,82.0,5.0
2023-03-31 00:00:00,3265.93,11.7,82.0,10.6,0.0,5.0,11.7,82.0,5.0
2023-03-31 01:00:00,3459.04,11.7,82.0,10.6,0.0,5.0,11.7,82.0,5.0
2023-03-31 02:00:00,3640.1,11.7,82.0,10.6,0.0,5.0,11.7,82.0,5.0
2023-03-31 03:00:00,3489.0299999999997,11.7,82.0,10.6,0.0,5.0,11.7,82.0,5.0
2023-03-31 04:00:00,3437.2,11.7,82.0,10.6,0.0,5.0,11.7,82.0,5.0
2023-03-31 05:00:00,3618.59,11.7,82.0,10.6,0.0,5.0,11.7,82.0,5.0
2023-03-31 06:00:00,3886.97,11.7,82.0,10.6,0.0,5.0,11.7,82.0,5.0
2023-03-31 07:00:00,3989.9300000000003,11.7,82.0,10.6,0.0,5.0,11.7,82.0,5.0
2023-03-31 08:00:00,4551.36,11.7,82.0,10.6,0.0,5.0,11.7,82.0,5.0
2023-03-31 09:00:00,4705.4,11.7,82.0,10.6,0.0,5.0,11.7,82.0,5.0
2023-03-31 10:00:00,4682.11,11.7,82.0,10.6,0.0,5.0,11.7,82.0,5.0
2023-03-31 11:00:00,4734.57,11.7,82.0,10.6,0.0,5.0,11.7,82.0,5.0
2023-03-31 12:00:00,5068.86,11.7,82.0,10.6,0.0,5.0,11.7,82.0,5.0
2023-03-31 13:00:00,4937.82,11.7,82.0,10.6,0.0,5.0,11.7,82.0,5.0
2023-03-31 14:00:00,4925.23,11.7,82.0,10.6,0.0,5.0,11.7,82.0,5.0
2023-03-31 15:00:00,4846.52,11.7,82.0,10.6,0.0,5.0,11.7,82.0,5.0
2023-03-31 16:00:00,4709.79,11.7,82.0,10.6,0.0,5.0,11.7,82.0,5.0
2023-03-31 17:00:00,4906.2,11.7,82.0,10.6,0.0,5.0,11.7,82.0,5.0
2023-03-31 18:00:00,5190.86,11.7,82.0,10.6,0.0,5.0,11.7,82.0,5.0
2023-03-31 19:00:00,5235.48,11.7,82.0,10.6,0.0,5.0,11.7,82.0,5.0
2023-03-31 20:00:00,5312.35,11.7,82.0,10.6,0.0,5.0,11.7,82.0,5.0
2023-03-31 21:00:00,4943.55,11.7,82.0,10.6,0.0,5.0,11.7,82.0,5.0
2023-03-31 22:00:00,4203.95,11.7,82.0,10.6,0.0,5.0,11.7,82.0,5.0
2023-03-31 23:00:00,3889.08,11.7,82.0,10.6,0.0,5.0,11.7,82.0,5.0
2023-04-01 00:00:00,3101.15,11.7,82.0,10.6,0.0,5.0,11.7,82.0,5.0
2023-04-01 01:00:00,3342.57,11.7,82.0,10.6,0.0,5.0,11.7,82.0,5.0
2023-04-01 02:00:00,3354.43,11.7,82.0,10.6,0.0,5.0,11.7,82.0,5.0
2023-04-01 03:00:00,3363.65,11.7,82.0,10.6,0.0,5.0,11.7,82.0,5.0
2023-04-01 04:00:00,3364.92,11.7,82.0,10.6,0.0,5.0,11.7,82.0,5.0
2023-04-01 05:00:00,3521.96,11.7,82.0,10.6,0.0,5.0,11.7,82.0,5.0
2023-04-01 06:00:00,3669.35,11.7,82.0,10.6,0.0,5.0,11.7,82.0,5.0
2023-04-01 07:00:00,4066.74,11.7,82.0,10.6,0.0,5.0,11.7,82.0,5.0
2023-04-01 08:00:00,4272.99,11.7,82.0,10.6,0.0,5.0,11.7,82.0,5.0
2023-04-01 09:00:00,4399.51,11.7,82.0,10.6,0.0,5.0,11.7,82.0,5.0
2023-04-01 10:00:00,4458.38,11.7,82.0,10.6,0.0,5.0,11.7,82.0,5.0
2023-04-01 11:00:00,4578.09,11.7,82.0,10.6,0.0,5.0,11.7,82.0,5.0
2023-04-01 12:00:00,4827.28,11.7,82.0,10.6,0.0,5.0,11.7,82.0,5.0
2023-04-01 13:00:00,4840.65,11.7,82.0,10.6,0.0,5.0,11.7,82.0,5.0
2023-04-01 14:00:00,4717.1,11.7,82.0,10.6,0.0,5.0,11.7,82.0,5.0
2023-04-01 15:00:00,4491.5199999999995,11.7,82.0,10.6,0.0,5.0,11.7,82.0,5.0
2023-04-01 16:00:00,4527.42,11.7,82.0,10.6,0.0,5.0,11.7,82.0,5.0
2023-04-01 17:00:00,4790.5599999999995,11.7,82.0,10.6,0.0,5.0,11.7,82.0,5.0
2023-04-01 18:00:00,5014.14,11.7,82.0,10.6,0.0,5.0,11.7,82.0,5.0
2023-04-01 19:00:00,5173.73,11.7,82.0,10.6,0.0,5.0,11.7,82.0,5.0
2023-04-01 20:00:00,5230.35,11.7,82.0,10.6,0.0,5.0,11.7,82.0,5.0
2023-04-01 21:00:00,4777.17,11.7,82.0,10.6,0.0,5.0,11.7,82.0,5.0
2023-04-01 22:00:00,4253.01,11.7,82.0,10.6,0.0,5.0,11.7,82.0,5.0
2023-04-01 23:00:00,3721.7000000000003,11.7,82.0,10.6,0.0,5.0,11.7,82.0,5.0
2023-04-02 00:00:00,3066.31,11.7,82.0,10.6,0.0,5.0,11.7,82.0,5.0
2023-04-02 01:00:00,3118.46,11.7,82.0,10.6,0.0,5.0,11.7,82.0,5.0
2023-04-02 02:00:00,3257.46,11.7,82.0,10.6,0.0,5.0,11.7,82.0,5.0
2023-04-02 03:00:00,3065.74,11.7,82.0,10.6,0.0,5.0,11.7,82.0,5.0
2023-04-02 04:00:00,3172.5,11.7,82.0,10.6,0.0,5.0,11.7,82.0,5.0
2023-04-02 05:00:00,3332.97,11.7,82.0,10.6,0.0,5.0,11.7,82.0,5.0
2023-04-02 06:00:00,3458.41,11.7,82.0,10.6,0.0,5.0,11.7,82.0,5.0
2023-04-02 07:00:00,3763.03,11.7,82.0,10.6,0.0,5.0,11.7,82.0,5.0
2023-04-02 08:00:00,4006.84,11.7,82.0,10.6,0.0,5.0,11.7,82.0,5.0
2023-04-02 09:00:00,4309.63,11.7,82.0,10.6,0.0,5.0,11.7,82.0,5.0
2023-04-02 10:00:00,4301.57,11.7,82.0,10.6,0.0,5.0,11.7,82.0,5.0
2023-04-02 11:00:00,4497.2699999999995,11.7,82.0,10.6,0.0,5.0,11.7,82.0,5.0
2023-04-02 12:00:00,4503.12,11.7,82.0,10.6,0.0,5.0,11.7,82.0,5.0
2023-04-02 13:00:00,4536.63,11.7,82.0,10.6,0.0,5.0,11.7,82.0,5.0
2023-04-02 14:00:00,4514.18,11.7,82.0,10.6,0.0,5.0,11.7,82.0,5.0
2023-04-02 15:00:00,4314.070000000001,11.7,82.0,10.6,0.0,5.0,11.7,82.0,5.0
2023-04-02 16:00:00,4159.5599999999995,11.7,82.0,10.6,0.0,5.0,11.7,82.0,5.0
2023-04-02 17:00:00,4656.53,11.7,82.0,10.6,0.0,5.0,11.7,82.0,5.0
2023-04-02 18:00:00,4946.62,11.7,82.0,10.6,0.0,5.0,11.7,82.0,5.0
2023-04-02 19:00:00,4932.66,11.7,82.0,10.6,0.0,5.0,11.7,82.0,5.0
2023-04-02 20:00:00,4883.69,11.7,82.0,10.6,0.0,5.0,11.7,82.0,5.0
2023-04-02 21:00:00,4605.37,11.7,82.0,10.6,0.0,5.0,11.7,82.0,5.0
2023-04-02 22:00:00,3937.46,11.7,82.0,10.6,0.0,5.0,11.7,82.0,5.0
2023-04-02 23:00:00,3562.23,11.7,82.0,10.6,0.0,5.0,11.7,82.0,5.0
2023-04-03 00:00:00,3340.91,11.7,82.0,10.6,0.0,5.0,11.7,82.0,5.0
2023-04-03 01:00:00,3503.7200000000003,11.7,82.0,10.6,0.0,5.0,11.7,82.0,5.0
2023-04-03 02:00:00,3442.7599999999998,11.7,82.0,10.6,0.0,5.0,11.7,82.0,5.0
2023-04-03 03:00:00,3500.36,11.7,82.0,10.6,0.0,5.0,11.7,82.0,5.0
2023-04-03 04:00:00,3576.04,11.7,82.0,10.6,0.0,5.0,11.7,82.0,5.0
2023-04-03 05:00:00,3647.69,11.7,82.0,10.6,0.0,5.0,11.7,82.0,5.0
2023-04-03 06:00:00,3916.02,11.7,82.0,10.6,0.0,5.0,11.7,82.0,5.0
2023-04-03 07:00:00,4022.35,11.7,82.0,10.6,0.0,5.0,11.7,82.0,5.0
2023-04-03 08:00:00,4406.46,11.7,82.0,10.6,0.0,5.0,11.7,82.0,5.0
2023-04-03 09:00:00,4891.59,11.7,82.0,10.6,0.0,5.0,11.7,82.0,5.0
2023-04-03 10:00:00,4791.23,11.7,82.0,10.6,0.0,5.0,11.7,82.0,5.0
2023-04-03 11:00:00,4842.05,11.7,82.0,10.6,0.0,5.0,11.7,82.0,5.0
2023-04-03 12:00:00,4987.68,11.7,82.0,10.6,0.0,5.0,11.7,82.0,5.0
2023-04-03 13:00:00,5071.25,11.7,82.0,10.6,0.0,5.0,11.7,82.0,5.0
2023-04-03 14:00:00,5037.12,11.7,82.0,10.6,0.0,5.0,11.7,82.0,5.0
2023-04-03 15:00:00,4890.2,11.7,82.0,10.6,0.0,5.0,11.7,82.0,5.0
2023-04-03 16:00:00,4605.32,11.7,82.0,10.6,0.0,5.0,11.7,82.0,5.0
2023-04-03 17:00:00,5015.91,11.7,82.0,10.6,0.0,5.0,11.7,82.0,5.0
2023-04-03 18:00:00,5295.85,11.7,82.0,10.6,0.0,5.0,11.7,82.0,5.0
2023-04-03 19:00:00,5459.11,11.7,82.0,10.6,0.0,5.0,11.7,82.0,5.0
2023-04-03 20:00:00,5427.5,11.7,82.0,10.6,0.0,5.0,11.7,82.0,5.0
2023-04-03 21:00:00,5155.64,11.7,82.0,10.6,0.0,5.0,11.7,82.0,5.0
2023-04-03 22:00:00,4369.07,11.7,82.0,10.6,0.0,5.0,11.7,82.0,5.0
2023-04-03 23:00:00,3966.17,11.7,82.0,10.6,0.0,5.0,11.7,82.0,5.0
2023-04-04 00:00:00,3272.7200000000003,11.7,82.0,10.6,0.0,5.0,11.7,82.0,5.0
2023-04-04 01:00:00,3266.97,11.7,82.0,10.6,0.0,5.0,11.7,82.0,5.0
2023-04-04 02:00:00,3541.86,11.7,82.0,10.6,0.0,5.0,11.7,82.0,5.0
2023-04-04 03:00:00,3624.48,11.7,82.0,10.6,0.0,5.0,11.7,82.0,5.0
2023-04-04 04:00:00,3504.9700000000003,11.7,82.0,10.6,0.0,5.0,11.7,82.0,5.0
2023-04-04 05:00:00,3736.04,11.7,82.0,10.6,0.0,5.0,11.7,82.0,5.0
2023-04-04 06:00:00,4007.63,11.7,82.0,10.6,0.0,5.0,11.7,82.0,5.0
2023-04-04 07:00:00,4200.9,11.7,82.0,10.6,0.0,5.0,11.7,82.0,5.0
2023-04-04 08:00:00,4641.95,11.7,82.0,10.6,0.0,5.0,11.7,82.0,5.0
2023-04-04 09:00:00,4789.43,11.7,82.0,10.6,0.0,5.0,11.7,82.0,5.0
2023-04-04 10:00:00,4802.28,11.7,82.0,10.6,0.0,5.0,11.7,82.0,5.0
2023-04-04 11:00:00,4954.03,11.7,82.0,10.6,0.0,5.0,11.7,82.0,5.0
2023-04-04 12:00:00,4986.57,11.7,82.0,10.6,0.0,5.0,11.7,82.0,5.0
2023-04-04 13:00:00,5062.51,11.7,82.0,10.6,0.0,5.0,11.7,82.0,5.0
2023-04-04 14:00:00,4957.72,11.7,82.0,10.6,0.0,5.0,11.7,82.0,5.0
2023-04-04 15:00:00,4943.35,11.7,82.0,10.6,0.0,5.0,11.7,82.0,5.0
2023-04-04 16:00:00,4780.26,11.7,82.0,10.6,0.0,5.0,11.7,82.0,5.0
2023-04-04 17:00:00,5016.89,11.7,82.0,10.6,0.0,5.0,11.7,82.0,5.0
2023-04-04 18:00:00,5360.9400000000005,11.7,82.0,10.6,0.0,5.0,11.7,82.0,5.0
2023-04-04 19:00:00,5381.9800000000005,11.7,82.0,10.6,0.0,5.0,11.7,82.0,5.0
2023-04-04 20:00:00,5227.9,11.7,82.0,10.6,0.0,5.0,11.7,82.0,5.0
2023-04-04 21:00:00,5179.47,11.7,82.0,10.6,0.0,5.0,11.7,82.0,5.0
2023-04-04 22:00:00,4336.33,11.7,82.0,10.6,0.0,5.0,11.7,82.0,5.0
2023-04-04 23:00:00,4079.34,11.7,82.0,10.6,0.0,5.0,11.7,82.0,5.0
2023-04-05 00:00:00,3424.71,11.7,82.0,10.6,0.0,5.0,11.7,82.0,5.0
2023-04-05 01:00:00,3380.99,11.7,82.0,10.6,0.0,5.0,11.7,82.0,5.0
2023-04-05 02:00:00,3562.75,11.7,82.0,10.6,0.0,5.0,11.7,82.0,5.0
2023-04-05 03:00:00,3747.54,11.7,82.0,10.6,0.0,5.0,11.7,82.0,5.0
2023-04-05 04:00:00,3564.4700000000003,11.7,82.0,10.6,0.0,5.0,11.7,82.0,5.0
2023-04-05 05:00:00,3668.38,11.7,82.0,10.6,0.0,5.0,11.7,82.0,5.0
2023-04-05 06:00:00,3728.61,11.7,82.0,10.6,0.0,5.0,11.7,82.0,5.0
2023-04-05 07:00:00,4149.88,11.7,82.0,10.6,0.0,5.0,11.7,82.0,5.0
2023-04-05 08:00:00,4293.21,11.7,82.0,10.6,0.0,5.0,11.7,82.0,5.0
2023-04-05 09:00:00,4777.41,11.7,82.0,10.6,0.0,5.0,11.7,82.0,5.0
2023-04-05 10:00:00,4783.42,11.7,82.0,10.6,0.0,5.0,11.7,82.0,5.0
2023-04-05 11:00:00,4993.58,11.7,82.0,10.6,0.0,5.0,11.7,82.0,5.0
2023-04-05 12:00:00,5078.97,11.7,82.0,10.6,0.0,5.0,11.7,82.0,5.0
2023-04-05 13:00:00,4982.33,11.7,82.0,10.6,0.0,5.0,11.7,82.0,5.0
2023-04-05 14:00:00,5017.0599999999995,11.7,82.0,10.6,0.0,5.0,11.7,82.0,5.0
2023-04-05 15:00:00,4792.91,11.7,82.0,10.6,0.0,5.0,11.7,82.0,5.0
2023-04-05 16:00:00,4793.360000000001,11.7,82.0,10.6,0.0,5.0,11.7,82.0,5.0
2023-04-05 17:00:00,4962.88,11.7,82.0,10.6,0.0,5.0,11.7,82.0,5.0
2023-04-05 18:00:00,5318.59,11.7,82.0,10.6,0.0,5.0,11.7,82.0,5.0
2023-04-05 19:00:00,5574.1,11.7,82.0,10.6,0.0,5.0,11.7,82.0,5.0
2023-04-05 20:00:00,5250.6,11.7,82.0,10.6,0.0,5.0,11.7,82.0,5.0
2023-04-05 21:00:00,5195.85,11.7,82.0,10.6,0.0,5.0,11.7,82.0,5.0
2023-04-05 22:00:00,4521.43,11.7,82.0,10.6,0.0,5.0,11.7,82.0,5.0
2023-04-05 23:00:00,4172.1,11.7,82.0,10.6,0.0,5.0,11.7,82.0,5.0
2023-04-06 00:00:00,3454.12,11.7,82.0,10.6,0.0,5.0,11.7,82.0,5.0
2023-04-06 01:00:00,3535.9,11.7,82.0,10.6,0.0,5.0,11.7,82.0,5.0
2023-04-06 02:00:00,3471.43,11.7,82.0,10.6,0.0,5.0,11.7,82.0,5.0
2023-04-06 03:00:00,3603.5,11.7,82.0,10.6,0.0,5.0,11.7,82.0,5.0
2023-04-06 04:00:00,3617.85,11.7,82.0,10.6,0.0,5.0,11.7,82.0,5.0
2023-04-06 05:00:00,3537.27,11.7,82.0,10.6,0.0,5.0,11.7,82.0,5.0
2023-04-06 06:00:00,3952.17,11.7,82.0,10.6,0.0,5.0,11.7,82.0,5.0
2023-04-06 07:00:00,4309.77,11.7,82.0,10.6,0.0,5.0,11.7,82.0,5.0
2023-04-06 08:00:00,4536.16,11.7,82.0,10.6,0.0,5.0,11.7,82.0,5.0
2023-04-06 09:00:00,4793.75,11.7,82.0,10.6,0.0,5.0,11.7,82.0,5.0
2023-04-06 10:00:00,4760.55,11.7,82.0,10.6,0.0,5.0,11.7,82.0,5.0
2023-04-06 11:00:00,5052.7699999999995,11.7,82.0,10.6,0.0,5.0,11.7,82.0,5.0
2023-04-06 12:00:00,5136.45,11.7,82.0,10.6,0.0,5.0,11.7,82.0,5.0
2023-04-06 13:00:00,5125.53,11.7,82.0,10.6,0.0,5.0,11.7,82.0,5.0
2023-04-06 14:00:00,5149.71,11.7,82.0,10.6,0.0,5.0,11.7,82.0,5.0
2023-04-06 15:00:00,5078.43,11.7,82.0,10.6,0.0,5.0,11.7,82.0,5.0
2023-04-06 16:00:00,4636.64,11.7,82.0,10.6,0.0,5.0,11.7,82.0,5.0
2023-04-06 17:00:00,5039.05,11.7,82.0,10.6,0.0,5.0,11.7,82.0,5.0
2023-04-06 18:00:00,5393.21,11.7,82.0,10.6,0.0,5.0,11.7,82.0,5.0
2023-04-06 19:00:00,5641.9,11.7,82.0,10.6,0.0,5.0,11.7,82.0,5.0
2023-04-06 20:00:00,5228.11,11.7,82.0,10.6,0.0,5.0,11.7,82.0,5.0
2023-04-06 21:00:00,5024.3,11.7,82.0,10.6,0.0,5.0,11.7,82.0,5.0
2023-04-06 22:00:00,4442.0,11.7,82.0,10.6,0.0,5.0,11.7,82.0,5.0
2023-04-06 23:00:00,4101.73,11.7,82.0,10.6,0.0,5.0,11.7,82.0,5.0
2023-04-07 00:00:00,3209.52,11.7,82.0,10.6,0.0,5.0,11.7,82.0,5.0
2023-04-07 01:00:00,3503.66,11.7,82.0,10.6,0.0,5.0,11.7,82.0,5.0
2023-04-07 02:00:00,3712.2599999999998,11.7,82.0,10.6,0.0,5.0,11.7,82.0,5.0
2023-04-07 03:00:00,3476.28,11.7,82.0,10.6,0.0,5.0,11.7,82.0,5.0
2023-04-07 04:00:00,3572.25,11.7,82.0,10.6,0.0,5.0,11.7,82.0,5.0
2023-04-07 05:00:00,3689.56,11.7,82.0,10.6,0.0,5.0,11.7,82.0,5.0
2023-04-07 06:00:00,3961.2,11.7,82.0,10.6,0.0,5.0,11.7,82.0,5.0
2023-04-07 07:00:00,4250.45,11.7,82.0,10.6,0.0,5.0,11.7,82.0,5.0
2023-04-07 08:00:00,4474.82,11.7,82.0,10.6,0.0,5.0,11.7,82.0,5.0
2023-04-07 09:00:00,4864.349999999999,11.7,82.0,10.6,0.0,5.0,11.7,82.0,5.0
2023-04-07 10:00:00,4804.66,11.7,82.0,10.6,0.0,5.0,11.7,82.0,5.0
2023-04-07 11:00:00,4939.77,11.7,82.0,10.6,0.0,5.0,11.7,82.0,5.0
2023-04-07 12:00:00,5086.63,11.7,82.0,10.6,0.0,5.0,11.7,82.0,5.0
2023-04-07 13:00:00,5107.91,11.7,82.0,10.6,0.0,5.0,11.7,82.0,5.0
2023-04-07 14:00:00,5269.88,11.7,82.0,10.6,0.0,5.0,11.7,82.0,5.0
2023-04-07 15:00:00,4881.88,11.7,82.0,10.6,0.0,5.0,11.7,82.0,5.0
2023-04-07 16:00:00,4781.41,11.7,82.0,10.6,0.0,5.0,11.7,82.0,5.0
2023-04-07 17:00:00,5116.66,11.7,82.0,10.6,0.0,5.0,11.7,82.0,5.0
2023-04-07 18:00:00,5539.08,11.7,82.0,10.6,0.0,5.0,11.7,82.0,5.0
2023-04-07 19:00:00,5611.56,11.7,82.0,10.6,0.0,5.0,11.7,82.0,5.0
2023-04-07 20:00:00,5274.45,11.7,82.0,10.6,0.0,5.0,11.7,82.0,5.0
2023-04-07 21:00:00,5229.7,11.7,82.0,10.6,0.0,5.0,11.7,82.0,5.0
2023-04-07 22:00:00,4406.62,11.7,82.0,10.6,0.0,5.0,11.7,82.0,5.0
2023-04-07 23:00:00,4161.5,11.7,82.0,10.6,0.0,5.0,11.7,82.0,5.0
2023-04-08 00:00:00,3179.95,11.7,82.0,10.6,0.0,5.0,11.7,82.0,5.0
2023-04-08 01:00:00,3383.12,11.7,82.0,10.6,0.0,5.0,11.7,82.0,5.0
2023-04-08 02:00:00,3466.84,11.7,82.0,10.6,0.0,5.0,11.7,82.0,5.0
2023-04-08 03:00:00,3485.8,11.7,82.0,10.6,0.0,5.0,11.7,82.0,5.0
2023-04-08 04:00:00,3457.8,11.7,82.0,10.6,0.0,5.0,11.7,82.0,5.0
2023-04-08 05:00:00,3555.49,11.7,82.0,10.6,0.0,5.0,11.7,82.0,5.0
2023-04-08 06:00:00,3794.29,11.7,82.0,10.6,0.0,5.0,11.7,82.0,5.0
2023-04-08 07:00:00,4141.68,11.7,82.0,10.6,0.0,5.0,11.7,82.0,5.0
2023-04-08 08:00:00,4407.4400000000005,11.7,82.0,10.6,0.0,5.0,11.7,82.0,5.0
2023-04-08 09:00:00,4691.8099999999995,11.7,82.0,10.6,0.0,5.0,11.7,82.0,5.0
2023-04-08 10:00:00,4503.66,11.7,82.0,10.6,0.0,5.0,11.7,82.0,5.0
2023-04-08 11:00:00,4754.52,11.7,82.0,10.6,0.0,5.0,11.7,82.0,5.0
2023-04-08 12:00:00,4811.0199999999995,11.7,82.0,10.6,0.0,5.0,11.7,82.0,5.0
2023-04-08 13:00:00,4857.49,11.7,82.0,10.6,0.0,5.0,11.7,82.0,5.0
2023-04-08 14:00:00,4844.07,11.7,82.0,10.6,0.0,5.0,11.7,82.0,5.0
2023-04-08 15:00:00,4778.05,11.7,82.0,10.6,0.0,5.0,11.7,82.0,5.0
2023-04-08 16:00:00,4576.14,11.7,82.0,10.6,0.0,5.0,11.7,82.0,5.0
2023-04-08 17:00:00,5055.84,11.7,82.0,10.6,0.0,5.0,11.7,82.0,5.0
2023-04-08 18:00:00,5055.3,11.7,82.0,10.6,0.0,5.0,11.7,82.0,5.0
2023-04-08 19:00:00,5365.67,11.7,82.0,10.6,0.0,5.0,11.7,82.0,5.0
2023-04-08 20:00:00,5303.5199999999995,11.7,82.0,10.6,0.0,5.0,11.7,82.0,5.0
2023-04-08 21:00:00,4889.77,11.7,82.0,10.6,0.0,5.0,11.7,82.0,5.0
2023-04-08 22:00:00,4139.32,11.7,82.0,10.6,0.0,5.0,11.7,82.0,5.0
2023-04-08 23:00:00,4020.22,11.7,82.0,10.6,0.0,5.0,11.7,82.0,5.0
2023-04-09 00:00:00,3177.94,11.7,82.0,10.6,0.0,5.0,11.7,82.0,5.0
2023-04-09 01:00:00,3175.54,11.7,82.0,10.6,0.0,5.0,11.7,82.0,5.0
2023-04-09 02:00:00,3337.88,11.7,82.0,10.6,0.0,5.0,11.7,82.0,5.0
2023-04-09 03:00:00,3314.66,11.7,82.0,10.6,0.0,5.0,11.7,82.0,5.0
2023-04-09 04:00:00,3249.9,11.7,82.0,10.6,0.0,5.0,11.7,82.0,5.0
2023-04-09 05:00:00,3124.25,11.7,82.0,10.6,0.0,5.0,11.7,82.0,5.0
2023-04-09 06:00:00,3292.34,11.7,82.0,10.6,0.0,5.0,11.7,82.0,5.0
2023-04-09 07:00:00,3886.75,11.7,82.0,10.6,0.0,5.0,11.7,82.0,5.0
2023-04-09 08:00:00,4132.07,11.7,82.0,10.6,0.0,5.0,11.7,82.0,5.0
2023-04-09 09:00:00,4487.87,11.7,82.0,10.6,0.0,5.0,11.7,82.0,5.0
2023-04-09 10:00:00,4309.22,11.7,82.0,10.6,0.0,5.0,11.7,82.0,5.0
2023-04-09 11:00:00,4590.71,11.7,82.0,10.6,0.0,5.0,11.7,82.0,5.0
2023-04-09 12:00:00,4602.73,11.7,82.0,10.6,0.0,5.0,11.7,82.0,5.0
2023-04-09 13:00:00,4711.02,11.7,82.0,10.6,0.0,5.0,11.7,82.0,5.0
2023-04-09 14:00:00,4645.66,11.7,82.0,10.6,0.0,5.0,11.7,82.0,5.0
2023-04-09 15:00:00,4476.92,11.7,82.0,10.6,0.0,5.0,11.7,82.0,5.0
2023-04-09 16:00:00,4345.93,11.7,82.0,10.6,0.0,5.0,11.7,82.0,5.0
2023-04-09 17:00:00,4581.75,11.7,82.0,10.6,0.0,5.0,11.7,82.0,5.0
2023-04-09 18:00:00,4831.67,11.7,82.0,10.6,0.0,5.0,11.7,82.0,5.0
2023-04-09 19:00:00,5043.110000000001,11.7,82.0,10.6,0.0,5.0,11.7,82.0,5.0
2023-04-09 20:00:00,4979.4400000000005,11.7,82.0,10.6,0.0,5.0,11.7,82.0,5.0
2023-04-09 21:00:00,4684.849999999999,11.7,82.0,10.6,0.0,5.0,11.7,82.0,5.0
2023-04-09 22:00:00,4020.13,11.7,82.0,10.6,0.0,5.0,11.7,82.0,5.0
2023-04-09 23:00:00,3810.09,11.7,82.0,10.6,0.0,5.0,11.7,82.0,5.0
2023-04-10 00:00:00,3547.91,11.7,82.0,10.6,0.0,5.0,11.7,82.0,5.0
2023-04-10 01:00:00,3502.0899999999997,11.7,82.0,10.6,0.0,5.0,11.7,82.0,5.0
2023-04-10 02:00:00,3656.04,11.7,82.0,10.6,0.0,5.0,11.7,82.0,5.0
2023-04-10 03:00:00,3882.51,11.7,82.0,10.6,0.0,5.0,11.7,82.0,5.0
2023-04-10 04:00:00,3749.7,11.7,82.0,10.6,0.0,5.0,11.7,82.0,5.0
2023-04-10 05:00:00,3803.56,11.7,82.0,10.6,0.0,5.0,11.7,82.0,5.0
2023-04-10 06:00:00,3981.94,11.7,82.0,10.6,0.0,5.0,11.7,82.0,5.0
2023-04-10 07:00:00,4261.27,11.7,82.0,10.6,0.0,5.0,11.7,82.0,5.0
2023-04-10 08:00:00,4469.46,11.7,82.0,10.6,0.0,5.0,11.7,82.0,5.0
2023-04-10 09:00:00,4833.95,11.7,82.0,10.6,0.0,5.0,11.7,82.0,5.0
2023-04-10 10:00:00,4877.33,11.7,82.0,10.6,0.0,5.0,11.7,82.0,5.0
2023-04-10 11:00:00,5064.97,11.7,82.0,10.6,0.0,5.0,11.7,82.0,5.0
2023-04-10 12:00:00,5160.14,11.7,82.0,10.6,0.0,5.0,11.7,82.0,5.0
2023-04-10 13:00:00,5044.52,11.7,82.0,10.6,0.0,5.0,11.7,82.0,5.0
2023-04-10 14:00:00,5197.04,11.7,82.0,10.6,0.0,5.0,11.7,82.0,5.0
2023-04-10 15:00:00,4922.03,11.7,82.0,10.6,0.0,5.0,11.7,82.0,5.0
2023-04-10 16:00:00,4921.07,11.7,82.0,10.6,0.0,5.0,11.7,82.0,5.0
2023-04-10 17:00:00,5255.53,11.7,82.0,10.6,0.0,5.0,11.7,82.0,5.0
2023-04-10 18:00:00,5390.42,11.7,82.0,10.6,0.0,5.0,11.7,82.0,5.0
2023-04-10 19:00:00,5532.4,11.7,82.0,10.6,0.0,5.0,11.7,82.0,5.0
2023-04-10 20:00:00,5455.95,11.7,82.0,10.6,0.0,5.0,11.7,82.0,5.0
2023-04-10 21:00:00,5082.24,11.7,82.0,10.6,0.0,5.0,11.7,82.0,5.0
2023-04-10 22:00:00,4346.27,11.7,82.0,10.6,0.0,5.0,11.7,82.0,5.0
2023-04-10 23:00:00,4086.6800000000003,11.7,82.0,10.6,0.0,5.0,11.7,82.0,5.0
2023-04-11 00:00:00,3528.35,11.7,82.0,10.6,0.0,5.0,11.7,82.0,5.0
2023-04-11 01:00:00,3663.1299999999997,11.7,82.0,10.6,0.0,5.0,11.7,82.0,5.0
2023-04-11 02:00:00,3725.12,11.7,82.0,10.6,0.0,5.0,11.7,82.0,5.0
2023-04-11 03:00:00,3696.18,11.7,82.0,10.6,0.0,5.0,11.7,82.0,5.0
2023-04-11 04:00:00,3540.92,11.7,82.0,10.6,0.0,5.0,11.7,82.0,5.0
2023-04-11 05:00:00,3766.24,11.7,82.0,10.6,0.0,5.0,11.7,82.0,5.0
2023-04-11 06:00:00,4055.12,11.7,82.0,10.6,0.0,5.0,11.7,82.0,5.0
2023-04-11 07:00:00,4159.0,11.7,82.0,10.6,0.0,5.0,11.7,82.0,5.0
2023-04-11 08:00:00,4661.32,11.7,82.0,10.6,0.0,5.0,11.7,82.0,5.0
2023-04-11 09:00:00,4849.32,11.7,82.0,10.6,0.0,5.0,11.7,82.0,5.0
2023-04-11 10:00:00,4781.2699999999995,11.7,82.0,10.6,0.0,5.0,11.7,82.0,5.0
2023-04-11 11:00:00,5084.35,11.7,82.0,10.6,0.0,5.0,11.7,82.0,5.0
2023-04-11 12:00:00,5162.93,11.7,82.0,10.6,0.0,5.0,11.7,82.0,5.0
2023-04-11 13:00:00,5172.74,11.7,82.0,10.6,0.0,5.0,11.7,82.0,5.0
2023-04-11 14:00:00,5222.53,11.7,82.0,10.6,0.0,5.0,11.7,82.0,5.0
2023-04-11 15:00:00,4949.77,11.7,82.0,10.6,0.0,5.0,11.7,82.0,5.0
2023-04-11 16:00:00,4797.1,11.7,82.0,10.6,0.0,5.0,11.7,82.0,5.0
2023-04-11 17:00:00,5177.9,11.7,82.0,10.6,0.0,5.0,11.7,82.0,5.0
2023-04-11 18:00:00,5444.58,11.7,82.0,10.6,0.0,5.0,11.7,82.0,5.0
2023-04-11 19:00:00,5542.45,11.7,82.0,10.6,0.0,5.0,11.7,82.0,5.0
2023-04-11 20:00:00,5616.7,11.7,82.0,10.6,0.0,5.0,11.7,82.0,5.0
2023-04-11 21:00:00,5333.16,11.7,82.0,10.6,0.0,5.0,11.7,82.0,5.0
2023-04-11 22:00:00,4660.01,11.7,82.0,10.6,0.0,5.0,11.7,82.0,5.0
2023-04-11 23:00:00,4229.37,11.7,82.0,10.6,0.0,5.0,11.7,82.0,5.0
2023-04-12 00:00:00,3510.99,11.7,82.0,10.6,0.0,5.0,11.7,82.0,5.0
2023-04-12 01:00:00,3597.55,11.7,82.0,10.6,0.0,5.0,11.7,82.0,5.0
2023-04-12 02:00:00,3606.5,11.7,82.0,10.6,0.0,5.0,11.7,82.0,5.0
2023-04-12 03:00:00,3609.43,11.7,82.0,10.6,0.0,5.0,11.7,82.0,5.0
2023-04-12 04:00:00,3639.93,11.7,82.0,10.6,0.0,5.0,11.7,82.0,5.0
2023-04-12 05:00:00,3808.02,11.7,82.0,10.6,0.0,5.0,11.7,82.0,5.0
2023-04-12 06:00:00,4001.4700000000003,11.7,82.0,10.6,0.0,5.0,11.7,82.0,5.0
2023-04-12 07:00:00,4318.83,11.7,82.0,10.6,0.0,5.0,11.7,82.0,5.0
2023-04-12 08:00:00,4571.02,11.7,82.0,10.6,0.0,5.0,11.7,82.0,5.0
2023-04-12 09:00:00,4922.599999999999,11.7,82.0,10.6,0.0,5.0,11.7,82.0,5.0
2023-04-12 10:00:00,4945.52,11.7,82.0,10.6,0.0,5.0,11.7,82.0,5.0
2023-04-12 11:00:00,5008.02,11.7,82.0,10.6,0.0,5.0,11.7,82.0,5.0
2023-04-12 12:00:00,5036.42,11.7,82.0,10.6,0.0,5.0,11.7,82.0,5.0
2023-04-12 13:00:00,5184.68,11.7,82.0,10.6,0.0,5.0,11.7,82.0,5.0
2023-04-12 14:00:00,5036.75,11.7,82.0,10.6,0.0,5.0,11.7,82.0,5.0
2023-04-12 15:00:00,5118.29,11.7,82.0,10.6,0.0,5.0,11.7,82.0,5.0
2023-04-12 16:00:00,5017.86,11.7,82.0,10.6,0.0,5.0,11.7,82.0,5.0
2023-04-12 17:00:00,5185.92,11.7,82.0,10.6,0.0,5.0,11.7,82.0,5.0
2023-04-12 18:00:00,5495.67,11.7,82.0,10.6,0.0,5.0,11.7,82.0,5.0
2023-04-12 19:00:00,5471.14,11.7,82.0,10.6,0.0,5.0,11.7,82.0,5.0
2023-04-12 20:00:00,5646.68,11.7,82.0,10.6,0.0,5.0,11.7,82.0,5.0
2023-04-12 21:00:00,5101.360000000001,11.7,82.0,10.6,0.0,5.0,11.7,82.0,5.0
2023-04-12 22:00:00,4520.34,11.7,82.0,10.6,0.0,5.0,11.7,82.0,5.0
2023-04-12 23:00:00,4137.28,11.7,82.0,10.6,0.0,5.0,11.7,82.0,5.0
2023-04-13 00:00:00,3591.16,11.7,82.0,10.6,0.0,5.0,11.7,82.0,5.0
2023-04-13 01:00:00,3765.61,11.7,82.0,10.6,0.0,5.0,11.7,82.0,5.0
2023-04-13 02:00:00,3594.86,11.7,82.0,10.6,0.0,5.0,11.7,82.0,5.0
2023-04-13 03:00:00,3759.2200000000003,11.7,82.0,10.6,0.0,5.0,11.7,82.0,5.0
2023-04-13 04:00:00,3634.9500000000003,11.7,82.0,10.6,0.0,5.0,11.7,82.0,5.0
2023-04-13 05:00:00,3847.11,11.7,82.0,10.6,0.0,5.0,11.7,82.0,5.0
2023-04-13 06:00:00,4045.19,11.7,82.0,10.6,0.0,5.0,11.7,82.0,5.0
2023-04-13 07:00:00,4423.469999999999,11.7,82.0,10.6,0.0,5.0,11.7,82.0,5.0
2023-04-13 08:00:00,4724.75,11.7,82.0,10.6,0.0,5.0,11.7,82.0,5.0
2023-04-13 09:00:00,4969.05,11.7,82.0,10.6,0.0,5.0,11.7,82.0,5.0
2023-04-13 10:00:00,4970.08,11.7,82.0,10.6,0.0,5.0,11.7,82.0,5.0
2023-04-13 11:00:00,4991.08,11.7,82.0,10.6,0.0,5.0,11.7,82.0,5.0
2023-04-13 12:00:00,5240.33,11.7,82.0,10.6,0.0,5.0,11.7,82.0,5.0
2023-04-13 13:00:00,5271.42,11.7,82.0,10.6,0.0,5.0,11.7,82.0,5.0
2023-04-13 14:00:00,5149.42,11.7,82.0,10.6,0.0,5.0,11.7,82.0,5.0
2023-04-13 15:00:00,5031.1900000000005,11.7,82.0,10.6,0.0,5.0,11.7,82.0,5.0
2023-04-13 16:00:00,5059.46,11.7,82.0,10.6,0.0,5.0,11.7,82.0,5.0
2023-04-13 17:00:00,5217.4,11.7,82.0,10.6,0.0,5.0,11.7,82.0,5.0
2023-04-13 18:00:00,5304.68,11.7,82.0,10.6,0.0,5.0,11.7,82.0,5.0
2023-04-13 19:00:00,5701.84,11.7,82.0,10.6,0.0,5.0,11.7,82.0,5.0
2023-04-13 20:00:00,5530.28,11.7,82.0,10.6,0.0,5.0,11.7,82.0,5.0
2023-04-13 21:00:00,5298.6900000000005,11.7,82.0,10.6,0.0,5.0,11.7,82.0,5.0
2023-04-13 22:00:00,4394.780000000001,11.7,82.0,10.6,0.0,5.0,11.7,82.0,5.0
2023-04-13 23:00:00,4069.67,11.7,82.0,10.6,0.0,5.0,11.7,82.0,5.0
2023-04-14 00:00:00,3677.92,11.7,82.0,10.6,0.0,5.0,11.7,82.0,5.0
2023-04-14 01:00:00,3538.61,11.7,82.0,10.6,0.0,5.0,11.7,82.0,5.0
2023-04-14 02:00:00,3671.3,11.7,82.0,10.6,0.0,5.0,11.7,82.0,5.0
2023-04-14 03:00:00,3772.71,11.7,82.0,10.6,0.0,5.0,11.7,82.0,5.0
2023-04-14 04:00:00,3703.55,11.7,82.0,10.6,0.0,5.0,11.7,82.0,5.0
2023-04-14 05:00:00,3788.13,11.7,82.0,10.6,0.0,5.0,11.7,82.0,5.0
2023-04-14 06:00:00,3950.53,11.7,82.0,10.6,0.0,5.0,11.7,82.0,5.0
2023-04-14 07:00:00,4326.72,11.7,82.0,10.6,0.0,5.0,11.7,82.0,5.0
2023-04-14 08:00:00,4630.45,11.7,82.0,10.6,0.0,5.0,11.7,82.0,5.0
2023-04-14 09:00:00,4910.64,11.7,82.0,10.6,0.0,5.0,11.7,82.0,5.0
2023-04-14 10:00:00,4871.93,11.7,82.0,10.6,0.0,5.0,11.7,82.0,5.0
2023-04-14 11:00:00,5017.77,11.7,82.0,10.6,0.0,5.0,11.7,82.0,5.0
2023-04-14 12:00:00,5131.12,11.7,82.0,10.6,0.0,5.0,11.7,82.0,5.0
2023-04-14 13:00:00,5272.0,11.7,82.0,10.6,0.0,5.0,11.7,82.0,5.0
2023-04-14 14:00:00,5191.3,11.7,82.0,10.6,0.0,5.0,11.7,82.0,5.0
2023-04-14 15:00:00,5148.15,11.7,82.0,10.6,0.0,5.0,11.7,82.0,5.0
2023-04-14 16:00:00,4987.9,11.7,82.0,10.6,0.0,5.0,11.7,82.0,5.0
2023-04-14 17:00:00,5141.41,11.7,82.0,10.6,0.0,5.0,11.7,82.0,5.0
2023-04-14 18:00:00,5367.63,11.7,82.0,10.6,0.0,5.0,11.7,82.0,5.0
2023-04-14 19:00:00,5561.89,11.7,82.0,10.6,0.0,5.0,11.7,82.0,5.0
2023-04-14 20:00:00,5518.1,11.7,82.0,10.6,0.0,5.0,11.7,82.0,5.0
2023-04-14 21:00:00,5223.66,11.7,82.0,10.6,0.0,5.0,11.7,82.0,5.0
2023-04-14 22:00:00,4471.03,11.7,82.0,10.6,0.0,5.0,11.7,82.0,5.0
2023-04-14 23:00:00,4076.37,11.7,82.0,10.6,0.0,5.0,11.7,82.0,5.0
2023-04-15 00:00:00,3362.67,11.7,82.0,10.6,0.0,5.0,11.7,82.0,5.0
2023-04-15 01:00:00,3535.25,11.7,82.0,10.6,0.0,5.0,11.7,82.0,5.0
2023-04-15 02:00:00,3555.98,11.7,82.0,10.6,0.0,5.0,11.7,82.0,5.0
2023-04-15 03:00:00,3530.25,11.7,82.0,10.6,0.0,5.0,11.7,82.0,5.0
2023-04-15 04:00:00,3686.85,11.7,82.0,10.6,0.0,5.0,11.7,82.0,5.0
2023-04-15 05:00:00,3615.08,11.7,82.0,10.6,0.0,5.0,11.7,82.0,5.0
2023-04-15 06:00:00,4031.77,11.7,82.0,10.6,0.0,5.0,11.7,82.0,5.0
2023-04-15 07:00:00,4269.89,11.7,82.0,10.6,0.0,5.0,11.7,82.0,5.0
2023-04-15 08:00:00,4480.15,11.7,82.0,10.6,0.0,5.0,11.7,82.0,5.0
2023-04-15 09:00:00,4545.71,11.7,82.0,10.6,0.0,5.0,11.7,82.0,5.0
2023-04-15 10:00:00,4855.02,11.7,82.0,10.6,0.0,5.0,11.7,82.0,5.0
2023-04-15 11:00:00,4797.27,11.7,82.0,10.6,0.0,5.0,11.7,82.0,5.0
2023-04-15 12:00:00,5014.49,11.7,82.0,10.6,0.0,5.0,11.7,82.0,5.0
2023-04-15 13:00:00,5041.18,11.7,82.0,10.6,0.0,5.0,11.7,82.0,5.0
2023-04-15 14:00:00,4979.0,11.7,82.0,10.6,0.0,5.0,11.7,82.0,5.0
2023-04-15 15:00:00,4969.86,11.7,82.0,10.6,0.0,5.0,11.7,82.0,5.0
2023-04-15 16:00:00,4869.95,11.7,82.0,10.6,0.0,5.0,11.7,82.0,5.0
2023-04-15 17:00:00,4887.1,11.7,82.0,10.6,0.0,5.0,11.7,82.0,5.0
2023-04-15 18:00:00,5410.31,11.7,82.0,10.6,0.0,5.0,11.7,82.0,5.0
2023-04-15 19:00:00,5499.64,11.7,82.0,10.6,0.0,5.0,11.7,82.0,5.0
2023-04-15 20:00:00,5370.99,11.7,82.0,10.6,0.0,5.0,11.7,82.0,5.0
2023-04-15 21:00:00,5109.88,11.7,82.0,10.6,0.0,5.0,11.7,82.0,5.0
2023-04-15 22:00:00,4415.88,11.7,82.0,10.6,0.0,5.0,11.7,82.0,5.0
2023-04-15 23:00:00,4057.68,11.7,82.0,10.6,0.0,5.0,11.7,82.0,5.0
2023-04-16 00:00:00,3156.74,11.7,82.0,10.6,0.0,5.0,11.7,82.0,5.0
2023-04-16 01:00:00,3264.72,11.7,82.0,10.6,0.0,5.0,11.7,82.0,5.0
2023-04-16 02:00:00,3531.76,11.7,82.0,10.6,0.0,5.0,11.7,82.0,5.0
2023-04-16 03:00:00,3379.89,11.7,82.0,10.6,0.0,5.0,11.7,82.0,5.0
2023-04-16 04:00:00,3370.59,11.7,82.0,10.6,0.0,5.0,11.7,82.0,5.0
2023-04-16 05:00:00,3470.27,11.7,82.0,10.6,0.0,5.0,11.7,82.0,5.0
2023-04-16 06:00:00,3726.82,11.7,82.0,10.6,0.0,5.0,11.7,82.0,5.0
2023-04-16 07:00:00,4017.8199999999997,11.7,82.0,10.6,0.0,5.0,11.7,82.0,5.0
2023-04-16 08:00:00,4297.36,11.7,82.0,10.6,0.0,5.0,11.7,82.0,5.0
2023-04-16 09:00:00,4510.75,11.7,82.0,10.6,0.0,5.0,11.7,82.0,5.0
2023-04-16 10:00:00,4588.0,11.7,82.0,10.6,0.0,5.0,11.7,82.0,5.0
2023-04-16 11:00:00,4782.280000000001,11.7,82.0,10.6,0.0,5.0,11.7,82.0,5.0
2023-04-16 12:00:00,4805.01,11.7,82.0,10.6,0.0,5.0,11.7,82.0,5.0
2023-04-16 13:00:00,4849.87,11.7,82.0,10.6,0.0,5.0,11.7,82.0,5.0
2023-04-16 14:00:00,4618.81,11.7,82.0,10.6,0.0,5.0,11.7,82.0,5.0
2023-04-16 15:00:00,4681.58,11.7,82.0,10.6,0.0,5.0,11.7,82.0,5.0
2023-04-16 16:00:00,4490.39,11.7,82.0,10.6,0.0,5.0,11.7,82.0,5.0
2023-04-16 17:00:00,4753.21,11.7,82.0,10.6,0.0,5.0,11.7,82.0,5.0
2023-04-16 18:00:00,5174.87,11.7,82.0,10.6,0.0,5.0,11.7,82.0,5.0
2023-04-16 19:00:00,5243.69,11.7,82.0,10.6,0.0,5.0,11.7,82.0,5.0
2023-04-16 20:00:00,5156.55,11.7,82.0,10.6,0.0,5.0,11.7,82.0,5.0
2023-04-16 21:00:00,4882.51,11.7,82.0,10.6,0.0,5.0,11.7,82.0,5.0
2023-04-16 22:00:00,4212.43,11.7,82.0,10.6,0.0,5.0,11.7,82.0,5.0
2023-04-16 23:00:00,3705.0899999999997,11.7,82.0,10.6,0.0,5.0,11.7,82.0,5.0
2023-04-17 00:00:00,3574.25,11.7,82.0,10.6,0.0,5.0,11.7,82.0,5.0
2023-04-17 01:00:00,3603.7200000000003,11.7,82.0,10.6,0.0,5.0,11.7,82.0,5.0
2023-04-17 02:00:00,3569.3,11.7,82.0,10.6,0.0,5.0,11.7,82.0,5.0
2023-04-17 03:00:00,3748.29,11.7,82.0,10.6,0.0,5.0,11.7,82.0,5.0
2023-04-17 04:00:00,3633.75,11.7,82.0,10.6,0.0,5.0,11.7,82.0,5.0
2023-04-17 05:00:00,3724.0400000000004,11.7,82.0,10.6,0.0,5.0,11.7,82.0,5.0
2023-04-17 06:00:00,4106.12,11.7,82.0,10.6,0.0,5.0,11.7,82.0,5.0
2023-04-17 07:00:00,4311.61,11.7,82.0,10.6,0.0,5.0,11.7,82.0,5.0
2023-04-17 08:00:00,4632.05,11.7,82.0,10.6,0.0,5.0,11.7,82.0,5.0
2023-04-17 09:00:00,4860.95,11.7,82.0,10.6,0.0,5.0,11.7,82.0,5.0
2023-04-17 10:00:00,5013.6900000000005,11.7,82.0,10.6,0.0,5.0,11.7,82.0,5.0
2023-04-17 11:00:00,5244.25,11.7,82.0,10.6,0.0,5.0,11.7,82.0,5.0
2023-04-17 12:00:00,5087.81,11.7,82.0,10.6,0.0,5.0,11.7,82.0,5.0
2023-04-17 13:00:00,5190.0,11.7,82.0,10.6,0.0,5.0,11.7,82.0,5.0
2023-04-17 14:00:00,5208.58,11.7,82.0,10.6,0.0,5.0,11.7,82.0,5.0
2023-04-17 15:00:00,5042.6,11.7,82.0,10.6,0.0,5.0,11.7,82.0,5.0
2023-04-17 16:00:00,5060.76,11.7,82.0,10.6,0.0,5.0,11.7,82.0,5.0
2023-04-17 17:00:00,5279.07,11.7,82.0,10.6,0.0,5.0,11.7,82.0,5.0
2023-04-17 18:00:00,5610.46,11.7,82.0,10.6,0.0,5.0,11.7,82.0,5.0
2023-04-17 19:00:00,5821.75,11.7,82.0,10.6,0.0,5.0,11.7,82.0,5.0
2023-04-17 20:00:00,5761.04,11.7,82.0,10.6,0.0,5.0,11.7,82.0,5.0
2023-04-17 21:00:00,5441.58,11.7,82.0,10.6,0.0,5.0,11.7,82.0,5.0
2023-04-17 22:00:00,4557.58,11.7,82.0,10.6,0.0,5.0,11.7,82.0,5.0
2023-04-17 23:00:00,4171.27,11.7,82.0,10.6,0.0,5.0,11.7,82.0,5.0
2023-04-18 00:00:00,3460.51,11.7,82.0,10.6,0.0,5.0,11.7,82.0,5.0
2023-04-18 01:00:00,3698.77,11.7,82.0,10.6,0.0,5.0,11.7,82.0,5.0
2023-04-18 02:00:00,3877.35,11.7,82.0,10.6,0.0,5.0,11.7,82.0,5.0
2023-04-18 03:00:00,3847.09,11.7,82.0,10.6,0.0,5.0,11.7,82.0,5.0
2023-04-18 04:00:00,3905.41,11.7,82.0,10.6,0.0,5.0,11.7,82.0,5.0
2023-04-18 05:00:00,3745.58,11.7,82.0,10.6,0.0,5.0,11.7,82.0,5.0
2023-04-18 06:00:00,3951.4900000000002,11.7,82.0,10.6,0.0,5.0,11.7,82.0,5.0
2023-04-18 07:00:00,4478.35,11.7,82.0,10.6,0.0,5.0,11.7,82.0,5.0
2023-04-18 08:00:00,4724.99,11.7,82.0,10.6,0.0,5.0,11.7,82.0,5.0
2023-04-18 09:00:00,5046.69,11.7,82.0,10.6,0.0,5.0,11.7,82.0,5.0
2023-04-18 10:00:00,4925.39,11.7,82.0,10.6,0.0,5.0,11.7,82.0,5.0
2023-04-18 11:00:00,4991.3,11.7,82.0,10.6,0.0,5.0,11.7,82.0,5.0
2023-04-18 12:00:00,5367.35,11.7,82.0,10.6,0.0,5.0,11.7,82.0,5.0
2023-04-18 13:00:00,5400.55,11.7,82.0,10.6,0.0,5.0,11.7,82.0,5.0
2023-04-18 14:00:00,5304.79,11.7,82.0,10.6,0.0,5.0,11.7,82.0,5.0
2023-04-18 15:00:00,5202.84,11.7,82.0,10.6,0.0,5.0,11.7,82.0,5.0
2023-04-18 16:00:00,5107.14,11.7,82.0,10.6,0.0,5.0,11.7,82.0,5.0
2023-04-18 17:00:00,5273.39,11.7,82.0,10.6,0.0,5.0,11.7,82.0,5.0
2023-04-18 18:00:00,5573.66,11.7,82.0,10.6,0.0,5.0,11.7,82.0,5.0
2023-04-18 19:00:00,5748.33,11.7,82.0,10.6,0.0,5.0,11.7,82.0,5.0
2023-04-18 20:00:00,5654.93,11.7,82.0,10.6,0.0,5.0,11.7,82.0,5.0
2023-04-18 21:00:00,5294.18,11.7,82.0,10.6,0.0,5.0,11.7,82.0,5.0
2023-04-18 22:00:00,4542.89,11.7,82.0,10.6,0.0,5.0,11.7,82.0,5.0
2023-04-18 23:00:00,4166.14,11.7,82.0,10.6,0.0,5.0,11.7,82.0,5.0
2023-04-19 00:00:00,3554.5,11.7,82.0,10.6,0.0,5.0,11.7,82.0,5.0
2023-04-19 01:00:00,3632.4700000000003,11.7,82.0,10.6,0.0,5.0,11.7,82.0,5.0
2023-04-19 02:00:00,3622.56,11.7,82.0,10.6,0.0,5.0,11.7,82.0,5.0
2023-04-19 03:00:00,3892.67,11.7,82.0,10.6,0.0,5.0,11.7,82.0,5.0
2023-04-19 04:00:00,3735.81,11.7,82.0,10.6,0.0,5.0,11.7,82.0,5.0
2023-04-19 05:00:00,3775.45,11.7,82.0,10.6,0.0,5.0,11.7,82.0,5.0
2023-04-19 06:00:00,4007.7,11.7,82.0,10.6,0.0,5.0,11.7,82.0,5.0
2023-04-19 07:00:00,4437.63,11.7,82.0,10.6,0.0,5.0,11.7,82.0,5.0
2023-04-19 08:00:00,4781.93,11.7,82.0,10.6,0.0,5.0,11.7,82.0,5.0
2023-04-19 09:00:00,4977.06,11.7,82.0,10.6,0.0,5.0,11.7,82.0,5.0
2023-04-19 10:00:00,4986.17,11.7,82.0,10.6,0.0,5.0,11.7,82.0,5.0
2023-04-19 11:00:00,5285.55,11.7,82.0,10.6,0.0,5.0,11.7,82.0,5.0
2023-04-19 12:00:00,5238.41,11.7,82.0,10.6,0.0,5.0,11.7,82.0,5.0
2023-04-19 13:00:00,5463.55,11.7,82.0,10.6,0.0,5.0,11.7,82.0,5.0
2023-04-19 14:00:00,5207.29,11.7,82.0,10.6,0.0,5.0,11.7,82.0,5.0
2023-04-19 15:00:00,5153.03,11.7,82.0,10.6,0.0,5.0,11.7,82.0,5.0
2023-04-19 16:00:00,4963.04,11.7,82.0,10.6,0.0,5.0,11.7,82.0,5.0
2023-04-19 17:00:00,5403.72,11.7,82.0,10.6,0.0,5.0,11.7,82.0,5.0
2023-04-19 18:00:00,5766.46,11.7,82.0,10.6,0.0,5.0,11.7,82.0,5.0
2023-04-19 19:00:00,5863.02,11.7,82.0,10.6,0.0,5.0,11.7,82.0,5.0
2023-04-19 20:00:00,5604.26,11.7,82.0,10.6,0.0,5.0,11.7,82.0,5.0
2023-04-19 21:00:00,5312.37,11.7,82.0,10.6,0.0,5.0,11.7,82.0,5.0
2023-04-19 22:00:00,4567.0599999999995,11.7,82.0,10.6,0.0,5.0,11.7,82.0,5.0
2023-04-19 23:00:00,4178.2,11.7,82.0,10.6,0.0,5.0,11.7,82.0,5.0
2023-04-20 00:00:00,3531.44,11.7,82.0,10.6,0.0,5.0,11.7,82.0,5.0
2023-04-20 01:00:00,3682.02,11.7,82.0,10.6,0.0,5.0,11.7,82.0,5.0
2023-04-20 02:00:00,3935.14,11.7,82.0,10.6,0.0,5.0,11.7,82.0,5.0
2023-04-20 03:00:00,3898.9,11.7,82.0,10.6,0.0,5.0,11.7,82.0,5.0
2023-04-20 04:00:00,3799.4700000000003,11.7,82.0,10.6,0.0,5.0,11.7,82.0,5.0
2023-04-20 05:00:00,3716.83,11.7,82.0,10.6,0.0,5.0,11.7,82.0,5.0
2023-04-20 06:00:00,4109.1900000000005,11.7,82.0,10.6,0.0,5.0,11.7,82.0,5.0
2023-04-20 07:00:00,4381.72,11.7,82.0,10.6,0.0,5.0,11.7,82.0,5.0
2023-04-20 08:00:00,4915.76,11.7,82.0,10.6,0.0,5.0,11.7,82.0,5.0
2023-04-20 09:00:00,5085.38,11.7,82.0,10.6,0.0,5.0,11.7,82.0,5.0
2023-04-20 10:00:00,5041.16,11.7,82.0,10.6,0.0,5.0,11.7,82.0,5.0
2023-04-20 11:00:00,5369.35,11.7,82.0,10.6,0.0,5.0,11.7,82.0,5.0
2023-04-20 12:00:00,5135.87,11.7,82.0,10.6,0.0,5.0,11.7,82.0,5.0
2023-04-20 13:00:00,5243.36,11.7,82.0,10.6,0.0,5.0,11.7,82.0,5.0
2023-04-20 14:00:00,5465.04,11.7,82.0,10.6,0.0,5.0,11.7,82.0,5.0
2023-04-20 15:00:00,5234.75,11.7,82.0,10.6,0.0,5.0,11.7,82.0,5.0
2023-04-20 16:00:00,4991.64,11.7,82.0,10.6,0.0,5.0,11.7,82.0,5.0
2023-04-20 17:00:00,5391.47,11.7,82.0,10.6,0.0,5.0,11.7,82.0,5.0
2023-04-20 18:00:00,5566.76,11.7,82.0,10.6,0.0,5.0,11.7,82.0,5.0
2023-04-20 19:00:00,5780.37,11.7,82.0,10.6,0.0,5.0,11.7,82.0,5.0
2023-04-20 20:00:00,5545.1,11.7,82.0,10.6,0.0,5.0,11.7,82.0,5.0
2023-04-20 21:00:00,5396.2,11.7,82.0,10.6,0.0,5.0,11.7,82.0,5.0
2023-04-20 22:00:00,4680.98,11.7,82.0,10.6,0.0,5.0,11.7,82.0,5.0
2023-04-20 23:00:00,4342.93,11.7,82.0,10.6,0.0,5.0,11.7,82.0,5.0
2023-04-21 00:00:00,3561.15,11.7,82.0,10.6,0.0,5.0,11.7,82.0,5.0
2023-04-21 01:00:00,3584.41,11.7,82.0,10.6,0.0,5.0,11.7,82.0,5.0
2023-04-21 02:00:00,3837.7999999999997,11.7,82.0,10.6,0.0,5.0,11.7,82.0,5.0
2023-04-21 03:00:00,3981.15,11.7,82.0,10.6,0.0,5.0,11.7,82.0,5.0
2023-04-21 04:00:00,3867.11,11.7,82.0,10.6,0.0,5.0,11.7,82.0,5.0
2023-04-21 05:00:00,3840.45,11.7,82.0,10.6,0.0,5.0,11.7,82.0,5.0
2023-04-21 06:00:00,4159.2699999999995,11.7,82.0,10.6,0.0,5.0,11.7,82.0,5.0
2023-04-21 07:00:00,4472.39,11.7,82.0,10.6,0.0,5.0,11.7,82.0,5.0
2023-04-21 08:00:00,4845.04,11.7,82.0,10.6,0.0,5.0,11.7,82.0,5.0
2023-04-21 09:00:00,4965.67,11.7,82.0,10.6,0.0,5.0,11.7,82.0,5.0
2023-04-21 10:00:00,5071.87,11.7,82.0,10.6,0.0,5.0,11.7,82.0,5.0
2023-04-21 11:00:00,5404.97,11.7,82.0,10.6,0.0,5.0,11.7,82.0,5.0
2023-04-21 12:00:00,5329.53,11.7,82.0,10.6,0.0,5.0,11.7,82.0,5.0
2023-04-21 13:00:00,5391.3099999999995,11.7,82.0,10.6,0.0,5.0,11.7,82.0,5.0
2023-04-21 14:00:00,5294.19,11.7,82.0,10.6,0.0,5.0,11.7,82.0,5.0
2023-04-21 15:00:00,5390.11,11.7,82.0,10.6,0.0,5.0,11.7,82.0,5.0
2023-04-21 16:00:00,5205.66,11.7,82.0,10.6,0.0,5.0,11.7,82.0,5.0
2023-04-21 17:00:00,5461.54,11.7,82.0,10.6,0.0,5.0,11.7,82.0,5.0
2023-04-21 18:00:00,5811.01,11.7,82.0,10.6,0.0,5.0,11.7,82.0,5.0
2023-04-21 19:00:00,5801.7,11.7,82.0,10.6,0.0,5.0,11.7,82.0,5.0
2023-04-21 20:00:00,5660.03,11.7,82.0,10.6,0.0,5.0,11.7,82.0,5.0
2023-04-21 21:00:00,5367.98,11.7,82.0,10.6,0.0,5.0,11.7,82.0,5.0
2023-04-21 22:00:00,4709.01,11.7,82.0,10.6,0.0,5.0,11.7,82.0,5.0
2023-04-21 23:00:00,4266.52,11.7,82.0,10.6,0.0,5.0,11.7,82.0,5.0
2023-04-22 00:00:00,3445.15,11.7,82.0,10.6,0.0,5.0,11.7,82.0,5.0
2023-04-22 01:00:00,3404.51,11.7,82.0,10.6,0.0,5.0,11.7,82.0,5.0
2023-04-22 02:00:00,3767.37,11.7,82.0,10.6,0.0,5.0,11.7,82.0,5.0
2023-04-22 03:00:00,3673.7,11.7,82.0,10.6,0.0,5.0,11.7,82.0,5.0
2023-04-22 04:00:00,3679.6800000000003,11.7,82.0,10.6,0.0,5.0,11.7,82.0,5.0
2023-04-22 05:00:00,3737.1,11.7,82.0,10.6,0.0,5.0,11.7,82.0,5.0
2023-04-22 06:00:00,4006.05,11.7,82.0,10.6,0.0,5.0,11.7,82.0,5.0
2023-04-22 07:00:00,4521.41,11.7,82.0,10.6,0.0,5.0,11.7,82.0,5.0
2023-04-22 08:00:00,4646.0199999999995,11.7,82.0,10.6,0.0,5.0,11.7,82.0,5.0
2023-04-22 09:00:00,4842.45,11.7,82.0,10.6,0.0,5.0,11.7,82.0,5.0
2023-04-22 10:00:00,4853.61,11.7,82.0,10.6,0.0,5.0,11.7,82.0,5.0
2023-04-22 11:00:00,5053.32,11.7,82.0,10.6,0.0,5.0,11.7,82.0,5.0
2023-04-22 12:00:00,4959.3,11.7,82.0,10.6,0.0,5.0,11.7,82.0,5.0
2023-04-22 13:00:00,5219.04,11.7,82.0,10.6,0.0,5.0,11.7,82.0,5.0
2023-04-22 14:00:00,5238.64,11.7,82.0,10.6,0.0,5.0,11.7,82.0,5.0
2023-04-22 15:00:00,5009.0,11.7,82.0,10.6,0.0,5.0,11.7,82.0,5.0
2023-04-22 16:00:00,4911.98,11.7,82.0,10.6,0.0,5.0,11.7,82.0,5.0
2023-04-22 17:00:00,5264.58,11.7,82.0,10.6,0.0,5.0,11.7,82.0,5.0
2023-04-22 18:00:00,5583.99,11.7,82.0,10.6,0.0,5.0,11.7,82.0,5.0
2023-04-22 19:00:00,5611.7,11.7,82.0,10.6,0.0,5.0,11.7,82.0,5.0
2023-04-22 20:00:00,5588.4400000000005,11.7,82.0,10.6,0.0,5.0,11.7,82.0,5.0
2023-04-22 21:00:00,5264.5199999999995,11.7,82.0,10.6,0.0,5.0,11.7,82.0,5.0
2023-04-22 22:00:00,4458.54,11.7,82.0,10.6,0.0,5.0,11.7,82.0,5.0
2023-04-22 23:00:00,4132.0599999999995,11.7,82.0,10.6,0.0,5.0,11.7,82.0,5.0
2023-04-23 00:00:00,3292.18,11.7,82.0,10.6,0.0,5.0,11.7,82.0,5.0
2023-04-23 01:00:00,3380.48,11.7,82.0,10.6,0.0,5.0,11.7,82.0,5.0
2023-04-23 02:00:00,3477.89,11.7,82.0,10.6,0.0,5.0,11.7,82.0,5.0
2023-04-23 03:00:00,3348.08,11.7,82.0,10.6,0.0,5.0,11.7,82.0,5.0
2023-04-23 04:00:00,3548.0099999999998,11.7,82.0,10.6,0.0,5.0,11.7,82.0,5.0
2023-04-23 05:00:00,3627.94,11.7,82.0,10.6,0.0,5.0,11.7,82.0,5.0
2023-04-23 06:00:00,3839.36,11.7,82.0,10.6,0.0,5.0,11.7,82.0,5.0
2023-04-23 07:00:00,4098.22,11.7,82.0,10.6,0.0,5.0,11.7,82.0,5.0
2023-04-23 08:00:00,4399.02,11.7,82.0,10.6,0.0,5.0,11.7,82.0,5.0
2023-04-23 09:00:00,4626.2,11.7,82.0,10.6,0.0,5.0,11.7,82.0,5.0
2023-04-23 10:00:00,4592.8,11.7,82.0,10.6,0.0,5.0,11.7,82.0,5.0
2023-04-23 11:00:00,4741.84,11.7,82.0,10.6,0.0,5.0,11.7,82.0,5.0
2023-04-23 12:00:00,5002.67,11.7,82.0,10.6,0.0,5.0,11.7,82.0,5.0
2023-04-23 13:00:00,4901.44,11.7,82.0,10.6,0.0,5.0,11.7,82.0,5.0
2023-04-23 14:00:00,5049.5199999999995,11.7,82.0,10.6,0.0,5.0,11.7,82.0,5.0
2023-04-23 15:00:00,4756.03,11.7,82.0,10.6,0.0,5.0,11.7,82.0,5.0
2023-04-23 16:00:00,4611.59,11.7,82.0,10.6,0.0,5.0,11.7,82.0,5.0
2023-04-23 17:00:00,5141.54,11.7,82.0,10.6,0.0,5.0,11.7,82.0,5.0
2023-04-23 18:00:00,5354.88,11.7,82.0,10.6,0.0,5.0,11.7,82.0,5.0
2023-04-23 19:00:00,5430.44,11.7,82.0,10.6,0.0,5.0,11.7,82.0,5.0
2023-04-23 20:00:00,5199.19,11.7,82.0,10.6,0.0,5.0,11.7,82.0,5.0
2023-04-23 21:00:00,5098.15,11.7,82.0,10.6,0.0,5.0,11.7,82.0,5.0
2023-04-23 22:00:00,4299.14,11.7,82.0,10.6,0.0,5.0,11.7,82.0,5.0
2023-04-23 23:00:00,3957.16,11.7,82.0,10.6,0.0,5.0,11.7,82.0,5.0
2023-04-24 00:00:00,3517.1800000000003,11.7,82.0,10.6,0.0,5.0,11.7,82.0,5.0
2023-04-24 01:00:00,3620.52,11.7,82.0,10.6,0.0,5.0,11.7,82.0,5.0
2023-04-24 02:00:00,3747.76,11.7,82.0,10.6,0.0,5.0,11.7,82.0,5.0
2023-04-24 03:00:00,3838.99,11.7,82.0,10.6,0.0,5.0,11.7,82.0,5.0
2023-04-24 04:00:00,3838.02,11.7,82.0,10.6,0.0,5.0,11.7,82.0,5.0
2023-04-24 05:00:00,3755.2,11.7,82.0,10.6,0.0,5.0,11.7,82.0,5.0
2023-04-24 06:00:00,4224.09,11.7,82.0,10.6,0.0,5.0,11.7,82.0,5.0
2023-04-24 07:00:00,4681.91,11.7,82.0,10.6,0.0,5.0,11.7,82.0,5.0
2023-04-24 08:00:00,4929.06,11.7,82.0,10.6,0.0,5.0,11.7,82.0,5.0
2023-04-24 09:00:00,5131.34,11.7,82.0,10.6,0.0,5.0,11.7,82.0,5.0
2023-04-24 10:00:00,5212.79,11.7,82.0,10.6,0.0,5.0,11.7,82.0,5.0
2023-04-24 11:00:00,5218.070000000001,11.7,82.0,10.6,0.0,5.0,11.7,82.0,5.0
2023-04-24 12:00:00,5327.56,11.7,82.0,10.6,0.0,5.0,11.7,82.0,5.0
2023-04-24 13:00:00,5352.24,11.7,82.0,10.6,0.0,5.0,11.7,82.0,5.0
2023-04-24 14:00:00,5446.610000000001,11.7,82.0,10.6,0.0,5.0,11.7,82.0,5.0
2023-04-24 15:00:00,5388.98,11.7,82.0,10.6,0.0,5.0,11.7,82.0,5.0
2023-04-24 16:00:00,5201.03,11.7,82.0,10.6,0.0,5.0,11.7,82.0,5.0
2023-04-24 17:00:00,5469.65,11.7,82.0,10.6,0.0,5.0,11.7,82.0,5.0
2023-04-24 18:00:00,5820.63,11.7,82.0,10.6,0.0,5.0,11.7,82.0,5.0
2023-04-24 19:00:00,5937.82,11.7,82.0,10.6,0.0,5.0,11.7,82.0,5.0
2023-04-24 20:00:00,5821.96,11.7,82.0,10.6,0.0,5.0,11.7,82.0,5.0
2023-04-24 21:00:00,5521.92,11.7,82.0,10.6,0.0,5.0,11.7,82.0,5.0
2023-04-24 22:00:00,4775.87,11.7,82.0,10.6,0.0,5.0,11.7,82.0,5.0
2023-04-24 23:00:00,4524.73,11.7,82.0,10.6,0.0,5.0,11.7,82.0,5.0
2023-04-25 00:00:00,3571.04,11.7,82.0,10.6,0.0,5.0,11.7,82.0,5.0
2023-04-25 01:00:00,3786.45,11.7,82.0,10.6,0.0,5.0,11.7,82.0,5.0
2023-04-25 02:00:00,3923.23,11.7,82.0,10.6,0.0,5.0,11.7,82.0,5.0
2023-04-25 03:00:00,3862.13,11.7,82.0,10.6,0.0,5.0,11.7,82.0,5.0
2023-04-25 04:00:00,3888.62,11.7,82.0,10.6,0.0,5.0,11.7,82.0,5.0
2023-04-25 05:00:00,3981.52,11.7,82.0,10.6,0.0,5.0,11.7,82.0,5.0
2023-04-25 06:00:00,4068.45,11.7,82.0,10.6,0.0,5.0,11.7,82.0,5.0
2023-04-25 07:00:00,4421.49,11.7,82.0,10.6,0.0,5.0,11.7,82.0,5.0
2023-04-25 08:00:00,4813.69,11.7,82.0,10.6,0.0,5.0,11.7,82.0,5.0
2023-04-25 09:00:00,5253.39,11.7,82.0,10.6,0.0,5.0,11.7,82.0,5.0
2023-04-25 10:00:00,5287.389999999999,11.7,82.0,10.6,0.0,5.0,11.7,82.0,5.0
2023-04-25 11:00:00,5233.64,11.7,82.0,10.6,0.0,5.0,11.7,82.0,5.0
2023-04-25 12:00:00,5527.2,11.7,82.0,10.6,0.0,5.0,11.7,82.0,5.0
2023-04-25 13:00:00,5445.83,11.7,82.0,10.6,0.0,5.0,11.7,82.0,5.0
2023-04-25 14:00:00,5478.5,11.7,82.0,10.6,0.0,5.0,11.7,82.0,5.0
2023-04-25 15:00:00,5269.07,11.7,82.0,10.6,0.0,5.0,11.7,82.0,5.0
2023-04-25 16:00:00,5157.15,11.7,82.0,10.6,0.0,5.0,11.7,82.0,5.0
2023-04-25 17:00:00,5503.18,11.7,82.0,10.6,0.0,5.0,11.7,82.0,5.0
2023-04-25 18:00:00,5786.91,11.7,82.0,10.6,0.0,5.0,11.7,82.0,5.0
2023-04-25 19:00:00,5994.96,11.7,82.0,10.6,0.0,5.0,11.7,82.0,5.0
2023-04-25 20:00:00,5649.66,11.7,82.0,10.6,0.0,5.0,11.7,82.0,5.0
2023-04-25 21:00:00,5477.73,11.7,82.0,10.6,0.0,5.0,11.7,82.0,5.0
2023-04-25 22:00:00,4937.1,11.7,82.0,10.6,0.0,5.0,11.7,82.0,5.0
2023-04-25 23:00:00,4382.79,11.7,82.0,10.6,0.0,5.0,11.7,82.0,5.0
2023-04-26 00:00:00,3837.4900000000002,11.7,82.0,10.6,0.0,5.0,11.7,82.0,5.0
2023-04-26 01:00:00,3824.05,11.7,82.0,10.6,0.0,5.0,11.7,82.0,5.0
2023-04-26 02:00:00,3949.96,11.7,82.0,10.6,0.0,5.0,11.7,82.0,5.0
2023-04-26 03:00:00,3907.06,11.7,82.0,10.6,0.0,5.0,11.7,82.0,5.0
2023-04-26 04:00:00,3823.5699999999997,11.7,82.0,10.6,0.0,5.0,11.7,82.0,5.0
2023-04-26 05:00:00,3861.07,11.7,82.0,10.6,0.0,5.0,11.7,82.0,5.0
2023-04-26 06:00:00,4270.42,11.7,82.0,10.6,0.0,5.0,11.7,82.0,5.0
2023-04-26 07:00:00,4549.1,11.7,82.0,10.6,0.0,5.0,11.7,82.0,5.0
2023-04-26 08:00:00,4874.18,11.7,82.0,10.6,0.0,5.0,11.7,82.0,5.0
2023-04-26 09:00:00,5057.58,11.7,82.0,10.6,0.0,5.0,11.7,82.0,5.0
2023-04-26 10:00:00,5190.46,11.7,82.0,10.6,0.0,5.0,11.7,82.0,5.0
2023-04-26 11:00:00,5190.22,11.7,82.0,10.6,0.0,5.0,11.7,82.0,5.0
2023-04-26 12:00:00,5344.25,11.7,82.0,10.6,0.0,5.0,11.7,82.0,5.0
2023-04-26 13:00:00,5398.1,11.7,82.0,10.6,0.0,5.0,11.7,82.0,5.0
2023-04-26 14:00:00,5498.01,11.7,82.0,10.6,0.0,5.0,11.7,82.0,5.0
2023-04-26 15:00:00,5410.1900000000005,11.7,82.0,10.6,0.0,5.0,11.7,82.0,5.0
2023-04-26 16:00:00,5188.35,11.7,82.0,10.6,0.0,5.0,11.7,82.0,5.0
2023-04-26 17:00:00,5457.93,11.7,82.0,10.6,0.0,5.0,11.7,82.0,5.0
2023-04-26 18:00:00,5683.3099999999995,11.7,82.0,10.6,0.0,5.0,11.7,82.0,5.0
2023-04-26 19:00:00,5953.36,11.7,82.0,10.6,0.0,5.0,11.7,82.0,5.0
2023-04-26 20:00:00,5900.32,11.7,82.0,10.6,0.0,5.0,11.7,82.0,5.0
2023-04-26 21:00:00,5388.12,11.7,82.0,10.6,0.0,5.0,11.7,82.0,5.0
2023-04-26 22:00:00,4732.71,11.7,82.0,10.6,0.0,5.0,11.7,82.0,5.0
2023-04-26 23:00:00,4222.72,11.7,82.0,10.6,0.0,5.0,11.7,82.0,5.0
2023-04-27 00:00:00,3612.6099999999997,11.7,82.0,10.6,0.0,5.0,11.7,82.0,5.0
2023-04-27 01:00:00,3836.3,11.7,82.0,10.6,0.0,5.0,11.7,82.0,5.0
2023-04-27 02:00:00,4006.11,11.7,82.0,10.6,0.0,5.0,11.7,82.0,5.0
2023-04-27 03:00:00,3890.7200000000003,11.7,82.0,10.6,0.0,5.0,11.7,82.0,5.0
2023-04-27 04:00:00,3916.16,11.7,82.0,10.6,0.0,5.0,11.7,82.0,5.0
2023-04-27 05:00:00,3974.87,11.7,82.0,10.6,0.0,5.0,11.7,82.0,5.0
2023-04-27 06:00:00,4458.41,11.7,82.0,10.6,0.0,5.0,11.7,82.0,5.0
2023-04-27 07:00:00,4564.63,11.7,82.0,10.6,0.0,5.0,11.7,82.0,5.0
2023-04-27 08:00:00,4916.4800000000005,11.7,82.0,10.6,0.0,5.0,11.7,82.0,5.0
2023-04-27 09:00:00,5398.889999999999,11.7,82.0,10.6,0.0,5.0,11.7,82.0,5.0
2023-04-27 10:00:00,5145.48,11.7,82.0,10.6,0.0,5.0,11.7,82.0,5.0
2023-04-27 11:00:00,5424.639999999999,11.7,82.0,10.6,0.0,5.0,11.7,82.0,5.0
2023-04-27 12:00:00,5542.85,11.7,82.0,10.6,0.0,5.0,11.7,82.0,5.0
2023-04-27 13:00:00,5627.360000000001,11.7,82.0,10.6,0.0,5.0,11.7,82.0,5.0
2023-04-27 14:00:00,5492.42,11.7,82.0,10.6,0.0,5.0,11.7,82.0,5.0
2023-04-27 15:00:00,5268.96,11.7,82.0,10.6,0.0,5.0,11.7,82.0,5.0
2023-04-27 16:00:00,5268.01,11.7,82.0,10.6,0.0,5.0,11.7,82.0,5.0
2023-04-27 17:00:00,5629.3,11.7,82.0,10.6,0.0,5.0,11.7,82.0,5.0
2023-04-27 18:00:00,5866.8,11.7,82.0,10.6,0.0,5.0,11.7,82.0,5.0
2023-04-27 19:00:00,5974.46,11.7,82.0,10.6,0.0,5.0,11.7,82.0,5.0
2023-04-27 20:00:00,5825.22,11.7,82.0,10.6,0.0,5.0,11.7,82.0,5.0
2023-04-27 21:00:00,5600.45,11.7,82.0,10.6,0.0,5.0,11.7,82.0,5.0
2023-04-27 22:00:00,4909.61,11.7,82.0,10.6,0.0,5.0,11.7,82.0,5.0
2023-04-27 23:00:00,4392.849999999999,11.7,82.0,10.6,0.0,5.0,11.7,82.0,5.0
2023-04-28 00:00:00,3598.1,11.7,82.0,10.6,0.0,5.0,11.7,82.0,5.0
2023-04-28 01:00:00,3913.55,11.7,82.0,10.6,0.0,5.0,11.7,82.0,5.0
2023-04-28 02:00:00,3885.33,11.7,82.0,10.6,0.0,5.0,11.7,82.0,5.0
2023-04-28 03:00:00,4049.44,11.7,82.0,10.6,0.0,5.0,11.7,82.0,5.0
2023-04-28 04:00:00,3788.58,11.7,82.0,10.6,0.0,5.0,11.7,82.0,5.0
2023-04-28 05:00:00,4060.84,11.7,82.0,10.6,0.0,5.0,11.7,82.0,5.0
2023-04-28 06:00:00,4304.7,11.7,82.0,10.6,0.0,5.0,11.7,82.0,5.0
2023-04-28 07:00:00,4694.43,11.7,82.0,10.6,0.0,5.0,11.7,82.0,5.0
2023-04-28 08:00:00,4966.62,11.7,82.0,10.6,0.0,5.0,11.7,82.0,5.0
2023-04-28 09:00:00,5296.91,11.7,82.0,10.6,0.0,5.0,11.7,82.0,5.0
2023-04-28 10:00:00,5228.62,11.7,82.0,10.6,0.0,5.0,11.7,82.0,5.0
2023-04-28 11:00:00,5361.56,11.7,82.0,10.6,0.0,5.0,11.7,82.0,5.0
2023-04-28 12:00:00,5562.7,11.7,82.0,10.6,0.0,5.0,11.7,82.0,5.0
2023-04-28 13:00:00,5583.68,11.7,82.0,10.6,0.0,5.0,11.7,82.0,5.0
2023-04-28 14:00:00,5559.4,11.7,82.0,10.6,0.0,5.0,11.7,82.0,5.0
2023-04-28 15:00:00,5489.03,11.7,82.0,10.6,0.0,5.0,11.7,82.0,5.0
2023-04-28 16:00:00,5164.16,11.7,82.0,10.6,0.0,5.0,11.7,82.0,5.0
2023-04-28 17:00:00,5556.78,11.7,82.0,10.6,0.0,5.0,11.7,82.0,5.0
2023-04-28 18:00:00,5982.26,11.7,82.0,10.6,0.0,5.0,11.7,82.0,5.0
2023-04-28 19:00:00,6070.4800000000005,11.7,82.0,10.6,0.0,5.0,11.7,82.0,5.0
2023-04-28 20:00:00,5970.49,11.7,82.0,10.6,0.0,5.0,11.7,82.0,5.0
2023-04-28 21:00:00,5535.45,11.7,82.0,10.6,0.0,5.0,11.7,82.0,5.0
2023-04-28 22:00:00,5011.24,11.7,82.0,10.6,0.0,5.0,11.7,82.0,5.0
2023-04-28 23:00:00,4295.5,11.7,82.0,10.6,0.0,5.0,11.7,82.0,5.0
2023-04-29 00:00:00,3676.05,11.7,82.0,10.6,0.0,5.0,11.7,82.0,5.0
2023-04-29 01:00:00,3699.65,11.7,82.0,10.6,0.0,5.0,11.7,82.0,5.0
2023-04-29 02:00:00,3821.45,11.7,82.0,10.6,0.0,5.0,11.7,82.0,5.0
2023-04-29 03:00:00,3831.8199999999997,11.7,82.0,10.6,0.0,5.0,11.7,82.0,5.0
2023-04-29 04:00:00,3672.73,11.7,82.0,10.6,0.0,5.0,11.7,82.0,5.0
2023-04-29 05:00:00,3901.12,11.7,82.0,10.6,0.0,5.0,11.7,82.0,5.0
2023-04-29 06:00:00,4220.66,11.7,82.0,10.6,0.0,5.0,11.7,82.0,5.0
2023-04-29 07:00:00,4381.62,11.7,82.0,10.6,0.0,5.0,11.7,82.0,5.0
2023-04-29 08:00:00,4729.53,11.7,82.0,10.6,0.0,5.0,11.7,82.0,5.0
2023-04-29 09:00:00,5046.79,11.7,82.0,10.6,0.0,5.0,11.7,82.0,5.0
2023-04-29 10:00:00,5019.04,11.7,82.0,10.6,0.0,5.0,11.7,82.0,5.0
2023-04-29 11:00:00,5169.52,11.7,82.0,10.6,0.0,5.0,11.7,82.0,5.0
2023-04-29 12:00:00,5252.63,11.7,82.0,10.6,0.0,5.0,11.7,82.0,5.0
2023-04-29 13:00:00,5309.0599999999995,11.7,82.0,10.6,0.0,5.0,11.7,82.0,5.0
2023-04-29 14:00:00,5475.88,11.7,82.0,10.6,0.0,5.0,11.7,82.0,5.0
2023-04-29 15:00:00,5273.26,11.7,82.0,10.6,0.0,5.0,11.7,82.0,5.0
2023-04-29 16:00:00,5007.5199999999995,11.7,82.0,10.6,0.0,5.0,11.7,82.0,5.0
2023-04-29 17:00:00,5376.66,11.7,82.0,10.6,0.0,5.0,11.7,82.0,5.0
2023-04-29 18:00:00,5711.42,11.7,82.0,10.6,0.0,5.0,11.7,82.0,5.0
2023-04-29 19:00:00,5827.88,11.7,82.0,10.6,0.0,5.0,11.7,82.0,5.0
2023-04-29 20:00:00,5600.98,11.7,82.0,10.6,0.0,5.0,11.7,82.0,5.0
2023-04-29 21:00:00,5290.88,11.7,82.0,10.6,0.0,5.0,11.7,82.0,5.0
2023-04-29 22:00:00,4708.18,11.7,82.0,10.6,0.0,5.0,11.7,82.0,5.0
2023-04-29 23:00:00,4250.08,11.7,82.0,10.6,0.0,5.0,11.7,82.0,5.0
2023-04-30 00:00:00,3323.17,11.7,82.0,10.6,0.0,5.0,11.7,82.0,5.0
2023-04-30 01:00:00,3471.1,11.7,82.0,10.6,0.0,5.0,11.7,82.0,5.0
2023-04-30 02:00:00,3657.96,11.7,82.0,10.6,0.0,5.0,11.7,82.0,5.0
2023-04-30 03:00:00,3642.74,11.7,82.0,10.6,0.0,5.0,11.7,82.0,5.0
2023-04-30 04:00:00,3636.64,11.7,82.0,10.6,0.0,5.0,11.7,82.0,5.0
2023-04-30 05:00:00,3729.06,11.7,82.0,10.6,0.0,5.0,11.7,82.0,5.0
2023-04-30 06:00:00,3757.06,11.7,82.0,10.6,0.0,5.0,11.7,82.0,5.0
2023-04-30 07:00:00,4179.18,11.7,82.0,10.6,0.0,5.0,11.7,82.0,5.0
2023-04-30 08:00:00,4419.71,11.7,82.0,10.6,0.0,5.0,11.7,82.0,5.0
2023-04-30 09:00:00,4868.03,11.7,82.0,10.6,0.0,5.0,11.7,82.0,5.0
2023-04-30 10:00:00,4895.48,11.7,82.0,10.6,0.0,5.0,11.7,82.0,5.0
2023-04-30 11:00:00,4933.28,11.7,82.0,10.6,0.0,5.0,11.7,82.0,5.0
2023-04-30 12:00:00,5151.24,11.7,82.0,10.6,0.0,5.0,11.7,82.0,5.0
2023-04-30 13:00:00,5101.47,11.7,82.0,10.6,0.0,5.0,11.7,82.0,5.0
2023-04-30 14:00:00,5001.950000000001,11.7,82.0,10.6,0.0,5.0,11.7,82.0,5.0
2023-04-30 15:00:00,5005.05,11.7,82.0,10.6,0.0,5.0,11.7,82.0,5.0
2023-04-30 16:00:00,4651.28,11.7,82.0,10.6,0.0,5.0,11.7,82.0,5.0
2023-04-30 17:00:00,5097.78,11.7,82.0,10.6,0.0,5.0,11.7,82.0,5.0
2023-04-30 18:00:00,5436.04,11.7,82.0,10.6,0.0,5.0,11.7,82.0,5.0
2023-04-30 19:00:00,5496.51,11.7,82.0,10.6,0.0,5.0,11.7,82.0,5.0
2023-04-30 20:00:00,5453.7300000000005,11.7,82.0,10.6,0.0,5.0,11.7,82.0,5.0
2023-04-30 21:00:00,5225.67,11.7,82.0,10.6,0.0,5.0,11.7,82.0,5.0
2023-04-30 22:00:00,4363.74,11.7,82.0,10.6,0.0,5.0,11.7,82.0,5.0
2023-04-30 23:00:00,3940.18,11.7,82.0,10.6,0.0,5.0,11.7,82.0,5.0
2023-05-01 00:00:00,3917.69,11.7,82.0,10.6,0.0,5.0,11.7,82.0,5.0
2023-05-01 01:00:00,3850.05,11.7,82.0,10.6,0.0,5.0,11.7,82.0,5.0
2023-05-01 02:00:00,4144.43,11.7,82.0,10.6,0.0,5.0,11.7,82.0,5.0
2023-05-01 03:00:00,4084.21,11.7,82.0,10.6,0.0,5.0,11.7,82.0,5.0
2023-05-01 04:00:00,4082.0,11.7,82.0,10.6,0.0,5.0,11.7,82.0,5.0
2023-05-01 05:00:00,4075.42,11.7,82.0,10.6,0.0,5.0,11.7,82.0,5.0
2023-05-01 06:00:00,4317.57,11.7,82.0,10.6,0.0,5.0,11.7,82.0,5.0
2023-05-01 07:00:00,4642.28,11.7,82.0,10.6,0.0,5.0,11.7,82.0,5.0
2023-05-01 08:00:00,4882.27,11.7,82.0,10.6,0.0,5.0,11.7,82.0,5.0
2023-05-01 09:00:00,5391.41,11.7,82.0,10.6,0.0,5.0,11.7,82.0,5.0
2023-05-01 10:00:00,5210.87,11.7,82.0,10.6,0.0,5.0,11.7,82.0,5.0
2023-05-01 11:00:00,5373.3,11.7,82.0,10.6,0.0,5.0,11.7,82.0,5.0
2023-05-01 12:00:00,5689.74,11.7,82.0,10.6,0.0,5.0,11.7,82.0,5.0
2023-05-01 13:00:00,5601.05,11.7,82.0,10.6,0.0,5.0,11.7,82.0,5.0
2023-05-01 14:00:00,5566.29,11.7,82.0,10.6,0.0,5.0,11.7,82.0,5.0
2023-05-01 15:00:00,5479.860000000001,11.7,82.0,10.6,0.0,5.0,11.7,82.0,5.0
2023-05-01 16:00:00,5418.0199999999995,11.7,82.0,10.6,0.0,5.0,11.7,82.0,5.0
2023-05-01 17:00:00,5725.2300000000005,11.7,82.0,10.6,0.0,5.0,11.7,82.0,5.0
2023-05-01 18:00:00,5863.55,11.7,82.0,10.6,0.0,5.0,11.7,82.0,5.0
2023-05-01 19:00:00,6103.05,11.7,82.0,10.6,0.0,5.0,11.7,82.0,5.0
2023-05-01 20:00:00,6126.13,11.7,82.0,10.6,0.0,5.0,11.7,82.0,5.0
2023-05-01 21:00:00,5692.9800000000005,11.7,82.0,10.6,0.0,5.0,11.7,82.0,5.0
2023-05-01 22:00:00,4759.4,11.7,82.0,10.6,0.0,5.0,11.7,82.0,5.0
2023-05-01 23:00:00,4313.04,11.7,82.0,10.6,0.0,5.0,11.7,82.0,5.0
2023-05-02 00:00:00,3927.0299999999997,11.7,82.0,10.6,0.0,5.0,11.7,82.0,5.0
2023-05-02 01:00:00,3895.7200000000003,11.7,82.0,10.6,0.0,5.0,11.7,82.0,5.0
2023-05-02 02:00:00,3992.94,11.7,82.0,10.6,0.0,5.0,11.7,82.0,5.0
2023-05-02 03:00:00,4047.08,11.7,82.0,10.6,0.0,5.0,11.7,82.0,5.0
2023-05-02 04:00:00,3958.01,11.7,82.0,10.6,0.0,5.0,11.7,82.0,5.0
2023-05-02 05:00:00,4006.62,11.7,82.0,10.6,0.0,5.0,11.7,82.0,5.0
2023-05-02 06:00:00,4300.91,11.7,82.0,10.6,0.0,5.0,11.7,82.0,5.0
2023-05-02 07:00:00,4749.51,11.7,82.0,10.6,0.0,5.0,11.7,82.0,5.0
2023-05-02 08:00:00,4987.15,11.7,82.0,10.6,0.0,5.0,11.7,82.0,5.0
2023-05-02 09:00:00,5254.58,11.7,82.0,10.6,0.0,5.0,11.7,82.0,5.0
2023-05-02 10:00:00,5345.06,11.7,82.0,10.6,0.0,5.0,11.7,82.0,5.0
2023-05-02 11:00:00,5571.01,11.7,82.0,10.6,0.0,5.0,11.7,82.0,5.0
2023-05-02 12:00:00,5703.25,11.7,82.0,10.6,0.0,5.0,11.7,82.0,5.0
2023-05-02 13:00:00,5741.9800000000005,11.7,82.0,10.6,0.0,5.0,11.7,82.0,5.0
2023-05-02 14:00:00,5557.64,11.7,82.0,10.6,0.0,5.0,11.7,82.0,5.0
2023-05-02 15:00:00,5537.91,11.7,82.0,10.6,0.0,5.0,11.7,82.0,5.0
2023-05-02 16:00:00,5390.15,11.7,82.0,10.6,0.0,5.0,11.7,82.0,5.0
2023-05-02 17:00:00,5578.929999999999,11.7,82.0,10.6,0.0,5.0,11.7,82.0,5.0
2023-05-02 18:00:00,6054.17,11.7,82.0,10.6,0.0,5.0,11.7,82.0,5.0
2023-05-02 19:00:00,6100.83,11.7,82.0,10.6,0.0,5.0,11.7,82.0,5.0
2023-05-02 20:00:00,6181.82,11.7,82.0,10.6,0.0,5.0,11.7,82.0,5.0
2023-05-02 21:00:00,5739.95,11.7,82.0,10.6,0.0,5.0,11.7,82.0,5.0
2023-05-02 22:00:00,4873.48,11.7,82.0,10.6,0.0,5.0,11.7,82.0,5.0
2023-05-02 23:00:00,4605.07,11.7,82.0,10.6,0.0,5.0,11.7,82.0,5.0
2023-05-03 00:00:00,3734.0299999999997,11.7,82.0,10.6,0.0,5.0,11.7,82.0,5.0
2023-05-03 01:00:00,3962.41,11.7,82.0,10.6,0.0,5.0,11.7,82.0,5.0
2023-05-03 02:00:00,4105.99,11.7,82.0,10.6,0.0,5.0,11.7,82.0,5.0
2023-05-03 03:00:00,4196.46,11.7,82.0,10.6,0.0,5.0,11.7,82.0,5.0
2023-05-03 04:00:00,4008.04,11.7,82.0,10.6,0.0,5.0,11.7,82.0,5.0
2023-05-03 05:00:00,4118.04,11.7,82.0,10.6,0.0,5.0,11.7,82.0,5.0
2023-05-03 06:00:00,4362.07,11.7,82.0,10.6,0.0,5.0,11.7,82.0,5.0
2023-05-03 07:00:00,4746.07,11.7,82.0,10.6,0.0,5.0,11.7,82.0,5.0
2023-05-03 08:00:00,5025.28,11.7,82.0,10.6,0.0,5.0,11.7,82.0,5.0
2023-05-03 09:00:00,5324.27,11.7,82.0,10.6,0.0,5.0,11.7,82.0,5.0
2023-05-03 10:00:00,5394.0599999999995,11.7,82.0,10.6,0.0,5.0,11.7,82.0,5.0
2023-05-03 11:00:00,5699.17,11.7,82.0,10.6,0.0,5.0,11.7,82.0,5.0
2023-05-03 12:00:00,5629.72,11.7,82.0,10.6,0.0,5.0,11.7,82.0,5.0
2023-05-03 13:00:00,5644.05,11.7,82.0,10.6,0.0,5.0,11.7,82.0,5.0
2023-05-03 14:00:00,5658.17,11.7,82.0,10.6,0.0,5.0,11.7,82.0,5.0
2023-05-03 15:00:00,5638.09,11.7,82.0,10.6,0.0,5.0,11.7,82.0,5.0
2023-05-03 16:00:00,5299.14,11.7,82.0,10.6,0.0,5.0,11.7,82.0,5.0
2023-05-03 17:00:00,5662.5,11.7,82.0,10.6,0.0,5.0,11.7,82.0,5.0
2023-05-03 18:00:00,6197.37,11.7,82.0,10.6,0.0,5.0,11.7,82.0,5.0
2023-05-03 19:00:00,6210.57,11.7,82.0,10.6,0.0,5.0,11.7,82.0,5.0
2023-05-03 20:00:00,6036.17,11.7,82.0,10.6,0.0,5.0,11.7,82.0,5.0
2023-05-03 21:00:00,5599.16,11.7,82.0,10.6,0.0,5.0,11.7,82.0,5.0
2023-05-03 22:00:00,4859.78,11.7,82.0,10.6,0.0,5.0,11.7,82.0,5.0
2023-05-03 23:00:00,4594.93,11.7,82.0,10.6,0.0,5.0,11.7,82.0,5.0
2023-05-04 00:00:00,3862.25,11.7,82.0,10.6,0.0,5.0,11.7,82.0,5.0
2023-05-04 01:00:00,3922.52,11.7,82.0,10.6,0.0,5.0,11.7,82.0,5.0
2023-05-04 02:00:00,4074.9700000000003,11.7,82.0,10.6,0.0,5.0,11.7,82.0,5.0
2023-05-04 03:00:00,3954.33,11.7,82.0,10.6,0.0,5.0,11.7,82.0,5.0
2023-05-04 04:00:00,4112.82,11.7,82.0,10.6,0.0,5.0,11.7,82.0,5.0
2023-05-04 05:00:00,4134.53,11.7,82.0,10.6,0.0,5.0,11.7,82.0,5.0
2023-05-04 06:00:00,4371.78,11.7,82.0,10.6,0.0,5.0,11.7,82.0,5.0
2023-05-04 07:00:00,4736.21,11.7,82.0,10.6,0.0,5.0,11.7,82.0,5.0
2023-05-04 08:00:00,5089.28,11.7,82.0,10.6,0.0,5.0,11.7,82.0,5.0
2023-05-04 09:00:00,5251.8099999999995,11.7,82.0,10.6,0.0,5.0,11.7,82.0,5.0
2023-05-04 10:00:00,5301.889999999999,11.7,82.0,10.6,0.0,5.0,11.7,82.0,5.0
2023-05-04 11:00:00,5342.95,11.7,82.0,10.6,0.0,5.0,11.7,82.0,5.0
2023-05-04 12:00:00,5752.98,11.7,82.0,10.6,0.0,5.0,11.7,82.0,5.0
2023-05-04 13:00:00,5676.13,11.7,82.0,10.6,0.0,5.0,11.7,82.0,5.0
2023-05-04 14:00:00,5653.2,11.7,82.0,10.6,0.0,5.0,11.7,82.0,5.0
2023-05-04 15:00:00,5523.91,11.7,82.0,10.6,0.0,5.0,11.7,82.0,5.0
2023-05-04 16:00:00,5380.83,11.7,82.0,10.6,0.0,5.0,11.7,82.0,5.0
2023-05-04 17:00:00,5632.76,11.7,82.0,10.6,0.0,5.0,11.7,82.0,5.0
2023-05-04 18:00:00,6013.15,11.7,82.0,10.6,0.0,5.0,11.7,82.0,5.0
2023-05-04 19:00:00,6166.25,11.7,82.0,10.6,0.0,5.0,11.7,82.0,5.0
2023-05-04 20:00:00,5957.61,11.7,82.0,10.6,0.0,5.0,11.7,82.0,5.0
2023-05-04 21:00:00,5566.85,11.7,82.0,10.6,0.0,5.0,11.7,82.0,5.0
2023-05-04 22:00:00,5071.82,11.7,82.0,10.6,0.0,5.0,11.7,82.0,5.0
2023-05-04 23:00:00,4657.85,11.7,82.0,10.6,0.0,5.0,11.7,82.0,5.0
2023-05-05 00:00:00,3713.78,11.7,82.0,10.6,0.0,5.0,11.7,82.0,5.0
2023-05-05 01:00:00,4029.9,11.7,82.0,10.6,0.0,5.0,11.7,82.0,5.0
2023-05-05 02:00:00,3980.2200000000003,11.7,82.0,10.6,0.0,5.0,11.7,82.0,5.0
2023-05-05 03:00:00,4052.6400000000003,11.7,82.0,10.6,0.0,5.0,11.7,82.0,5.0
2023-05-05 04:00:00,4139.75,11.7,82.0,10.6,0.0,5.0,11.7,82.0,5.0
2023-05-05 05:00:00,4232.67,11.7,82.0,10.6,0.0,5.0,11.7,82.0,5.0
2023-05-05 06:00:00,4319.91,11.7,82.0,10.6,0.0,5.0,11.7,82.0,5.0
2023-05-05 07:00:00,4882.91,11.7,82.0,10.6,0.0,5.0,11.7,82.0,5.0
2023-05-05 08:00:00,5016.91,11.7,82.0,10.6,0.0,5.0,11.7,82.0,5.0
2023-05-05 09:00:00,5320.42,11.7,82.0,10.6,0.0,5.0,11.7,82.0,5.0
2023-05-05 10:00:00,5473.9,11.7,82.0,10.6,0.0,5.0,11.7,82.0,5.0
2023-05-05 11:00:00,5579.32,11.7,82.0,10.6,0.0,5.0,11.7,82.0,5.0
2023-05-05 12:00:00,5694.56,11.7,82.0,10.6,0.0,5.0,11.7,82.0,5.0
2023-05-05 13:00:00,5726.7699999999995,11.7,82.0,10.6,0.0,5.0,11.7,82.0,5.0
2023-05-05 14:00:00,5756.35,11.7,82.0,10.6,0.0,5.0,11.7,82.0,5.0
2023-05-05 15:00:00,5525.97,11.7,82.0,10.6,0.0,5.0,11.7,82.0,5.0
2023-05-05 16:00:00,5678.59,11.7,82.0,10.6,0.0,5.0,11.7,82.0,5.0
2023-05-05 17:00:00,5764.0599999999995,11.7,82.0,10.6,0.0,5.0,11.7,82.0,5.0
2023-05-05 18:00:00,5942.25,11.7,82.0,10.6,0.0,5.0,11.7,82.0,5.0
2023-05-05 19:00:00,6306.51,11.7,82.0,10.6,0.0,5.0,11.7,82.0,5.0
2023-05-05 20:00:00,5959.8,11.7,82.0,10.6,0.0,5.0,11.7,82.0,5.0
2023-05-05 21:00:00,5676.12,11.7,82.0,10.6,0.0,5.0,11.7,82.0,5.0
2023-05-05 22:00:00,4953.25,11.7,82.0,10.6,0.0,5.0,11.7,82.0,5.0
2023-05-05 23:00:00,4430.24,11.7,82.0,10.6,0.0,5.0,11.7,82.0,5.0
2023-05-06 00:00:00,3722.44,11.7,82.0,10.6,0.0,5.0,11.7,82.0,5.0
2023-05-06 01:00:00,3801.21,11.7,82.0,10.6,0.0,5.0,11.7,82.0,5.0
2023-05-06 02:00:00,4014.19,11.7,82.0,10.6,0.0,5.0,11.7,82.0,5.0
2023-05-06 03:00:00,4009.0299999999997,11.7,82.0,10.6,0.0,5.0,11.7,82.0,5.0
2023-05-06 04:00:00,3683.37,11.7,82.0,10.6,0.0,5.0,11.7,82.0,5.0
2023-05-06 05:00:00,4065.65,11.7,82.0,10.6,0.0,5.0,11.7,82.0,5.0
2023-05-06 06:00:00,4281.92,11.7,82.0,10.6,0.0,5.0,11.7,82.0,5.0
2023-05-06 07:00:00,4545.88,11.7,82.0,10.6,0.0,5.0,11.7,82.0,5.0
2023-05-06 08:00:00,4731.12,11.7,82.0,10.6,0.0,5.0,11.7,82.0,5.0
2023-05-06 09:00:00,5300.36,11.7,82.0,10.6,0.0,5.0,11.7,82.0,5.0
2023-05-06 10:00:00,5194.5,11.7,82.0,10.6,0.0,5.0,11.7,82.0,5.0
2023-05-06 11:00:00,5469.7,11.7,82.0,10.6,0.0,5.0,11.7,82.0,5.0
2023-05-06 12:00:00,5592.82,11.7,82.0,10.6,0.0,5.0,11.7,82.0,5.0
2023-05-06 13:00:00,5732.38,11.7,82.0,10.6,0.0,5.0,11.7,82.0,5.0
2023-05-06 14:00:00,5639.58,11.7,82.0,10.6,0.0,5.0,11.7,82.0,5.0
2023-05-06 15:00:00,5383.07,11.7,82.0,10.6,0.0,5.0,11.7,82.0,5.0
2023-05-06 16:00:00,5295.41,11.7,82.0,10.6,0.0,5.0,11.7,82.0,5.0
2023-05-06 17:00:00,5664.139999999999,11.7,82.0,10.6,0.0,5.0,11.7,82.0,5.0
2023-05-06 18:00:00,5896.77,11.7,82.0,10.6,0.0,5.0,11.7,82.0,5.0
2023-05-06 19:00:00,5965.41,11.7,82.0,10.6,0.0,5.0,11.7,82.0,5.0
2023-05-06 20:00:00,5909.7300000000005,11.7,82.0,10.6,0.0,5.0,11.7,82.0,5.0
2023-05-06 21:00:00,5523.35,11.7,82.0,10.6,0.0,5.0,11.7,82.0,5.0
2023-05-06 22:00:00,4782.83,11.7,82.0,10.6,0.0,5.0,11.7,82.0,5.0
2023-05-06 23:00:00,4193.04,11.7,82.0,10.6,0.0,5.0,11.7,82.0,5.0
2023-05-07 00:00:00,3467.18,11.7,82.0,10.6,0.0,5.0,11.7,82.0,5.0
2023-05-07 01:00:00,3536.9300000000003,11.7,82.0,10.6,0.0,5.0,11.7,82.0,5.0
2023-05-07 02:00:00,3773.0,11.7,82.0,10.6,0.0,5.0,11.7,82.0,5.0
2023-05-07 03:00:00,3646.99,11.7,82.0,10.6,0.0,5.0,11.7,82.0,5.0
2023-05-07 04:00:00,3611.55,11.7,82.0,10.6,0.0,5.0,11.7,82.0,5.0
2023-05-07 05:00:00,3613.58,11.7,82.0,10.6,0.0,5.0,11.7,82.0,5.0
2023-05-07 06:00:00,4001.67,11.7,82.0,10.6,0.0,5.0,11.7,82.0,5.0
2023-05-07 07:00:00,4270.25,11.7,82.0,10.6,0.0,5.0,11.7,82.0,5.0
2023-05-07 08:00:00,4620.9800000000005,11.7,82.0,10.6,0.0,5.0,11.7,82.0,5.0
2023-05-07 09:00:00,4848.27,11.7,82.0,10.6,0.0,5.0,11.7,82.0,5.0
2023-05-07 10:00:00,4907.19,11.7,82.0,10.6,0.0,5.0,11.7,82.0,5.0
2023-05-07 11:00:00,5126.53,11.7,82.0,10.6,0.0,5.0,11.7,82.0,5.0
2023-05-07 12:00:00,5220.96,11.7,82.0,10.6,0.0,5.0,11.7,82.0,5.0
2023-05-07 13:00:00,5229.93,11.7,82.0,10.6,0.0,5.0,11.7,82.0,5.0
2023-05-07 14:00:00,5181.08,11.7,82.0,10.6,0.0,5.0,11.7,82.0,5.0
2023-05-07 15:00:00,4998.91,11.7,82.0,10.6,0.0,5.0,11.7,82.0,5.0
2023-05-07 16:00:00,4927.03,11.7,82.0,10.6,0.0,5.0,11.7,82.0,5.0
2023-05-07 17:00:00,5298.53,11.7,82.0,10.6,0.0,5.0,11.7,82.0,5.0
2023-05-07 18:00:00,5678.570000000001,11.7,82.0,10.6,0.0,5.0,11.7,82.0,5.0
2023-05-07 19:00:00,5689.58,11.7,82.0,10.6,0.0,5.0,11.7,82.0,5.0
2023-05-07 20:00:00,5654.2,11.7,82.0,10.6,0.0,5.0,11.7,82.0,5.0
2023-05-07 21:00:00,5148.6,11.7,82.0,10.6,0.0,5.0,11.7,82.0,5.0
2023-05-07 22:00:00,4565.46,11.7,82.0,10.6,0.0,5.0,11.7,82.0,5.0
2023-05-07 23:00:00,4226.92,11.7,82.0,10.6,0.0,5.0,11.7,82.0,5.0
2023-05-08 00:00:00,3756.12,11.7,82.0,10.6,0.0,5.0,11.7,82.0,5.0
2023-05-08 01:00:00,4077.44,11.7,82.0,10.6,0.0,5.0,11.7,82.0,5.0
2023-05-08 02:00:00,4086.36,11.7,82.0,10.6,0.0,5.0,11.7,82.0,5.0
2023-05-08 03:00:00,4230.71,11.7,82.0,10.6,0.0,5.0,11.7,82.0,5.0
2023-05-08 04:00:00,4254.14,11.7,82.0,10.6,0.0,5.0,11.7,82.0,5.0
2023-05-08 05:00:00,4079.63,11.7,82.0,10.6,0.0,5.0,11.7,82.0,5.0
2023-05-08 06:00:00,4433.56,11.7,82.0,10.6,0.0,5.0,11.7,82.0,5.0
2023-05-08 07:00:00,4809.37,11.7,82.0,10.6,0.0,5.0,11.7,82.0,5.0
2023-05-08 08:00:00,5158.14,11.7,82.0,10.6,0.0,5.0,11.7,82.0,5.0
2023-05-08 09:00:00,5345.86,11.7,82.0,10.6,0.0,5.0,11.7,82.0,5.0
2023-05-08 10:00:00,5458.3099999999995,11.7,82.0,10.6,0.0,5.0,11.7,82.0,5.0
2023-05-08 11:00:00,5605.63,11.7,82.0,10.6,0.0,5.0,11.7,82.0,5.0
2023-05-08 12:00:00,5706.02,11.7,82.0,10.6,0.0,5.0,11.7,82.0,5.0
2023-05-08 13:00:00,5880.08,11.7,82.0,10.6,0.0,5.0,11.7,82.0,5.0
2023-05-08 14:00:00,5694.92,11.7,82.0,10.6,0.0,5.0,11.7,82.0,5.0
2023-05-08 15:00:00,5487.21,11.7,82.0,10.6,0.0,5.0,11.7,82.0,5.0
2023-05-08 16:00:00,5482.14,11.7,82.0,10.6,0.0,5.0,11.7,82.0,5.0
2023-05-08 17:00:00,5891.26,11.7,82.0,10.6,0.0,5.0,11.7,82.0,5.0
2023-05-08 18:00:00,6142.96,11.7,82.0,10.6,0.0,5.0,11.7,82.0,5.0
2023-05-08 19:00:00,6415.2699999999995,11.7,82.0,10.6,0.0,5.0,11.7,82.0,5.0
2023-05-08 20:00:00,6173.98,11.7,82.0,10.6,0.0,5.0,11.7,82.0,5.0
2023-05-08 21:00:00,5796.78,11.7,82.0,10.6,0.0,5.0,11.7,82.0,5.0
2023-05-08 22:00:00,4968.72,11.7,82.0,10.6,0.0,5.0,11.7,82.0,5.0
2023-05-08 23:00:00,4494.33,11.7,82.0,10.6,0.0,5.0,11.7,82.0,5.0
2023-05-09 00:00:00,3909.09,11.7,82.0,10.6,0.0,5.0,11.7,82.0,5.0
2023-05-09 01:00:00,4031.02,11.7,82.0,10.6,0.0,5.0,11.7,82.0,5.0
2023-05-09 02:00:00,4206.5199999999995,11.7,82.0,10.6,0.0,5.0,11.7,82.0,5.0
2023-05-09 03:00:00,4110.11,11.7,82.0,10.6,0.0,5.0,11.7,82.0,5.0
2023-05-09 04:00:00,4115.0,11.7,82.0,10.6,0.0,5.0,11.7,82.0,5.0
2023-05-09 05:00:00,4123.56,11.7,82.0,10.6,0.0,5.0,11.7,82.0,5.0
2023-05-09 06:00:00,4371.63,11.7,82.0,10.6,0.0,5.0,11.7,82.0,5.0
2023-05-09 07:00:00,4778.09,11.7,82.0,10.6,0.0,5.0,11.7,82.0,5.0
2023-05-09 08:00:00,4982.45,11.7,82.0,10.6,0.0,5.0,11.7,82.0,5.0
2023-05-09 09:00:00,5518.96,11.7,82.0,10.6,0.0,5.0,11.7,82.0,5.0
2023-05-09 10:00:00,5452.71,11.7,82.0,10.6,0.0,5.0,11.7,82.0,5.0
2023-05-09 11:00:00,5667.47,11.7,82.0,10.6,0.0,5.0,11.7,82.0,5.0
2023-05-09 12:00:00,5704.73,11.7,82.0,10.6,0.0,5.0,11.7,82.0,5.0
2023-05-09 13:00:00,5870.65,11.7,82.0,10.6,0.0,5.0,11.7,82.0,5.0
2023-05-09 14:00:00,5689.64,11.7,82.0,10.6,0.0,5.0,11.7,82.0,5.0
2023-05-09 15:00:00,5654.27,11.7,82.0,10.6,0.0,5.0,11.7,82.0,5.0
2023-05-09 16:00:00,5446.01,11.7,82.0,10.6,0.0,5.0,11.7,82.0,5.0
2023-05-09 17:00:00,5815.71,11.7,82.0,10.6,0.0,5.0,11.7,82.0,5.0
2023-05-09 18:00:00,6163.87,11.7,82.0,10.6,0.0,5.0,11.7,82.0,5.0
2023-05-09 19:00:00,6275.1,11.7,82.0,10.6,0.0,5.0,11.7,82.0,5.0
2023-05-09 20:00:00,6298.27,11.7,82.0,10.6,0.0,5.0,11.7,82.0,5.0
2023-05-09 21:00:00,5794.28,11.7,82.0,10.6,0.0,5.0,11.7,82.0,5.0
2023-05-09 22:00:00,4990.42,11.7,82.0,10.6,0.0,5.0,11.7,82.0,5.0
2023-05-09 23:00:00,4630.95,11.7,82.0,10.6,0.0,5.0,11.7,82.0,5.0
2023-05-10 00:00:00,3876.06,11.7,82.0,10.6,0.0,5.0,11.7,82.0,5.0
2023-05-10 01:00:00,3955.06,11.7,82.0,10.6,0.0,5.0,11.7,82.0,5.0
2023-05-10 02:00:00,4220.38,11.7,82.0,10.6,0.0,5.0,11.7,82.0,5.0
2023-05-10 03:00:00,4312.53,11.7,82.0,10.6,0.0,5.0,11.7,82.0,5.0
2023-05-10 04:00:00,4289.61,11.7,82.0,10.6,0.0,5.0,11.7,82.0,5.0
2023-05-10 05:00:00,4143.7,11.7,82.0,10.6,0.0,5.0,11.7,82.0,5.0
2023-05-10 06:00:00,4594.79,11.7,82.0,10.6,0.0,5.0,11.7,82.0,5.0
2023-05-10 07:00:00,4829.02,11.7,82.0,10.6,0.0,5.0,11.7,82.0,5.0
2023-05-10 08:00:00,5088.67,11.7,82.0,10.6,0.0,5.0,11.7,82.0,5.0
2023-05-10 09:00:00,5432.73,11.7,82.0,10.6,0.0,5.0,11.7,82.0,5.0
2023-05-10 10:00:00,5490.96,11.7,82.0,10.6,0.0,5.0,11.7,82.0,5.0
2023-05-10 11:00:00,5639.860000000001,11.7,82.0,10.6,0.0,5.0,11.7,82.0,5.0
2023-05-10 12:00:00,5605.8,11.7,82.0,10.6,0.0,5.0,11.7,82.0,5.0
2023-05-10 13:00:00,5776.3,11.7,82.0,10.6,0.0,5.0,11.7,82.0,5.0
2023-05-10 14:00:00,5883.76,11.7,82.0,10.6,0.0,5.0,11.7,82.0,5.0
2023-05-10 15:00:00,5671.95,11.7,82.0,10.6,0.0,5.0,11.7,82.0,5.0
2023-05-10 16:00:00,5671.26,11.7,82.0,10.6,0.0,5.0,11.7,82.0,5.0
2023-05-10 17:00:00,5819.97,11.7,82.0,10.6,0.0,5.0,11.7,82.0,5.0
2023-05-10 18:00:00,6299.77,11.7,82.0,10.6,0.0,5.0,11.7,82.0,5.0
2023-05-10 19:00:00,6355.45,11.7,82.0,10.6,0.0,5.0,11.7,82.0,5.0
2023-05-10 20:00:00,6078.23,11.7,82.0,10.6,0.0,5.0,11.7,82.0,5.0
2023-05-10 21:00:00,5885.81,11.7,82.0,10.6,0.0,5.0,11.7,82.0,5.0
2023-05-10 22:00:00,5120.04,11.7,82.0,10.6,0.0,5.0,11.7,82.0,5.0
2023-05-10 23:00:00,4634.05,11.7,82.0,10.6,0.0,5.0,11.7,82.0,5.0
2023-05-11 00:00:00,3911.87,11.7,82.0,10.6,0.0,5.0,11.7,82.0,5.0
2023-05-11 01:00:00,4036.09,11.7,82.0,10.6,0.0,5.0,11.7,82.0,5.0
2023-05-11 02:00:00,4231.85,11.7,82.0,10.6,0.0,5.0,11.7,82.0,5.0
2023-05-11 03:00:00,4258.7,11.7,82.0,10.6,0.0,5.0,11.7,82.0,5.0
2023-05-11 04:00:00,4208.15,11.7,82.0,10.6,0.0,5.0,11.7,82.0,5.0
2023-05-11 05:00:00,4114.84,11.7,82.0,10.6,0.0,5.0,11.7,82.0,5.0
2023-05-11 06:00:00,4596.73,11.7,82.0,10.6,0.0,5.0,11.7,82.0,5.0
2023-05-11 07:00:00,4694.33,11.7,82.0,10.6,0.0,5.0,11.7,82.0,5.0
2023-05-11 08:00:00,5169.75,11.7,82.0,10.6,0.0,5.0,11.7,82.0,5.0
2023-05-11 09:00:00,5686.9800000000005,11.7,82.0,10.6,0.0,5.0,11.7,82.0,5.0
2023-05-11 10:00:00,5296.3,11.7,82.0,10.6,0.0,5.0,11.7,82.0,5.0
2023-05-11 11:00:00,5730.9800000000005,11.7,82.0,10.6,0.0,5.0,11.7,82.0,5.0
2023-05-11 12:00:00,5834.92,11.7,82.0,10.6,0.0,5.0,11.7,82.0,5.0
2023-05-11 13:00:00,5921.52,11.7,82.0,10.6,0.0,5.0,11.7,82.0,5.0
2023-05-11 14:00:00,5833.09,11.7,82.0,10.6,0.0,5.0,11.7,82.0,5.0
2023-05-11 15:00:00,5693.1,11.7,82.0,10.6,0.0,5.0,11.7,82.0,5.0
2023-05-11 16:00:00,5645.68,11.7,82.0,10.6,0.0,5.0,11.7,82.0,5.0
2023-05-11 17:00:00,6047.82,11.7,82.0,10.6,0.0,5.0,11.7,82.0,5.0
2023-05-11 18:00:00,6231.66,11.7,82.0,10.6,0.0,5.0,11.7,82.0,5.0
2023-05-11 19:00:00,6377.21,11.7,82.0,10.6,0.0,5.0,11.7,82.0,5.0
2023-05-11 20:00:00,6388.13,11.7,82.0,10.6,0.0,5.0,11.7,82.0,5.0
2023-05-11 21:00:00,5953.62,11.7,82.0,10.6,0.0,5.0,11.7,82.0,5.0
2023-05-11 22:00:00,5018.860000000001,11.7,82.0,10.6,0.0,5.0,11.7,82.0,5.0
2023-05-11 23:00:00,4752.76,11.7,82.0,10.6,0.0,5.0,11.7,82.0,5.0
2023-05-12 00:00:00,4082.87,11.7,82.0,10.6,0.0,5.0,11.7,82.0,5.0
2023-05-12 01:00:00,4088.4,11.7,82.0,10.6,0.0,5.0,11.7,82.0,5.0
2023-05-12 02:00:00,4187.139999999999,11.7,82.0,10.6,0.0,5.0,11.7,82.0,5.0
2023-05-12 03:00:00,4362.13,11.7,82.0,10.6,0.0,5.0,11.7,82.0,5.0
2023-05-12 04:00:00,4162.9400000000005,11.7,82.0,10.6,0.0,5.0,11.7,82.0,5.0
2023-05-12 05:00:00,4277.85,11.7,82.0,10.6,0.0,5.0,11.7,82.0,5.0
2023-05-12 06:00:00,4758.66,11.7,82.0,10.6,0.0,5.0,11.7,82.0,5.0
2023-05-12 07:00:00,4836.89,11.7,82.0,10.6,0.0,5.0,11.7,82.0,5.0
2023-05-12 08:00:00,5264.39,11.7,82.0,10.6,0.0,5.0,11.7,82.0,5.0
2023-05-12 09:00:00,5457.46,11.7,82.0,10.6,0.0,5.0,11.7,82.0,5.0
2023-05-12 10:00:00,5576.15,11.7,82.0,10.6,0.0,5.0,11.7,82.0,5.0
2023-05-12 11:00:00,5695.21,11.7,82.0,10.6,0.0,5.0,11.7,82.0,5.0
2023-05-12 12:00:00,5913.2300000000005,11.7,82.0,10.6,0.0,5.0,11.7,82.0,5.0
2023-05-12 13:00:00,5972.44,11.7,82.0,10.6,0.0,5.0,11.7,82.0,5.0
2023-05-12 14:00:00,5822.67,11.7,82.0,10.6,0.0,5.0,11.7,82.0,5.0
2023-05-12 15:00:00,5826.55,11.7,82.0,10.6,0.0,5.0,11.7,82.0,5.0
2023-05-12 16:00:00,5604.82,11.7,82.0,10.6,0.0,5.0,11.7,82.0,5.0
2023-05-12 17:00:00,5902.74,11.7,82.0,10.6,0.0,5.0,11.7,82.0,5.0
2023-05-12 18:00:00,6178.93,11.7,82.0,10.6,0.0,5.0,11.7,82.0,5.0
2023-05-12 19:00:00,6317.74,11.7,82.0,10.6,0.0,5.0,11.7,82.0,5.0
2023-05-12 20:00:00,6266.22,11.7,82.0,10.6,0.0,5.0,11.7,82.0,5.0
2023-05-12 21:00:00,5854.24,11.7,82.0,10.6,0.0,5.0,11.7,82.0,5.0
2023-05-12 22:00:00,5213.15,11.7,82.0,10.6,0.0,5.0,11.7,82.0,5.0
2023-05-12 23:00:00,4807.74,11.7,82.0,10.6,0.0,5.0,11.7,82.0,5.0
2023-05-13 00:00:00,4001.25,11.7,82.0,10.6,0.0,5.0,11.7,82.0,5.0
2023-05-13 01:00:00,3815.1800000000003,11.7,82.0,10.6,0.0,5.0,11.7,82.0,5.0
2023-05-13 02:00:00,3979.1,11.7,82.0,10.6,0.0,5.0,11.7,82.0,5.0
2023-05-13 03:00:00,4092.89,11.7,82.0,10.6,0.0,5.0,11.7,82.0,5.0
2023-05-13 04:00:00,4045.21,11.7,82.0,10.6,0.0,5.0,11.7,82.0,5.0
2023-05-13 05:00:00,4125.37,11.7,82.0,10.6,0.0,5.0,11.7,82.0,5.0
2023-05-13 06:00:00,4284.28,11.7,82.0,10.6,0.0,5.0,11.7,82.0,5.0
2023-05-13 07:00:00,4740.16,11.7,82.0,10.6,0.0,5.0,11.7,82.0,5.0
2023-05-13 08:00:00,5014.65,11.7,82.0,10.6,0.0,5.0,11.7,82.0,5.0
2023-05-13 09:00:00,5335.5,11.7,82.0,10.6,0.0,5.0,11.7,82.0,5.0
2023-05-13 10:00:00,5221.91,11.7,82.0,10.6,0.0,5.0,11.7,82.0,5.0
2023-05-13 11:00:00,5598.1,11.7,82.0,10.6,0.0,5.0,11.7,82.0,5.0
2023-05-13 12:00:00,5629.09,11.7,82.0,10.6,0.0,5.0,11.7,82.0,5.0
2023-05-13 13:00:00,5758.14,11.7,82.0,10.6,0.0,5.0,11.7,82.0,5.0
2023-05-13 14:00:00,5601.13,11.7,82.0,10.6,0.0,5.0,11.7,82.0,5.0
2023-05-13 15:00:00,5664.79,11.7,82.0,10.6,0.0,5.0,11.7,82.0,5.0
2023-05-13 16:00:00,5382.85,11.7,82.0,10.6,0.0,5.0,11.7,82.0,5.0
2023-05-13 17:00:00,5651.34,11.7,82.0,10.6,0.0,5.0,11.7,82.0,5.0
2023-05-13 18:00:00,5889.82,11.7,82.0,10.6,0.0,5.0,11.7,82.0,5.0
2023-05-13 19:00:00,6308.71,11.7,82.0,10.6,0.0,5.0,11.7,82.0,5.0
2023-05-13 20:00:00,6046.39,11.7,82.0,10.6,0.0,5.0,11.7,82.0,5.0
2023-05-13 21:00:00,5804.46,11.7,82.0,10.6,0.0,5.0,11.7,82.0,5.0
2023-05-13 22:00:00,5009.57,11.7,82.0,10.6,0.0,5.0,11.7,82.0,5.0
2023-05-13 23:00:00,4561.98,11.7,82.0,10.6,0.0,5.0,11.7,82.0,5.0
2023-05-14 00:00:00,3421.58,11.7,82.0,10.6,0.0,5.0,11.7,82.0,5.0
2023-05-14 01:00:00,3846.29,11.7,82.0,10.6,0.0,5.0,11.7,82.0,5.0
2023-05-14 02:00:00,3792.68,11.7,82.0,10.6,0.0,5.0,11.7,82.0,5.0
2023-05-14 03:00:00,3722.2000000000003,11.7,82.0,10.6,0.0,5.0,11.7,82.0,5.0
2023-05-14 04:00:00,3797.0899999999997,11.7,82.0,10.6,0.0,5.0,11.7,82.0,5.0
2023-05-14 05:00:00,3844.69,11.7,82.0,10.6,0.0,5.0,11.7,82.0,5.0
2023-05-14 06:00:00,4255.58,11.7,82.0,10.6,0.0,5.0,11.7,82.0,5.0
2023-05-14 07:00:00,4497.74,11.7,82.0,10.6,0.0,5.0,11.7,82.0,5.0
2023-05-14 08:00:00,4800.04,11.7,82.0,10.6,0.0,5.0,11.7,82.0,5.0
2023-05-14 09:00:00,5140.47,11.7,82.0,10.6,0.0,5.0,11.7,82.0,5.0
2023-05-14 10:00:00,5055.360000000001,11.7,82.0,10.6,0.0,5.0,11.7,82.0,5.0
2023-05-14 11:00:00,5258.71,11.7,82.0,10.6,0.0,5.0,11.7,82.0,5.0
2023-05-14 12:00:00,5294.94,11.7,82.0,10.6,0.0,5.0,11.7,82.0,5.0
2023-05-14 13:00:00,5424.73,11.7,82.0,10.6,0.0,5.0,11.7,82.0,5.0
2023-05-14 14:00:00,5218.49,11.7,82.0,10.6,0.0,5.0,11.7,82.0,5.0
2023-05-14 15:00:00,5188.700000000001,11.7,82.0,10.6,0.0,5.0,11.7,82.0,5.0
2023-05-14 16:00:00,5038.92,11.7,82.0,10.6,0.0,5.0,11.7,82.0,5.0
2023-05-14 17:00:00,5375.44,11.7,82.0,10.6,0.0,5.0,11.7,82.0,5.0
2023-05-14 18:00:00,5727.47,11.7,82.0,10.6,0.0,5.0,11.7,82.0,5.0
2023-05-14 19:00:00,5836.53,11.7,82.0,10.6,0.0,5.0,11.7,82.0,5.0
2023-05-14 20:00:00,5751.46,11.7,82.0,10.6,0.0,5.0,11.7,82.0,5.0
2023-05-14 21:00:00,5531.360000000001,11.7,82.0,10.6,0.0,5.0,11.7,82.0,5.0
2023-05-14 22:00:00,4841.4,11.7,82.0,10.6,0.0,5.0,11.7,82.0,5.0
2023-05-14 23:00:00,4302.51,11.7,82.0,10.6,0.0,5.0,11.7,82.0,5.0
2023-05-15 00:00:00,3927.68,11.7,82.0,10.6,0.0,5.0,11.7,82.0,5.0
2023-05-15 01:00:00,4015.24,11.7,82.0,10.6,0.0,5.0,11.7,82.0,5.0
2023-05-15 02:00:00,4301.38,11.7,82.0,10.6,0.0,5.0,11.7,82.0,5.0
2023-05-15 03:00:00,4378.87,11.7,82.0,10.6,0.0,5.0,11.7,82.0,5.0
2023-05-15 04:00:00,4141.64,11.7,82.0,10.6,0.0,5.0,11.7,82.0,5.0
2023-05-15 05:00:00,4258.5599999999995,11.7,82.0,10.6,0.0,5.0,11.7,82.0,5.0
2023-05-15 06:00:00,4691.5599999999995,11.7,82.0,10.6,0.0,5.0,11.7,82.0,5.0
2023-05-15 07:00:00,4913.47,11.7,82.0,10.6,0.0,5.0,11.7,82.0,5.0
2023-05-15 08:00:00,5298.19,11.7,82.0,10.6,0.0,5.0,11.7,82.0,5.0
2023-05-15 09:00:00,5625.99,11.7,82.0,10.6,0.0,5.0,11.7,82.0,5.0
2023-05-15 10:00:00,5622.26,11.7,82.0,10.6,0.0,5.0,11.7,82.0,5.0
2023-05-15 11:00:00,5770.29,11.7,82.0,10.6,0.0,5.0,11.7,82.0,5.0
2023-05-15 12:00:00,5872.81,11.7,82.0,10.6,0.0,5.0,11.7,82.0,5.0
2023-05-15 13:00:00,6061.0,11.7,82.0,10.6,0.0,5.0,11.7,82.0,5.0
2023-05-15 14:00:00,6001.66,11.7,82.0,10.6,0.0,5.0,11.7,82.0,5.0
2023-05-15 15:00:00,5811.16,11.7,82.0,10.6,0.0,5.0,11.7,82.0,5.0
2023-05-15 16:00:00,5559.9800000000005,11.7,82.0,10.6,0.0,5.0,11.7,82.0,5.0
2023-05-15 17:00:00,5893.0,11.7,82.0,10.6,0.0,5.0,11.7,82.0,5.0
2023-05-15 18:00:00,6274.849999999999,11.7,82.0,10.6,0.0,5.0,11.7,82.0,5.0
2023-05-15 19:00:00,6547.08,11.7,82.0,10.6,0.0,5.0,11.7,82.0,5.0
2023-05-15 20:00:00,6358.5,11.7,82.0,10.6,0.0,5.0,11.7,82.0,5.0
2023-05-15 21:00:00,5994.68,11.7,82.0,10.6,0.0,5.0,11.7,82.0,5.0
2023-05-15 22:00:00,5264.11,11.7,82.0,10.6,0.0,5.0,11.7,82.0,5.0
2023-05-15 23:00:00,4653.8,11.7,82.0,10.6,0.0,5.0,11.7,82.0,5.0
2023-05-16 00:00:00,3935.73,11.7,82.0,10.6,0.0,5.0,11.7,82.0,5.0
2023-05-16 01:00:00,4268.88,11.7,82.0,10.6,0.0,5.0,11.7,82.0,5.0
2023-05-16 02:00:00,4217.56,11.7,82.0,10.6,0.0,5.0,11.7,82.0,5.0
2023-05-16 03:00:00,4380.58,11.7,82.0,10.6,0.0,5.0,11.7,82.0,5.0
2023-05-16 04:00:00,4285.9800000000005,11.7,82.0,10.6,0.0,5.0,11.7,82.0,5.0
2023-05-16 05:00:00,4216.47,11.7,82.0,10.6,0.0,5.0,11.7,82.0,5.0
2023-05-16 06:00:00,4513.66,11.7,82.0,10.6,0.0,5.0,11.7,82.0,5.0
2023-05-16 07:00:00,5070.37,11.7,82.0,10.6,0.0,5.0,11.7,82.0,5.0
2023-05-16 08:00:00,5368.33,11.7,82.0,10.6,0.0,5.0,11.7,82.0,5.0
2023-05-16 09:00:00,5558.83,11.7,82.0,10.6,0.0,5.0,11.7,82.0,5.0
2023-05-16 10:00:00,5559.15,11.7,82.0,10.6,0.0,5.0,11.7,82.0,5.0
2023-05-16 11:00:00,5772.32,11.7,82.0,10.6,0.0,5.0,11.7,82.0,5.0
2023-05-16 12:00:00,5895.16,11.7,82.0,10.6,0.0,5.0,11.7,82.0,5.0
2023-05-16 13:00:00,5868.51,11.7,82.0,10.6,0.0,5.0,11.7,82.0,5.0
2023-05-16 14:00:00,5815.3,11.7,82.0,10.6,0.0,5.0,11.7,82.0,5.0
2023-05-16 15:00:00,5870.29,11.7,82.0,10.6,0.0,5.0,11.7,82.0,5.0
2023-05-16 16:00:00,5584.48,11.7,82.0,10.6,0.0,5.0,11.7,82.0,5.0
2023-05-16 17:00:00,6122.2,11.7,82.0,10.6,0.0,5.0,11.7,82.0,5.0
2023-05-16 18:00:00,6228.6,11.7,82.0,10.6,0.0,5.0,11.7,82.0,5.0
2023-05-16 19:00:00,6422.51,11.7,82.0,10.6,0.0,5.0,11.7,82.0,5.0
2023-05-16 20:00:00,6265.6,11.7,82.0,10.6,0.0,5.0,11.7,82.0,5.0
2023-05-16 21:00:00,6145.0199999999995,11.7,82.0,10.6,0.0,5.0,11.7,82.0,5.0
2023-05-16 22:00:00,5183.89,11.7,82.0,10.6,0.0,5.0,11.7,82.0,5.0
2023-05-16 23:00:00,4864.48,11.7,82.0,10.6,0.0,5.0,11.7,82.0,5.0
2023-05-17 00:00:00,4067.59,11.7,82.0,10.6,0.0,5.0,11.7,82.0,5.0
2023-05-17 01:00:00,4124.31,11.7,82.0,10.6,0.0,5.0,11.7,82.0,5.0
2023-05-17 02:00:00,4162.73,11.7,82.0,10.6,0.0,5.0,11.7,82.0,5.0
2023-05-17 03:00:00,4272.53,11.7,82.0,10.6,0.0,5.0,11.7,82.0,5.0
2023-05-17 04:00:00,4328.66,11.7,82.0,10.6,0.0,5.0,11.7,82.0,5.0
2023-05-17 05:00:00,4236.79,11.7,82.0,10.6,0.0,5.0,11.7,82.0,5.0
2023-05-17 06:00:00,4789.5,11.7,82.0,10.6,0.0,5.0,11.7,82.0,5.0
2023-05-17 07:00:00,4986.3,11.7,82.0,10.6,0.0,5.0,11.7,82.0,5.0
2023-05-17 08:00:00,5265.78,11.7,82.0,10.6,0.0,5.0,11.7,82.0,5.0
2023-05-17 09:00:00,5746.84,11.7,82.0,10.6,0.0,5.0,11.7,82.0,5.0
2023-05-17 10:00:00,5787.04,11.7,82.0,10.6,0.0,5.0,11.7,82.0,5.0
2023-05-17 11:00:00,5884.79,11.7,82.0,10.6,0.0,5.0,11.7,82.0,5.0
2023-05-17 12:00:00,5942.36,11.7,82.0,10.6,0.0,5.0,11.7,82.0,5.0
2023-05-17 13:00:00,5931.7,11.7,82.0,10.6,0.0,5.0,11.7,82.0,5.0
2023-05-17 14:00:00,6101.25,11.7,82.0,10.6,0.0,5.0,11.7,82.0,5.0
2023-05-17 15:00:00,5973.900000000001,11.7,82.0,10.6,0.0,5.0,11.7,82.0,5.0
2023-05-17 16:00:00,5710.0599999999995,11.7,82.0,10.6,0.0,5.0,11.7,82.0,5.0
2023-05-17 17:00:00,6092.58,11.7,82.0,10.6,0.0,5.0,11.7,82.0,5.0
2023-05-17 18:00:00,6330.26,11.7,82.0,10.6,0.0,5.0,11.7,82.0,5.0
2023-05-17 19:00:00,6597.08,11.7,82.0,10.6,0.0,5.0,11.7,82.0,5.0
2023-05-17 20:00:00,6472.64,11.7,82.0,10.6,0.0,5.0,11.7,82.0,5.0
2023-05-17 21:00:00,5857.09,11.7,82.0,10.6,0.0,5.0,11.7,82.0,5.0
2023-05-17 22:00:00,5157.4400000000005,11.7,82.0,10.6,0.0,5.0,11.7,82.0,5.0
2023-05-17 23:00:00,4757.25,11.7,82.0,10.6,0.0,5.0,11.7,82.0,5.0
2023-05-18 00:00:00,4058.44,11.7,82.0,10.6,0.0,5.0,11.7,82.0,5.0
2023-05-18 01:00:00,4082.2599999999998,11.7,82.0,10.6,0.0,5.0,11.7,82.0,5.0
2023-05-18 02:00:00,4353.1900000000005,11.7,82.0,10.6,0.0,5.0,11.7,82.0,5.0
2023-05-18 03:00:00,4299.38,11.7,82.0,10.6,0.0,5.0,11.7,82.0,5.0
2023-05-18 04:00:00,4471.43,11.7,82.0,10.6,0.0,5.0,11.7,82.0,5.0
2023-05-18 05:00:00,4254.91,11.7,82.0,10.6,0.0,5.0,11.7,82.0,5.0
2023-05-18 06:00:00,4721.09,11.7,82.0,10.6,0.0,5.0,11.7,82.0,5.0
2023-05-18 07:00:00,5088.5,11.7,82.0,10.6,0.0,5.0,11.7,82.0,5.0
2023-05-18 08:00:00,5374.66,11.7,82.0,10.6,0.0,5.0,11.7,82.0,5.0
2023-05-18 09:00:00,5839.53,11.7,82.0,10.6,0.0,5.0,11.7,82.0,5.0
2023-05-18 10:00:00,5524.34,11.7,82.0,10.6,0.0,5.0,11.7,82.0,5.0
2023-05-18 11:00:00,5762.44,11.7,82.0,10.6,0.0,5.0,11.7,82.0,5.0
2023-05-18 12:00:00,6102.24,11.7,82.0,10.6,0.0,5.0,11.7,82.0,5.0
2023-05-18 13:00:00,6101.77,11.7,82.0,10.6,0.0,5.0,11.7,82.0,5.0
2023-05-18 14:00:00,5996.13,11.7,82.0,10.6,0.0,5.0,11.7,82.0,5.0
2023-05-18 15:00:00,6007.17,11.7,82.0,10.6,0.0,5.0,11.7,82.0,5.0
2023-05-18 16:00:00,5456.47,11.7,82.0,10.6,0.0,5.0,11.7,82.0,5.0
2023-05-18 17:00:00,6115.48,11.7,82.0,10.6,0.0,5.0,11.7,82.0,5.0
2023-05-18 18:00:00,6259.68,11.7,82.0,10.6,0.0,5.0,11.7,82.0,5.0
2023-05-18 19:00:00,6580.7699999999995,11.7,82.0,10.6,0.0,5.0,11.7,82.0,5.0
2023-05-18 20:00:00,6407.639999999999,11.7,82.0,10.6,0.0,5.0,11.7,82.0,5.0
2023-05-18 21:00:00,6019.3099999999995,11.7,82.0,10.6,0.0,5.0,11.7,82.0,5.0
2023-05-18 22:00:00,5334.72,11.7,82.0,10.6,0.0,5.0,11.7,82.0,5.0
2023-05-18 23:00:00,4918.599999999999,11.7,82.0,10.6,0.0,5.0,11.7,82.0,5.0
2023-05-19 00:00:00,3967.63,11.7,82.0,10.6,0.0,5.0,11.7,82.0,5.0
2023-05-19 01:00:00,4128.79,11.7,82.0,10.6,0.0,5.0,11.7,82.0,5.0
2023-05-19 02:00:00,4327.28,11.7,82.0,10.6,0.0,5.0,11.7,82.0,5.0
2023-05-19 03:00:00,4396.21,11.7,82.0,10.6,0.0,5.0,11.7,82.0,5.0
2023-05-19 04:00:00,4400.06,11.7,82.0,10.6,0.0,5.0,11.7,82.0,5.0
2023-05-19 05:00:00,4360.94,11.7,82.0,10.6,0.0,5.0,11.7,82.0,5.0
2023-05-19 06:00:00,4917.1900000000005,11.7,82.0,10.6,0.0,5.0,11.7,82.0,5.0
2023-05-19 07:00:00,4996.55,11.7,82.0,10.6,0.0,5.0,11.7,82.0,5.0
2023-05-19 08:00:00,5309.59,11.7,82.0,10.6,0.0,5.0,11.7,82.0,5.0
2023-05-19 09:00:00,5795.84,11.7,82.0,10.6,0.0,5.0,11.7,82.0,5.0
2023-05-19 10:00:00,5684.42,11.7,82.0,10.6,0.0,5.0,11.7,82.0,5.0
2023-05-19 11:00:00,6101.87,11.7,82.0,10.6,0.0,5.0,11.7,82.0,5.0
2023-05-19 12:00:00,6006.71,11.7,82.0,10.6,0.0,5.0,11.7,82.0,5.0
2023-05-19 13:00:00,6101.16,11.7,82.0,10.6,0.0,5.0,11.7,82.0,5.0
2023-05-19 14:00:00,6046.33,11.7,82.0,10.6,0.0,5.0,11.7,82.0,5.0
2023-05-19 15:00:00,5814.13,11.7,82.0,10.6,0.0,5.0,11.7,82.0,5.0
2023-05-19 16:00:00,5580.96,11.7,82.0,10.6,0.0,5.0,11.7,82.0,5.0
2023-05-19 17:00:00,6176.52,11.7,82.0,10.6,0.0,5.0,11.7,82.0,5.0
2023-05-19 18:00:00,6568.45,11.7,82.0,10.6,0.0,5.0,11.7,82.0,5.0
2023-05-19 19:00:00,6670.25,11.7,82.0,10.6,0.0,5.0,11.7,82.0,5.0
2023-05-19 20:00:00,6451.02,11.7,82.0,10.6,0.0,5.0,11.7,82.0,5.0
2023-05-19 21:00:00,6098.9800000000005,11.7,82.0,10.6,0.0,5.0,11.7,82.0,5.0
2023-05-19 22:00:00,5231.32,11.7,82.0,10.6,0.0,5.0,11.7,82.0,5.0
2023-05-19 23:00:00,4888.42,11.7,82.0,10.6,0.0,5.0,11.7,82.0,5.0
2023-05-20 00:00:00,3803.14,11.7,82.0,10.6,0.0,5.0,11.7,82.0,5.0
2023-05-20 01:00:00,4301.3099999999995,11.7,82.0,10.6,0.0,5.0,11.7,82.0,5.0
2023-05-20 02:00:00,4081.03,11.7,82.0,10.6,0.0,5.0,11.7,82.0,5.0
2023-05-20 03:00:00,4304.82,11.7,82.0,10.6,0.0,5.0,11.7,82.0,5.0
2023-05-20 04:00:00,4181.46,11.7,82.0,10.6,0.0,5.0,11.7,82.0,5.0
2023-05-20 05:00:00,4216.73,11.7,82.0,10.6,0.0,5.0,11.7,82.0,5.0
2023-05-20 06:00:00,4601.0599999999995,11.7,82.0,10.6,0.0,5.0,11.7,82.0,5.0
2023-05-20 07:00:00,4698.18,11.7,82.0,10.6,0.0,5.0,11.7,82.0,5.0
2023-05-20 08:00:00,5128.99,11.7,82.0,10.6,0.0,5.0,11.7,82.0,5.0
2023-05-20 09:00:00,5502.76,11.7,82.0,10.6,0.0,5.0,11.7,82.0,5.0
2023-05-20 10:00:00,5429.2,11.7,82.0,10.6,0.0,5.0,11.7,82.0,5.0
2023-05-20 11:00:00,5727.39,11.7,82.0,10.6,0.0,5.0,11.7,82.0,5.0
2023-05-20 12:00:00,5811.28,11.7,82.0,10.6,0.0,5.0,11.7,82.0,5.0
2023-05-20 13:00:00,5917.5599999999995,11.7,82.0,10.6,0.0,5.0,11.7,82.0,5.0
2023-05-20 14:00:00,5813.16,11.7,82.0,10.6,0.0,5.0,11.7,82.0,5.0
2023-05-20 15:00:00,5698.48,11.7,82.0,10.6,0.0,5.0,11.7,82.0,5.0
2023-05-20 16:00:00,5616.01,11.7,82.0,10.6,0.0,5.0,11.7,82.0,5.0
2023-05-20 17:00:00,5650.55,11.7,82.0,10.6,0.0,5.0,11.7,82.0,5.0
2023-05-20 18:00:00,6404.27,11.7,82.0,10.6,0.0,5.0,11.7,82.0,5.0
2023-05-20 19:00:00,6220.0599999999995,11.7,82.0,10.6,0.0,5.0,11.7,82.0,5.0
2023-05-20 20:00:00,6249.12,11.7,82.0,10.6,0.0,5.0,11.7,82.0,5.0
2023-05-20 21:00:00,5768.96,11.7,82.0,10.6,0.0,5.0,11.7,82.0,5.0
2023-05-20 22:00:00,4988.94,11.7,82.0,10.6,0.0,5.0,11.7,82.0,5.0
2023-05-20 23:00:00,4574.35,11.7,82.0,10.6,0.0,5.0,11.7,82.0,5.0
2023-05-21 00:00:00,3747.79,11.7,82.0,10.6,0.0,5.0,11.7,82.0,5.0
2023-05-21 01:00:00,3890.8,11.7,82.0,10.6,0.0,5.0,11.7,82.0,5.0
2023-05-21 02:00:00,4078.33,11.7,82.0,10.6,0.0,5.0,11.7,82.0,5.0
2023-05-21 03:00:00,3972.61,11.7,82.0,10.6,0.0,5.0,11.7,82.0,5.0
2023-05-21 04:00:00,3878.21,11.7,82.0,10.6,0.0,5.0,11.7,82.0,5.0
2023-05-21 05:00:00,4026.5,11.7,82.0,10.6,0.0,5.0,11.7,82.0,5.0
2023-05-21 06:00:00,4322.67,11.7,82.0,10.6,0.0,5.0,11.7,82.0,5.0
2023-05-21 07:00:00,4593.58,11.7,82.0,10.6,0.0,5.0,11.7,82.0,5.0
2023-05-21 08:00:00,4710.37,11.7,82.0,10.6,0.0,5.0,11.7,82.0,5.0
2023-05-21 09:00:00,5178.06,11.7,82.0,10.6,0.0,5.0,11.7,82.0,5.0
2023-05-21 10:00:00,5298.0,11.7,82.0,10.6,0.0,5.0,11.7,82.0,5.0
2023-05-21 11:00:00,5264.68,11.7,82.0,10.6,0.0,5.0,11.7,82.0,5.0
2023-05-21 12:00:00,5422.2,11.7,82.0,10.6,0.0,5.0,11.7,82.0,5.0
2023-05-21 13:00:00,5505.37,11.7,82.0,10.6,0.0,5.0,11.7,82.0,5.0
2023-05-21 14:00:00,5634.360000000001,11.7,82.0,10.6,0.0,5.0,11.7,82.0,5.0
2023-05-21 15:00:00,5258.12,11.7,82.0,10.6,0.0,5.0,11.7,82.0,5.0
2023-05-21 16:00:00,5255.29,11.7,82.0,10.6,0.0,5.0,11.7,82.0,5.0
2023-05-21 17:00:00,5381.46,11.7,82.0,10.6,0.0,5.0,11.7,82.0,5.0
2023-05-21 18:00:00,6105.12,11.7,82.0,10.6,0.0,5.0,11.7,82.0,5.0
2023-05-21 19:00:00,5950.07,11.7,82.0,10.6,0.0,5.0,11.7,82.0,5.0
2023-05-21 20:00:00,5776.96,11.7,82.0,10.6,0.0,5.0,11.7,82.0,5.0
2023-05-21 21:00:00,5419.38,11.7,82.0,10.6,0.0,5.0,11.7,82.0,5.0
2023-05-21 22:00:00,4673.79,11.7,82.0,10.6,0.0,5.0,11.7,82.0,5.0
2023-05-21 23:00:00,4335.22,11.7,82.0,10.6,0.0,5.0,11.7,82.0,5.0
2023-05-22 00:00:00,4011.49,11.7,82.0,10.6,0.0,5.0,11.7,82.0,5.0
2023-05-22 01:00:00,4171.59,11.7,82.0,10.6,0.0,5.0,11.7,82.0,5.0
2023-05-22 02:00:00,4273.84,11.7,82.0,10.6,0.0,5.0,11.7,82.0,5.0
2023-05-22 03:00:00,4373.01,11.7,82.0,10.6,0.0,5.0,11.7,82.0,5.0
2023-05-22 04:00:00,4349.72,11.7,82.0,10.6,0.0,5.0,11.7,82.0,5.0
2023-05-22 05:00:00,4397.97,11.7,82.0,10.6,0.0,5.0,11.7,82.0,5.0
2023-05-22 06:00:00,4669.52,11.7,82.0,10.6,0.0,5.0,11.7,82.0,5.0
2023-05-22 07:00:00,5073.74,11.7,82.0,10.6,0.0,5.0,11.7,82.0,5.0
2023-05-22 08:00:00,5394.33,11.7,82.0,10.6,0.0,5.0,11.7,82.0,5.0
2023-05-22 09:00:00,5773.74,11.7,82.0,10.6,0.0,5.0,11.7,82.0,5.0
2023-05-22 10:00:00,5876.78,11.7,82.0,10.6,0.0,5.0,11.7,82.0,5.0
2023-05-22 11:00:00,5805.87,11.7,82.0,10.6,0.0,5.0,11.7,82.0,5.0
2023-05-22 12:00:00,6110.62,11.7,82.0,10.6,0.0,5.0,11.7,82.0,5.0
2023-05-22 13:00:00,6128.42,11.7,82.0,10.6,0.0,5.0,11.7,82.0,5.0
2023-05-22 14:00:00,6218.36,11.7,82.0,10.6,0.0,5.0,11.7,82.0,5.0
2023-05-22 15:00:00,6042.86,11.7,82.0,10.6,0.0,5.0,11.7,82.0,5.0
2023-05-22 16:00:00,5761.85,11.7,82.0,10.6,0.0,5.0,11.7,82.0,5.0
2023-05-22 17:00:00,5983.15,11.7,82.0,10.6,0.0,5.0,11.7,82.0,5.0
2023-05-22 18:00:00,6485.21,11.7,82.0,10.6,0.0,5.0,11.7,82.0,5.0
2023-05-22 19:00:00,6597.33,11.7,82.0,10.6,0.0,5.0,11.7,82.0,5.0
2023-05-22 20:00:00,6425.18,11.7,82.0,10.6,0.0,5.0,11.7,82.0,5.0
2023-05-22 21:00:00,6116.3,11.7,82.0,10.6,0.0,5.0,11.7,82.0,5.0
2023-05-22 22:00:00,5535.83,11.7,82.0,10.6,0.0,5.0,11.7,82.0,5.0
2023-05-22 23:00:00,4823.08,11.7,82.0,10.6,0.0,5.0,11.7,82.0,5.0
2023-05-23 00:00:00,4086.52,11.7,82.0,10.6,0.0,5.0,11.7,82.0,5.0
2023-05-23 01:00:00,4291.36,11.7,82.0,10.6,0.0,5.0,11.7,82.0,5.0
2023-05-23 02:00:00,4329.27,11.7,82.0,10.6,0.0,5.0,11.7,82.0,5.0
2023-05-23 03:00:00,4355.37,11.7,82.0,10.6,0.0,5.0,11.7,82.0,5.0
2023-05-23 04:00:00,4419.17,11.7,82.0,10.6,0.0,5.0,11.7,82.0,5.0
2023-05-23 05:00:00,4401.02,11.7,82.0,10.6,0.0,5.0,11.7,82.0,5.0
2023-05-23 06:00:00,4848.45,11.7,82.0,10.6,0.0,5.0,11.7,82.0,5.0
2023-05-23 07:00:00,5048.87,11.7,82.0,10.6,0.0,5.0,11.7,82.0,5.0
2023-05-23 08:00:00,5426.72,11.7,82.0,10.6,0.0,5.0,11.7,82.0,5.0
2023-05-23 09:00:00,5753.66,11.7,82.0,10.6,0.0,5.0,11.7,82.0,5.0
2023-05-23 10:00:00,5757.57,11.7,82.0,10.6,0.0,5.0,11.7,82.0,5.0
2023-05-23 11:00:00,5932.75,11.7,82.0,10.6,0.0,5.0,11.7,82.0,5.0
2023-05-23 12:00:00,5927.49,11.7,82.0,10.6,0.0,5.0,11.7,82.0,5.0
2023-05-23 13:00:00,6065.54,11.7,82.0,10.6,0.0,5.0,11.7,82.0,5.0
2023-05-23 14:00:00,5982.1,11.7,82.0,10.6,0.0,5.0,11.7,82.0,5.0
2023-05-23 15:00:00,5948.49,11.7,82.0,10.6,0.0,5.0,11.7,82.0,5.0
2023-05-23 16:00:00,5766.18,11.7,82.0,10.6,0.0,5.0,11.7,82.0,5.0
2023-05-23 17:00:00,6053.79,11.7,82.0,10.6,0.0,5.0,11.7,82.0,5.0
2023-05-23 18:00:00,6445.8,11.7,82.0,10.6,0.0,5.0,11.7,82.0,5.0
2023-05-23 19:00:00,6621.44,11.7,82.0,10.6,0.0,5.0,11.7,82.0,5.0
2023-05-23 20:00:00,6315.77,11.7,82.0,10.6,0.0,5.0,11.7,82.0,5.0
2023-05-23 21:00:00,6138.89,11.7,82.0,10.6,0.0,5.0,11.7,82.0,5.0
2023-05-23 22:00:00,5321.43,11.7,82.0,10.6,0.0,5.0,11.7,82.0,5.0
2023-05-23 23:00:00,4862.11,11.7,82.0,10.6,0.0,5.0,11.7,82.0,5.0
2023-05-24 00:00:00,4015.52,11.7,82.0,10.6,0.0,5.0,11.7,82.0,5.0
2023-05-24 01:00:00,4306.900000000001,11.7,82.0,10.6,0.0,5.0,11.7,82.0,5.0
2023-05-24 02:00:00,4291.51,11.7,82.0,10.6,0.0,5.0,11.7,82.0,5.0
2023-05-24 03:00:00,4328.150000000001,11.7,82.0,10.6,0.0,5.0,11.7,82.0,5.0
2023-05-24 04:00:00,4318.41,11.7,82.0,10.6,0.0,5.0,11.7,82.0,5.0
2023-05-24 05:00:00,4315.96,11.7,82.0,10.6,0.0,5.0,11.7,82.0,5.0
2023-05-24 06:00:00,4705.45,11.7,82.0,10.6,0.0,5.0,11.7,82.0,5.0
2023-05-24 07:00:00,5072.12,11.7,82.0,10.6,0.0,5.0,11.7,82.0,5.0
2023-05-24 08:00:00,5504.08,11.7,82.0,10.6,0.0,5.0,11.7,82.0,5.0
2023-05-24 09:00:00,5712.9400000000005,11.7,82.0,10.6,0.0,5.0,11.7,82.0,5.0
2023-05-24 10:00:00,5780.33,11.7,82.0,10.6,0.0,5.0,11.7,82.0,5.0
2023-05-24 11:00:00,5994.7,11.7,82.0,10.6,0.0,5.0,11.7,82.0,5.0
2023-05-24 12:00:00,6122.94,11.7,82.0,10.6,0.0,5.0,11.7,82.0,5.0
2023-05-24 13:00:00,6129.12,11.7,82.0,10.6,0.0,5.0,11.7,82.0,5.0
2023-05-24 14:00:00,6061.01,11.7,82.0,10.6,0.0,5.0,11.7,82.0,5.0
2023-05-24 15:00:00,5912.66,11.7,82.0,10.6,0.0,5.0,11.7,82.0,5.0
2023-05-24 16:00:00,5879.9800000000005,11.7,82.0,10.6,0.0,5.0,11.7,82.0,5.0
2023-05-24 17:00:00,6124.1,11.7,82.0,10.6,0.0,5.0,11.7,82.0,5.0
2023-05-24 18:00:00,6387.07,11.7,82.0,10.6,0.0,5.0,11.7,82.0,5.0
2023-05-24 19:00:00,6596.5,11.7,82.0,10.6,0.0,5.0,11.7,82.0,5.0
2023-05-24 20:00:00,6457.8,11.7,82.0,10.6,0.0,5.0,11.7,82.0,5.0
2023-05-24 21:00:00,6209.91,11.7,82.0,10.6,0.0,5.0,11.7,82.0,5.0
2023-05-24 22:00:00,5188.97,11.7,82.0,10.6,0.0,5.0,11.7,82.0,5.0
2023-05-24 23:00:00,4897.6,11.7,82.0,10.6,0.0,5.0,11.7,82.0,5.0
2023-05-25 00:00:00,4164.4,11.7,82.0,10.6,0.0,5.0,11.7,82.0,5.0
2023-05-25 01:00:00,4381.88,11.7,82.0,10.6,0.0,5.0,11.7,82.0,5.0
2023-05-25 02:00:00,4397.58,11.7,82.0,10.6,0.0,5.0,11.7,82.0,5.0
2023-05-25 03:00:00,4375.5599999999995,11.7,82.0,10.6,0.0,5.0,11.7,82.0,5.0
2023-05-25 04:00:00,4387.28,11.7,82.0,10.6,0.0,5.0,11.7,82.0,5.0
2023-05-25 05:00:00,4358.34,11.7,82.0,10.6,0.0,5.0,11.7,82.0,5.0
2023-05-25 06:00:00,4730.3,11.7,82.0,10.6,0.0,5.0,11.7,82.0,5.0
2023-05-25 07:00:00,5114.82,11.7,82.0,10.6,0.0,5.0,11.7,82.0,5.0
2023-05-25 08:00:00,5489.8,11.7,82.0,10.6,0.0,5.0,11.7,82.0,5.0
2023-05-25 09:00:00,5756.16,11.7,82.0,10.6,0.0,5.0,11.7,82.0,5.0
2023-05-25 10:00:00,5726.17,11.7,82.0,10.6,0.0,5.0,11.7,82.0,5.0
2023-05-25 11:00:00,6043.27,11.7,82.0,10.6,0.0,5.0,11.7,82.0,5.0
2023-05-25 12:00:00,6014.0599999999995,11.7,82.0,10.6,0.0,5.0,11.7,82.0,5.0
2023-05-25 13:00:00,6127.96,11.7,82.0,10.6,0.0,5.0,11.7,82.0,5.0
2023-05-25 14:00:00,6156.06,11.7,82.0,10.6,0.0,5.0,11.7,82.0,5.0
2023-05-25 15:00:00,5969.5,11.7,82.0,10.6,0.0,5.0,11.7,82.0,5.0
2023-05-25 16:00:00,5830.46,11.7,82.0,10.6,0.0,5.0,11.7,82.0,5.0
2023-05-25 17:00:00,6297.0199999999995,11.7,82.0,10.6,0.0,5.0,11.7,82.0,5.0
2023-05-25 18:00:00,6557.43,11.7,82.0,10.6,0.0,5.0,11.7,82.0,5.0
2023-05-25 19:00:00,6630.4400000000005,11.7,82.0,10.6,0.0,5.0,11.7,82.0,5.0
2023-05-25 20:00:00,6365.1900000000005,11.7,82.0,10.6,0.0,5.0,11.7,82.0,5.0
2023-05-25 21:00:00,6141.32,11.7,82.0,10.6,0.0,5.0,11.7,82.0,5.0
2023-05-25 22:00:00,5503.58,11.7,82.0,10.6,0.0,5.0,11.7,82.0,5.0
2023-05-25 23:00:00,4852.7,11.7,82.0,10.6,0.0,5.0,11.7,82.0,5.0
2023-05-26 00:00:00,4186.2,11.7,82.0,10.6,0.0,5.0,11.7,82.0,5.0
2023-05-26 01:00:00,4223.03,11.7,82.0,10.6,0.0,5.0,11.7,82.0,5.0
2023-05-26 02:00:00,4372.76,11.7,82.0,10.6,0.0,5.0,11.7,82.0,5.0
2023-05-26 03:00:00,4361.34,11.7,82.0,10.6,0.0,5.0,11.7,82.0,5.0
2023-05-26 04:00:00,4489.52,11.7,82.0,10.6,0.0,5.0,11.7,82.0,5.0
2023-05-26 05:00:00,4559.86,11.7,82.0,10.6,0.0,5.0,11.7,82.0,5.0
2023-05-26 06:00:00,4656.18,11.7,82.0,10.6,0.0,5.0,11.7,82.0,5.0
2023-05-26 07:00:00,4953.21,11.7,82.0,10.6,0.0,5.0,11.7,82.0,5.0
2023-05-26 08:00:00,5324.58,11.7,82.0,10.6,0.0,5.0,11.7,82.0,5.0
2023-05-26 09:00:00,5952.06,11.7,82.0,10.6,0.0,5.0,11.7,82.0,5.0
2023-05-26 10:00:00,5877.97,11.7,82.0,10.6,0.0,5.0,11.7,82.0,5.0
2023-05-26 11:00:00,6101.42,11.7,82.0,10.6,0.0,5.0,11.7,82.0,5.0
2023-05-26 12:00:00,6054.04,11.7,82.0,10.6,0.0,5.0,11.7,82.0,5.0
2023-05-26 13:00:00,6226.02,11.7,82.0,10.6,0.0,5.0,11.7,82.0,5.0
2023-05-26 14:00:00,6109.38,11.7,82.0,10.6,0.0,5.0,11.7,82.0,5.0
2023-05-26 15:00:00,6038.16,11.7,82.0,10.6,0.0,5.0,11.7,82.0,5.0
2023-05-26 16:00:00,5775.47,11.7,82.0,10.6,0.0,5.0,11.7,82.0,5.0
2023-05-26 17:00:00,6313.9,11.7,82.0,10.6,0.0,5.0,11.7,82.0,5.0
2023-05-26 18:00:00,6557.79,11.7,82.0,10.6,0.0,5.0,11.7,82.0,5.0
2023-05-26 19:00:00,6693.86,11.7,82.0,10.6,0.0,5.0,11.7,82.0,5.0
2023-05-26 20:00:00,6554.5,11.7,82.0,10.6,0.0,5.0,11.7,82.0,5.0
2023-05-26 21:00:00,6169.36,11.7,82.0,10.6,0.0,5.0,11.7,82.0,5.0
2023-05-26 22:00:00,5332.22,11.7,82.0,10.6,0.0,5.0,11.7,82.0,5.0
2023-05-26 23:00:00,4756.49,11.7,82.0,10.6,0.0,5.0,11.7,82.0,5.0
2023-05-27 00:00:00,3944.2,11.7,82.0,10.6,0.0,5.0,11.7,82.0,5.0
2023-05-27 01:00:00,3973.53,11.7,82.0,10.6,0.0,5.0,11.7,82.0,5.0
2023-05-27 02:00:00,4216.18,11.7,82.0,10.6,0.0,5.0,11.7,82.0,5.0
2023-05-27 03:00:00,4287.72,11.7,82.0,10.6,0.0,5.0,11.7,82.0,5.0
2023-05-27 04:00:00,4350.49,11.7,82.0,10.6,0.0,5.0,11.7,82.0,5.0
2023-05-27 05:00:00,4254.71,11.7,82.0,10.6,0.0,5.0,11.7,82.0,5.0
2023-05-27 06:00:00,4615.01,11.7,82.0,10.6,0.0,5.0,11.7,82.0,5.0
2023-05-27 07:00:00,5108.33,11.7,82.0,10.6,0.0,5.0,11.7,82.0,5.0
2023-05-27 08:00:00,5089.41,11.7,82.0,10.6,0.0,5.0,11.7,82.0,5.0
2023-05-27 09:00:00,5596.14,11.7,82.0,10.6,0.0,5.0,11.7,82.0,5.0
2023-05-27 10:00:00,5627.24,11.7,82.0,10.6,0.0,5.0,11.7,82.0,5.0
2023-05-27 11:00:00,5750.44,11.7,82.0,10.6,0.0,5.0,11.7,82.0,5.0
2023-05-27 12:00:00,5905.08,11.7,82.0,10.6,0.0,5.0,11.7,82.0,5.0
2023-05-27 13:00:00,5998.06,11.7,82.0,10.6,0.0,5.0,11.7,82.0,5.0
2023-05-27 14:00:00,5812.33,11.7,82.0,10.6,0.0,5.0,11.7,82.0,5.0
2023-05-27 15:00:00,5628.01,11.7,82.0,10.6,0.0,5.0,11.7,82.0,5.0
2023-05-27 16:00:00,5576.05,11.7,82.0,10.6,0.0,5.0,11.7,82.0,5.0
2023-05-27 17:00:00,6011.22,11.7,82.0,10.6,0.0,5.0,11.7,82.0,5.0
2023-05-27 18:00:00,6376.47,11.7,82.0,10.6,0.0,5.0,11.7,82.0,5.0
2023-05-27 19:00:00,6459.3,11.7,82.0,10.6,0.0,5.0,11.7,82.0,5.0
2023-05-27 20:00:00,6391.93,11.7,82.0,10.6,0.0,5.0,11.7,82.0,5.0
2023-05-27 21:00:00,5997.18,11.7,82.0,10.6,0.0,5.0,11.7,82.0,5.0
2023-05-27 22:00:00,5195.54,11.7,82.0,10.6,0.0,5.0,11.7,82.0,5.0
2023-05-27 23:00:00,4845.6,11.7,82.0,10.6,0.0,5.0,11.7,82.0,5.0
2023-05-28 00:00:00,3724.38,11.7,82.0,10.6,0.0,5.0,11.7,82.0,5.0
2023-05-28 01:00:00,3803.21,11.7,82.0,10.6,0.0,5.0,11.7,82.0,5.0
2023-05-28 02:00:00,4102.47,11.7,82.0,10.6,0.0,5.0,11.7,82.0,5.0
2023-05-28 03:00:00,4011.5199999999995,11.7,82.0,10.6,0.0,5.0,11.7,82.0,5.0
2023-05-28 04:00:00,3953.21,11.7,82.0,10.6,0.0,5.0,11.7,82.0,5.0
2023-05-28 05:00:00,4118.48,11.7,82.0,10.6,0.0,5.0,11.7,82.0,5.0
2023-05-28 06:00:00,4381.21,11.7,82.0,10.6,0.0,5.0,11.7,82.0,5.0
2023-05-28 07:00:00,4729.79,11.7,82.0,10.6,0.0,5.0,11.7,82.0,5.0
2023-05-28 08:00:00,5186.09,11.7,82.0,10.6,0.0,5.0,11.7,82.0,5.0
2023-05-28 09:00:00,5250.14,11.7,82.0,10.6,0.0,5.0,11.7,82.0,5.0
2023-05-28 10:00:00,5285.01,11.7,82.0,10.6,0.0,5.0,11.7,82.0,5.0
2023-05-28 11:00:00,5420.2,11.7,82.0,10.6,0.0,5.0,11.7,82.0,5.0
2023-05-28 12:00:00,5714.8,11.7,82.0,10.6,0.0,5.0,11.7,82.0,5.0
2023-05-28 13:00:00,5720.650000000001,11.7,82.0,10.6,0.0,5.0,11.7,82.0,5.0
2023-05-28 14:00:00,5536.15,11.7,82.0,10.6,0.0,5.0,11.7,82.0,5.0
2023-05-28 15:00:00,5600.86,11.7,82.0,10.6,0.0,5.0,11.7,82.0,5.0
2023-05-28 16:00:00,5341.43,11.7,82.0,10.6,0.0,5.0,11.7,82.0,5.0
2023-05-28 17:00:00,5587.13,11.7,82.0,10.6,0.0,5.0,11.7,82.0,5.0
2023-05-28 18:00:00,5896.11,11.7,82.0,10.6,0.0,5.0,11.7,82.0,5.0
2023-05-28 19:00:00,6003.99,11.7,82.0,10.6,0.0,5.0,11.7,82.0,5.0
2023-05-28 20:00:00,6106.62,11.7,82.0,10.6,0.0,5.0,11.7,82.0,5.0
2023-05-28 21:00:00,5703.179999999999,11.7,82.0,10.6,0.0,5.0,11.7,82.0,5.0
2023-05-28 22:00:00,4810.42,11.7,82.0,10.6,0.0,5.0,11.7,82.0,5.0
2023-05-28 23:00:00,4495.5599999999995,11.7,82.0,10.6,0.0,5.0,11.7,82.0,5.0
2023-05-29 00:00:00,4182.94,11.7,82.0,10.6,0.0,5.0,11.7,82.0,5.0
2023-05-29 01:00:00,4484.42,11.7,82.0,10.6,0.0,5.0,11.7,82.0,5.0
2023-05-29 02:00:00,4420.79,11.7,82.0,10.6,0.0,5.0,11.7,82.0,5.0
2023-05-29 03:00:00,4317.23,11.7,82.0,10.6,0.0,5.0,11.7,82.0,5.0
2023-05-29 04:00:00,4536.82,11.7,82.0,10.6,0.0,5.0,11.7,82.0,5.0
2023-05-29 05:00:00,4496.65,11.7,82.0,10.6,0.0,5.0,11.7,82.0,5.0
2023-05-29 06:00:00,4647.8,11.7,82.0,10.6,0.0,5.0,11.7,82.0,5.0
2023-05-29 07:00:00,5026.68,11.7,82.0,10.6,0.0,5.0,11.7,82.0,5.0
2023-05-29 08:00:00,5605.02,11.7,82.0,10.6,0.0,5.0,11.7,82.0,5.0
2023-05-29 09:00:00,5723.85,11.7,82.0,10.6,0.0,5.0,11.7,82.0,5.0
2023-05-29 10:00:00,5880.91,11.7,82.0,10.6,0.0,5.0,11.7,82.0,5.0
2023-05-29 11:00:00,6152.11,11.7,82.0,10.6,0.0,5.0,11.7,82.0,5.0
2023-05-29 12:00:00,6191.67,11.7,82.0,10.6,0.0,5.0,11.7,82.0,5.0
2023-05-29 13:00:00,6258.21,11.7,82.0,10.6,0.0,5.0,11.7,82.0,5.0
2023-05-29 14:00:00,6139.65,11.7,82.0,10.6,0.0,5.0,11.7,82.0,5.0
2023-05-29 15:00:00,6028.64,11.7,82.0,10.6,0.0,5.0,11.7,82.0,5.0
2023-05-29 16:00:00,5815.78,11.7,82.0,10.6,0.0,5.0,11.7,82.0,5.0
2023-05-29 17:00:00,6305.92,11.7,82.0,10.6,0.0,5.0,11.7,82.0,5.0
2023-05-29 18:00:00,6593.509999999999,11.7,82.0,10.6,0.0,5.0,11.7,82.0,5.0
2023-05-29 19:00:00,6765.35,11.7,82.0,10.6,0.0,5.0,11.7,82.0,5.0
2023-05-29 20:00:00,6559.110000000001,11.7,82.0,10.6,0.0,5.0,11.7,82.0,5.0
2023-05-29 21:00:00,6266.59,11.7,82.0,10.6,0.0,5.0,11.7,82.0,5.0
2023-05-29 22:00:00,5602.26,11.7,82.0,10.6,0.0,5.0,11.7,82.0,5.0
2023-05-29 23:00:00,4842.09,11.7,82.0,10.6,0.0,5.0,11.7,82.0,5.0
2023-05-30 00:00:00,4074.09,11.7,82.0,10.6,0.0,5.0,11.7,82.0,5.0
2023-05-30 01:00:00,4365.66,11.7,82.0,10.6,0.0,5.0,11.7,82.0,5.0
2023-05-30 02:00:00,4404.36,11.7,82.0,10.6,0.0,5.0,11.7,82.0,5.0
2023-05-30 03:00:00,4499.51,11.7,82.0,10.6,0.0,5.0,11.7,82.0,5.0
2023-05-30 04:00:00,4374.530000000001,11.7,82.0,10.6,0.0,5.0,11.7,82.0,5.0
2023-05-30 05:00:00,4546.87,11.7,82.0,10.6,0.0,5.0,11.7,82.0,5.0
2023-05-30 06:00:00,4789.66,11.7,82.0,10.6,0.0,5.0,11.7,82.0,5.0
2023-05-30 07:00:00,5372.07,11.7,82.0,10.6,0.0,5.0,11.7,82.0,5.0
2023-05-30 08:00:00,5561.1900000000005,11.7,82.0,10.6,0.0,5.0,11.7,82.0,5.0
2023-05-30 09:00:00,5913.1,11.7,82.0,10.6,0.0,5.0,11.7,82.0,5.0
2023-05-30 10:00:00,5911.26,11.7,82.0,10.6,0.0,5.0,11.7,82.0,5.0
2023-05-30 11:00:00,6005.04,11.7,82.0,10.6,0.0,5.0,11.7,82.0,5.0
2023-05-30 12:00:00,6209.1,11.7,82.0,10.6,0.0,5.0,11.7,82.0,5.0
2023-05-30 13:00:00,6308.55,11.7,82.0,10.6,0.0,5.0,11.7,82.0,5.0
2023-05-30 14:00:00,6407.77,11.7,82.0,10.6,0.0,5.0,11.7,82.0,5.0
2023-05-30 15:00:00,6191.35,11.7,82.0,10.6,0.0,5.0,11.7,82.0,5.0
2023-05-30 16:00:00,5930.08,11.7,82.0,10.6,0.0,5.0,11.7,82.0,5.0
2023-05-30 17:00:00,6219.66,11.7,82.0,10.6,0.0,5.0,11.7,82.0,5.0
2023-05-30 18:00:00,6572.71,11.7,82.0,10.6,0.0,5.0,11.7,82.0,5.0
2023-05-30 19:00:00,6725.65,11.7,82.0,10.6,0.0,5.0,11.7,82.0,5.0
2023-05-30 20:00:00,6667.16,11.7,82.0,10.6,0.0,5.0,11.7,82.0,5.0
2023-05-30 21:00:00,6233.92,11.7,82.0,10.6,0.0,5.0,11.7,82.0,5.0
2023-05-30 22:00:00,5477.82,11.7,82.0,10.6,0.0,5.0,11.7,82.0,5.0
2023-05-30 23:00:00,4878.34,11.7,82.0,10.6,0.0,5.0,11.7,82.0,5.0
2023-05-31 00:00:00,4258.67,11.7,82.0,10.6,0.0,5.0,11.7,82.0,5.0
2023-05-31 01:00:00,4296.83,11.7,82.0,10.6,0.0,5.0,11.7,82.0,5.0
2023-05-31 02:00:00,4405.59,11.7,82.0,10.6,0.0,5.0,11.7,82.0,5.0
2023-05-31 03:00:00,4513.77,11.7,82.0,10.6,0.0,5.0,11.7,82.0,5.0
2023-05-31 04:00:00,4524.79,11.7,82.0,10.6,0.0,5.0,11.7,82.0,5.0
2023-05-31 05:00:00,4556.45,11.7,82.0,10.6,0.0,5.0,11.7,82.0,5.0
2023-05-31 06:00:00,4962.23,11.7,82.0,10.6,0.0,5.0,11.7,82.0,5.0
2023-05-31 07:00:00,5103.2300000000005,11.7,82.0,10.6,0.0,5.0,11.7,82.0,5.0
2023-05-31 08:00:00,5506.72,11.7,82.0,10.6,0.0,5.0,11.7,82.0,5.0
2023-05-31 09:00:00,5810.75,11.7,82.0,10.6,0.0,5.0,11.7,82.0,5.0
2023-05-31 10:00:00,6043.610000000001,11.7,82.0,10.6,0.0,5.0,11.7,82.0,5.0
2023-05-31 11:00:00,6135.3099999999995,11.7,82.0,10.6,0.0,5.0,11.7,82.0,5.0
2023-05-31 12:00:00,6151.150000000001,11.7,82.0,10.6,0.0,5.0,11.7,82.0,5.0
2023-05-31 13:00:00,6299.969999999999,11.7,82.0,10.6,0.0,5.0,11.7,82.0,5.0
2023-05-31 14:00:00,6216.28,11.7,82.0,10.6,0.0,5.0,11.7,82.0,5.0
2023-05-31 15:00:00,6073.12,11.7,82.0,10.6,0.0,5.0,11.7,82.0,5.0
2023-05-31 16:00:00,5916.68,11.7,82.0,10.6,0.0,5.0,11.7,82.0,5.0
2023-05-31 17:00:00,6279.19,11.7,82.0,10.6,0.0,5.0,11.7,82.0,5.0
2023-05-31 18:00:00,6682.53,11.7,82.0,10.6,0.0,5.0,11.7,82.0,5.0
2023-05-31 19:00:00,6700.7,11.7,82.0,10.6,0.0,5.0,11.7,82.0,5.0
2023-05-31 20:00:00,6594.37,11.7,82.0,10.6,0.0,5.0,11.7,82.0,5.0
2023-05-31 21:00:00,6256.99,11.7,82.0,10.6,0.0,5.0,11.7,82.0,5.0
2023-05-31 22:00:00,5496.4,11.7,82.0,10.6,0.0,5.0,11.7,82.0,5.0
2023-05-31 23:00:00,4992.96,11.7,82.0,10.6,0.0,5.0,11.7,82.0,5.0
2023-06-01 00:00:00,4138.4,11.7,82.0,10.6,0.0,5.0,11.7,82.0,5.0
2023-06-01 01:00:00,4464.38,11.7,82.0,10.6,0.0,5.0,11.7,82.0,5.0
2023-06-01 02:00:00,4342.54,11.7,82.0,10.6,0.0,5.0,11.7,82.0,5.0
2023-06-01 03:00:00,4549.54,11.7,82.0,10.6,0.0,5.0,11.7,82.0,5.0
2023-06-01 04:00:00,4508.01,11.7,82.0,10.6,0.0,5.0,11.7,82.0,5.0
2023-06-01 05:00:00,4458.9,11.7,82.0,10.6,0.0,5.0,11.7,82.0,5.0
2023-06-01 06:00:00,4810.8,11.7,82.0,10.6,0.0,5.0,11.7,82.0,5.0
2023-06-01 07:00:00,5288.59,11.7,82.0,10.6,0.0,5.0,11.7,82.0,5.0
2023-06-01 08:00:00,5572.07,11.7,82.0,10.6,0.0,5.0,11.7,82.0,5.0
2023-06-01 09:00:00,5816.26,11.7,82.0,10.6,0.0,5.0,11.7,82.0,5.0
2023-06-01 10:00:00,5840.35,11.7,82.0,10.6,0.0,5.0,11.7,82.0,5.0
2023-06-01 11:00:00,5916.9,11.7,82.0,10.6,0.0,5.0,11.7,82.0,5.0
2023-06-01 12:00:00,6160.35,11.7,82.0,10.6,0.0,5.0,11.7,82.0,5.0
2023-06-01 13:00:00,6279.799999999999,11.7,82.0,10.6,0.0,5.0,11.7,82.0,5.0
2023-06-01 14:00:00,6310.69,11.7,82.0,10.6,0.0,5.0,11.7,82.0,5.0
2023-06-01 15:00:00,5992.8,11.7,82.0,10.6,0.0,5.0,11.7,82.0,5.0
2023-06-01 16:00:00,5973.0,11.7,82.0,10.6,0.0,5.0,11.7,82.0,5.0
2023-06-01 17:00:00,6249.61,11.7,82.0,10.6,0.0,5.0,11.7,82.0,5.0
2023-06-01 18:00:00,6648.97,11.7,82.0,10.6,0.0,5.0,11.7,82.0,5.0
2023-06-01 19:00:00,6778.71,11.7,82.0,10.6,0.0,5.0,11.7,82.0,5.0
2023-06-01 20:00:00,6519.45,11.7,82.0,10.6,0.0,5.0,11.7,82.0,5.0
2023-06-01 21:00:00,6365.28,11.7,82.0,10.6,0.0,5.0,11.7,82.0,5.0
2023-06-01 22:00:00,5415.89,11.7,82.0,10.6,0.0,5.0,11.7,82.0,5.0
2023-06-01 23:00:00,5008.5199999999995,11.7,82.0,10.6,0.0,5.0,11.7,82.0,5.0
2023-06-02 00:00:00,4209.25,11.7,82.0,10.6,0.0,5.0,11.7,82.0,5.0
2023-06-02 01:00:00,4262.1900000000005,11.7,82.0,10.6,0.0,5.0,11.7,82.0,5.0
2023-06-02 02:00:00,4450.79,11.7,82.0,10.6,0.0,5.0,11.7,82.0,5.0
2023-06-02 03:00:00,4619.63,11.7,82.0,10.6,0.0,5.0,11.7,82.0,5.0
2023-06-02 04:00:00,4475.67,11.7,82.0,10.6,0.0,5.0,11.7,82.0,5.0
2023-06-02 05:00:00,4441.63,11.7,82.0,10.6,0.0,5.0,11.7,82.0,5.0
2023-06-02 06:00:00,4844.78,11.7,82.0,10.6,0.0,5.0,11.7,82.0,5.0
2023-06-02 07:00:00,5237.84,11.7,82.0,10.6,0.0,5.0,11.7,82.0,5.0
2023-06-02 08:00:00,5651.92,11.7,82.0,10.6,0.0,5.0,11.7,82.0,5.0
2023-06-02 09:00:00,5914.47,11.7,82.0,10.6,0.0,5.0,11.7,82.0,5.0
2023-06-02 10:00:00,6018.1,11.7,82.0,10.6,0.0,5.0,11.7,82.0,5.0
2023-06-02 11:00:00,6232.52,11.7,82.0,10.6,0.0,5.0,11.7,82.0,5.0
2023-06-02 12:00:00,6233.51,11.7,82.0,10.6,0.0,5.0,11.7,82.0,5.0
2023-06-02 13:00:00,6331.65,11.7,82.0,10.6,0.0,5.0,11.7,82.0,5.0
2023-06-02 14:00:00,6082.7300000000005,11.7,82.0,10.6,0.0,5.0,11.7,82.0,5.0
2023-06-02 15:00:00,6153.04,11.7,82.0,10.6,0.0,5.0,11.7,82.0,5.0
2023-06-02 16:00:00,5991.38,11.7,82.0,10.6,0.0,5.0,11.7,82.0,5.0
2023-06-02 17:00:00,6212.24,11.7,82.0,10.6,0.0,5.0,11.7,82.0,5.0
2023-06-02 18:00:00,6608.9800000000005,11.7,82.0,10.6,0.0,5.0,11.7,82.0,5.0
2023-06-02 19:00:00,6793.86,11.7,82.0,10.6,0.0,5.0,11.7,82.0,5.0
2023-06-02 20:00:00,6446.37,11.7,82.0,10.6,0.0,5.0,11.7,82.0,5.0
2023-06-02 21:00:00,6404.58,11.7,82.0,10.6,0.0,5.0,11.7,82.0,5.0
2023-06-02 22:00:00,5603.46,11.7,82.0,10.6,0.0,5.0,11.7,82.0,5.0
2023-06-02 23:00:00,4813.91,11.7,82.0,10.6,0.0,5.0,11.7,82.0,5.0
2023-06-03 00:00:00,4006.4300000000003,11.7,82.0,10.6,0.0,5.0,11.7,82.0,5.0
2023-06-03 01:00:00,4110.98,11.7,82.0,10.6,0.0,5.0,11.7,82.0,5.0
2023-06-03 02:00:00,4406.9400000000005,11.7,82.0,10.6,0.0,5.0,11.7,82.0,5.0
2023-06-03 03:00:00,4248.87,11.7,82.0,10.6,0.0,5.0,11.7,82.0,5.0
2023-06-03 04:00:00,4279.68,11.7,82.0,10.6,0.0,5.0,11.7,82.0,5.0
2023-06-03 05:00:00,4301.13,11.7,82.0,10.6,0.0,5.0,11.7,82.0,5.0
2023-06-03 06:00:00,4673.650000000001,11.7,82.0,10.6,0.0,5.0,11.7,82.0,5.0
2023-06-03 07:00:00,5031.88,11.7,82.0,10.6,0.0,5.0,11.7,82.0,5.0
2023-06-03 08:00:00,5357.23,11.7,82.0,10.6,0.0,5.0,11.7,82.0,5.0
2023-06-03 09:00:00,5708.820000000001,11.7,82.0,10.6,0.0,5.0,11.7,82.0,5.0
2023-06-03 10:00:00,5718.58,11.7,82.0,10.6,0.0,5.0,11.7,82.0,5.0
2023-06-03 11:00:00,5834.08,11.7,82.0,10.6,0.0,5.0,11.7,82.0,5.0
2023-06-03 12:00:00,6084.12,11.7,82.0,10.6,0.0,5.0,11.7,82.0,5.0
2023-06-03 13:00:00,5970.32,11.7,82.0,10.6,0.0,5.0,11.7,82.0,5.0
2023-06-03 14:00:00,5816.86,11.7,82.0,10.6,0.0,5.0,11.7,82.0,5.0
2023-06-03 15:00:00,5806.69,11.7,82.0,10.6,0.0,5.0,11.7,82.0,5.0
2023-06-03 16:00:00,5579.03,11.7,82.0,10.6,0.0,5.0,11.7,82.0,5.0
2023-06-03 17:00:00,6009.9400000000005,11.7,82.0,10.6,0.0,5.0,11.7,82.0,5.0
2023-06-03 18:00:00,6394.85,11.7,82.0,10.6,0.0,5.0,11.7,82.0,5.0
2023-06-03 19:00:00,6712.1,11.7,82.0,10.6,0.0,5.0,11.7,82.0,5.0
2023-06-03 20:00:00,6430.13,11.7,82.0,10.6,0.0,5.0,11.7,82.0,5.0
2023-06-03 21:00:00,6093.77,11.7,82.0,10.6,0.0,5.0,11.7,82.0,5.0
2023-06-03 22:00:00,5312.67,11.7,82.0,10.6,0.0,5.0,11.7,82.0,5.0
2023-06-03 23:00:00,4949.88,11.7,82.0,10.6,0.0,5.0,11.7,82.0,5.0
2023-06-04 00:00:00,3985.41,11.7,82.0,10.6,0.0,5.0,11.7,82.0,5.0
2023-06-04 01:00:00,3966.02,11.7,82.0,10.6,0.0,5.0,11.7,82.0,5.0
2023-06-04 02:00:00,4077.98,11.7,82.0,10.6,0.0,5.0,11.7,82.0,5.0
2023-06-04 03:00:00,4224.4,11.7,82.0,10.6,0.0,5.0,11.7,82.0,5.0
2023-06-04 04:00:00,4154.37,11.7,82.0,10.6,0.0,5.0,11.7,82.0,5.0
2023-06-04 05:00:00,4090.29,11.7,82.0,10.6,0.0,5.0,11.7,82.0,5.0
2023-06-04 06:00:00,4269.9800000000005,11.7,82.0,10.6,0.0,5.0,11.7,82.0,5.0
2023-06-04 07:00:00,4643.67,11.7,82.0,10.6,0.0,5.0,11.7,82.0,5.0
2023-06-04 08:00:00,5110.76,11.7,82.0,10.6,0.0,5.0,11.7,82.0,5.0
2023-06-04 09:00:00,5507.67,11.7,82.0,10.6,0.0,5.0,11.7,82.0,5.0
2023-06-04 10:00:00,5446.18,11.7,82.0,10.6,0.0,5.0,11.7,82.0,5.0
2023-06-04 11:00:00,5489.31,11.7,82.0,10.6,0.0,5.0,11.7,82.0,5.0
2023-06-04 12:00:00,5811.15,11.7,82.0,10.6,0.0,5.0,11.7,82.0,5.0
2023-06-04 13:00:00,5899.04,11.7,82.0,10.6,0.0,5.0,11.7,82.0,5.0
2023-06-04 14:00:00,5772.35,11.7,82.0,10.6,0.0,5.0,11.7,82.0,5.0
2023-06-04 15:00:00,5629.7300000000005,11.7,82.0,10.6,0.0,5.0,11.7,82.0,5.0
2023-06-04 16:00:00,5386.38,11.7,82.0,10.6,0.0,5.0,11.7,82.0,5.0
2023-06-04 17:00:00,5740.58,11.7,82.0,10.6,0.0,5.0,11.7,82.0,5.0
2023-06-04 18:00:00,6015.71,11.7,82.0,10.6,0.0,5.0,11.7,82.0,5.0
2023-06-04 19:00:00,6115.26,11.7,82.0,10.6,0.0,5.0,11.7,82.0,5.0
2023-06-04 20:00:00,6115.95,11.7,82.0,10.6,0.0,5.0,11.7,82.0,5.0
2023-06-04 21:00:00,5796.45,11.7,82.0,10.6,0.0,5.0,11.7,82.0,5.0
2023-06-04 22:00:00,4910.58,11.7,82.0,10.6,0.0,5.0,11.7,82.0,5.0
2023-06-04 23:00:00,4432.18,11.7,82.0,10.6,0.0,5.0,11.7,82.0,5.0
2023-06-05 00:00:00,4133.98,11.7,82.0,10.6,0.0,5.0,11.7,82.0,5.0
2023-06-05 01:00:00,4343.29,11.7,82.0,10.6,0.0,5.0,11.7,82.0,5.0
2023-06-05 02:00:00,4393.33,11.7,82.0,10.6,0.0,5.0,11.7,82.0,5.0
2023-06-05 03:00:00,4513.42,11.7,82.0,10.6,0.0,5.0,11.7,82.0,5.0
2023-06-05 04:00:00,4346.73,11.7,82.0,10.6,0.0,5.0,11.7,82.0,5.0
2023-06-05 05:00:00,4470.4800000000005,11.7,82.0,10.6,0.0,5.0,11.7,82.0,5.0
2023-06-05 06:00:00,4791.46,11.7,82.0,10.6,0.0,5.0,11.7,82.0,5.0
2023-06-05 07:00:00,5361.53,11.7,82.0,10.6,0.0,5.0,11.7,82.0,5.0
2023-06-05 08:00:00,5645.58,11.7,82.0,10.6,0.0,5.0,11.7,82.0,5.0
2023-06-05 09:00:00,5935.17,11.7,82.0,10.6,0.0,5.0,11.7,82.0,5.0
2023-06-05 10:00:00,5986.71,11.7,82.0,10.6,0.0,5.0,11.7,82.0,5.0
2023-06-05 11:00:00,6306.33,11.7,82.0,10.6,0.0,5.0,11.7,82.0,5.0
2023-06-05 12:00:00,6284.66,11.7,82.0,10.6,0.0,5.0,11.7,82.0,5.0
2023-06-05 13:00:00,6302.86,11.7,82.0,10.6,0.0,5.0,11.7,82.0,5.0
2023-06-05 14:00:00,6270.04,11.7,82.0,10.6,0.0,5.0,11.7,82.0,5.0
2023-06-05 15:00:00,6010.7300000000005,11.7,82.0,10.6,0.0,5.0,11.7,82.0,5.0
2023-06-05 16:00:00,5832.77,11.7,82.0,10.6,0.0,5.0,11.7,82.0,5.0
2023-06-05 17:00:00,6315.5599999999995,11.7,82.0,10.6,0.0,5.0,11.7,82.0,5.0
2023-06-05 18:00:00,6627.07,11.7,82.0,10.6,0.0,5.0,11.7,82.0,5.0
2023-06-05 19:00:00,6830.1,11.7,82.0,10.6,0.0,5.0,11.7,82.0,5.0
2023-06-05 20:00:00,6766.7,11.7,82.0,10.6,0.0,5.0,11.7,82.0,5.0
2023-06-05 21:00:00,6304.259999999999,11.7,82.0,10.6,0.0,5.0,11.7,82.0,5.0
2023-06-05 22:00:00,5504.61,11.7,82.0,10.6,0.0,5.0,11.7,82.0,5.0
2023-06-05 23:00:00,4919.86,11.7,82.0,10.6,0.0,5.0,11.7,82.0,5.0
2023-06-06 00:00:00,4098.72,11.7,82.0,10.6,0.0,5.0,11.7,82.0,5.0
2023-06-06 01:00:00,4396.63,11.7,82.0,10.6,0.0,5.0,11.7,82.0,5.0
2023-06-06 02:00:00,4455.9800000000005,11.7,82.0,10.6,0.0,5.0,11.7,82.0,5.0
2023-06-06 03:00:00,4538.3,11.7,82.0,10.6,0.0,5.0,11.7,82.0,5.0
2023-06-06 04:00:00,4492.03,11.7,82.0,10.6,0.0,5.0,11.7,82.0,5.0
2023-06-06 05:00:00,4595.679999999999,11.7,82.0,10.6,0.0,5.0,11.7,82.0,5.0
2023-06-06 06:00:00,5009.51,11.7,82.0,10.6,0.0,5.0,11.7,82.0,5.0
2023-06-06 07:00:00,5269.81,11.7,82.0,10.6,0.0,5.0,11.7,82.0,5.0
2023-06-06 08:00:00,5364.4400000000005,11.7,82.0,10.6,0.0,5.0,11.7,82.0,5.0
2023-06-06 09:00:00,6051.14,11.7,82.0,10.6,0.0,5.0,11.7,82.0,5.0
2023-06-06 10:00:00,5969.73,11.7,82.0,10.6,0.0,5.0,11.7,82.0,5.0
2023-06-06 11:00:00,6174.58,11.7,82.0,10.6,0.0,5.0,11.7,82.0,5.0
2023-06-06 12:00:00,6211.84,11.7,82.0,10.6,0.0,5.0,11.7,82.0,5.0
2023-06-06 13:00:00,6330.36,11.7,82.0,10.6,0.0,5.0,11.7,82.0,5.0
2023-06-06 14:00:00,6260.47,11.7,82.0,10.6,0.0,5.0,11.7,82.0,5.0
2023-06-06 15:00:00,6138.63,11.7,82.0,10.6,0.0,5.0,11.7,82.0,5.0
2023-06-06 16:00:00,5955.27,11.7,82.0,10.6,0.0,5.0,11.7,82.0,5.0
2023-06-06 17:00:00,6376.26,11.7,82.0,10.6,0.0,5.0,11.7,82.0,5.0
2023-06-06 18:00:00,6738.360000000001,11.7,82.0,10.6,0.0,5.0,11.7,82.0,5.0
2023-06-06 19:00:00,6707.63,11.7,82.0,10.6,0.0,5.0,11.7,82.0,5.0
2023-06-06 20:00:00,6712.95,11.7,82.0,10.6,0.0,5.0,11.7,82.0,5.0
2023-06-06 21:00:00,6408.63,11.7,82.0,10.6,0.0,5.0,11.7,82.0,5.0
2023-06-06 22:00:00,5509.6,11.7,82.0,10.6,0.0,5.0,11.7,82.0,5.0
2023-06-06 23:00:00,4995.03,11.7,82.0,10.6,0.0,5.0,11.7,82.0,5.0
2023-06-07 00:00:00,4276.139999999999,11.7,82.0,10.6,0.0,5.0,11.7,82.0,5.0
2023-06-07 01:00:00,4348.85,11.7,82.0,10.6,0.0,5.0,11.7,82.0,5.0
2023-06-07 02:00:00,4401.94,11.7,82.0,10.6,0.0,5.0,11.7,82.0,5.0
2023-06-07 03:00:00,4565.89,11.7,82.0,10.6,0.0,5.0,11.7,82.0,5.0
2023-06-07 04:00:00,4437.6,11.7,82.0,10.6,0.0,5.0,11.7,82.0,5.0
2023-06-07 05:00:00,4529.95,11.7,82.0,10.6,0.0,5.0,11.7,82.0,5.0
2023-06-07 06:00:00,4905.92,11.7,82.0,10.6,0.0,5.0,11.7,82.0,5.0
2023-06-07 07:00:00,5230.66,11.7,82.0,10.6,0.0,5.0,11.7,82.0,5.0
2023-06-07 08:00:00,5631.58,11.7,82.0,10.6,0.0,5.0,11.7,82.0,5.0
2023-06-07 09:00:00,5897.75,11.7,82.0,10.6,0.0,5.0,11.7,82.0,5.0
2023-06-07 10:00:00,5979.07,11.7,82.0,10.6,0.0,5.0,11.7,82.0,5.0
2023-06-07 11:00:00,6103.0,11.7,82.0,10.6,0.0,5.0,11.7,82.0,5.0
2023-06-07 12:00:00,6297.69,11.7,82.0,10.6,0.0,5.0,11.7,82.0,5.0
2023-06-07 13:00:00,6388.1,11.7,82.0,10.6,0.0,5.0,11.7,82.0,5.0
2023-06-07 14:00:00,6350.73,11.7,82.0,10.6,0.0,5.0,11.7,82.0,5.0
2023-06-07 15:00:00,6069.78,11.7,82.0,10.6,0.0,5.0,11.7,82.0,5.0
2023-06-07 16:00:00,5981.9400000000005,11.7,82.0,10.6,0.0,5.0,11.7,82.0,5.0
2023-06-07 17:00:00,6535.19,11.7,82.0,10.6,0.0,5.0,11.7,82.0,5.0
2023-06-07 18:00:00,6637.24,11.7,82.0,10.6,0.0,5.0,11.7,82.0,5.0
2023-06-07 19:00:00,6895.45,11.7,82.0,10.6,0.0,5.0,11.7,82.0,5.0
2023-06-07 20:00:00,6801.51,11.7,82.0,10.6,0.0,5.0,11.7,82.0,5.0
2023-06-07 21:00:00,6333.4,11.7,82.0,10.6,0.0,5.0,11.7,82.0,5.0
2023-06-07 22:00:00,5357.12,11.7,82.0,10.6,0.0,5.0,11.7,82.0,5.0
2023-06-07 23:00:00,5083.7,11.7,82.0,10.6,0.0,5.0,11.7,82.0,5.0
2023-06-08 00:00:00,4366.89,11.7,82.0,10.6,0.0,5.0,11.7,82.0,5.0
2023-06-08 01:00:00,4361.8,11.7,82.0,10.6,0.0,5.0,11.7,82.0,5.0
2023-06-08 02:00:00,4395.98,11.7,82.0,10.6,0.0,5.0,11.7,82.0,5.0
2023-06-08 03:00:00,4512.74,11.7,82.0,10.6,0.0,5.0,11.7,82.0,5.0
2023-06-08 04:00:00,4439.62,11.7,82.0,10.6,0.0,5.0,11.7,82.0,5.0
2023-06-08 05:00:00,4536.17,11.7,82.0,10.6,0.0,5.0,11.7,82.0,5.0
2023-06-08 06:00:00,4747.19,11.7,82.0,10.6,0.0,5.0,11.7,82.0,5.0
2023-06-08 07:00:00,5284.18,11.7,82.0,10.6,0.0,5.0,11.7,82.0,5.0
2023-06-08 08:00:00,5657.6,11.7,82.0,10.6,0.0,5.0,11.7,82.0,5.0
2023-06-08 09:00:00,6041.63,11.7,82.0,10.6,0.0,5.0,11.7,82.0,5.0
2023-06-08 10:00:00,6026.0,11.7,82.0,10.6,0.0,5.0,11.7,82.0,5.0
2023-06-08 11:00:00,6360.87,11.7,82.0,10.6,0.0,5.0,11.7,82.0,5.0
2023-06-08 12:00:00,6179.42,11.7,82.0,10.6,0.0,5.0,11.7,82.0,5.0
2023-06-08 13:00:00,6298.28,11.7,82.0,10.6,0.0,5.0,11.7,82.0,5.0
2023-06-08 14:00:00,6177.64,11.7,82.0,10.6,0.0,5.0,11.7,82.0,5.0
2023-06-08 15:00:00,6203.08,11.7,82.0,10.6,0.0,5.0,11.7,82.0,5.0
2023-06-08 16:00:00,5935.46,11.7,82.0,10.6,0.0,5.0,11.7,82.0,5.0
2023-06-08 17:00:00,6404.93,11.7,82.0,10.6,0.0,5.0,11.7,82.0,5.0
2023-06-08 18:00:00,6908.92,11.7,82.0,10.6,0.0,5.0,11.7,82.0,5.0
2023-06-08 19:00:00,6877.55,11.7,82.0,10.6,0.0,5.0,11.7,82.0,5.0
2023-06-08 20:00:00,6600.04,11.7,82.0,10.6,0.0,5.0,11.7,82.0,5.0
2023-06-08 21:00:00,6348.08,11.7,82.0,10.6,0.0,5.0,11.7,82.0,5.0
2023-06-08 22:00:00,5455.76,11.7,82.0,10.6,0.0,5.0,11.7,82.0,5.0
2023-06-08 23:00:00,4912.94,11.7,82.0,10.6,0.0,5.0,11.7,82.0,5.0
2023-06-09 00:00:00,4225.03,11.7,82.0,10.6,0.0,5.0,11.7,82.0,5.0
2023-06-09 01:00:00,4314.22,11.7,82.0,10.6,0.0,5.0,11.7,82.0,5.0
2023-06-09 02:00:00,4441.61,11.7,82.0,10.6,0.0,5.0,11.7,82.0,5.0
2023-06-09 03:00:00,4451.14,11.7,82.0,10.6,0.0,5.0,11.7,82.0,5.0
2023-06-09 04:00:00,4448.51,11.7,82.0,10.6,0.0,5.0,11.7,82.0,5.0
2023-06-09 05:00:00,4568.8,11.7,82.0,10.6,0.0,5.0,11.7,82.0,5.0
2023-06-09 06:00:00,4938.68,11.7,82.0,10.6,0.0,5.0,11.7,82.0,5.0
2023-06-09 07:00:00,5111.89,11.7,82.0,10.6,0.0,5.0,11.7,82.0,5.0
2023-06-09 08:00:00,5614.5,11.7,82.0,10.6,0.0,5.0,11.7,82.0,5.0
2023-06-09 09:00:00,5911.7,11.7,82.0,10.6,0.0,5.0,11.7,82.0,5.0
2023-06-09 10:00:00,6013.62,11.7,82.0,10.6,0.0,5.0,11.7,82.0,5.0
2023-06-09 11:00:00,6205.97,11.7,82.0,10.6,0.0,5.0,11.7,82.0,5.0
2023-06-09 12:00:00,6526.29,11.7,82.0,10.6,0.0,5.0,11.7,82.0,5.0
2023-06-09 13:00:00,6329.57,11.7,82.0,10.6,0.0,5.0,11.7,82.0,5.0
2023-06-09 14:00:00,6348.42,11.7,82.0,10.6,0.0,5.0,11.7,82.0,5.0
2023-06-09 15:00:00,6167.66,11.7,82.0,10.6,0.0,5.0,11.7,82.0,5.0
2023-06-09 16:00:00,5913.51,11.7,82.0,10.6,0.0,5.0,11.7,82.0,5.0
2023-06-09 17:00:00,6444.7699999999995,11.7,82.0,10.6,0.0,5.0,11.7,82.0,5.0
2023-06-09 18:00:00,6756.41,11.7,82.0,10.6,0.0,5.0,11.7,82.0,5.0
2023-06-09 19:00:00,6900.88,11.7,82.0,10.6,0.0,5.0,11.7,82.0,5.0
2023-06-09 20:00:00,6839.2300000000005,11.7,82.0,10.6,0.0,5.0,11.7,82.0,5.0
2023-06-09 21:00:00,6296.2300000000005,11.7,82.0,10.6,0.0,5.0,11.7,82.0,5.0
2023-06-09 22:00:00,5546.09,11.7,82.0,10.6,0.0,5.0,11.7,82.0,5.0
2023-06-09 23:00:00,5076.77,11.7,82.0,10.6,0.0,5.0,11.7,82.0,5.0
2023-06-10 00:00:00,4081.54,11.7,82.0,10.6,0.0,5.0,11.7,82.0,5.0
2023-06-10 01:00:00,4102.56,11.7,82.0,10.6,0.0,5.0,11.7,82.0,5.0
2023-06-10 02:00:00,4311.71,11.7,82.0,10.6,0.0,5.0,11.7,82.0,5.0
2023-06-10 03:00:00,4464.3099999999995,11.7,82.0,10.6,0.0,5.0,11.7,82.0,5.0
2023-06-10 04:00:00,4336.16,11.7,82.0,10.6,0.0,5.0,11.7,82.0,5.0
2023-06-10 05:00:00,4383.26,11.7,82.0,10.6,0.0,5.0,11.7,82.0,5.0
2023-06-10 06:00:00,4743.76,11.7,82.0,10.6,0.0,5.0,11.7,82.0,5.0
2023-06-10 07:00:00,5110.9400000000005,11.7,82.0,10.6,0.0,5.0,11.7,82.0,5.0
2023-06-10 08:00:00,5535.16,11.7,82.0,10.6,0.0,5.0,11.7,82.0,5.0
2023-06-10 09:00:00,5672.49,11.7,82.0,10.6,0.0,5.0,11.7,82.0,5.0
2023-06-10 10:00:00,5805.47,11.7,82.0,10.6,0.0,5.0,11.7,82.0,5.0
2023-06-10 11:00:00,5996.4400000000005,11.7,82.0,10.6,0.0,5.0,11.7,82.0,5.0
2023-06-10 12:00:00,5961.69,11.7,82.0,10.6,0.0,5.0,11.7,82.0,5.0
2023-06-10 13:00:00,6113.13,11.7,82.0,10.6,0.0,5.0,11.7,82.0,5.0
2023-06-10 14:00:00,6087.55,11.7,82.0,10.6,0.0,5.0,11.7,82.0,5.0
2023-06-10 15:00:00,5967.75,11.7,82.0,10.6,0.0,5.0,11.7,82.0,5.0
2023-06-10 16:00:00,5757.09,11.7,82.0,10.6,0.0,5.0,11.7,82.0,5.0
2023-06-10 17:00:00,6293.6,11.7,82.0,10.6,0.0,5.0,11.7,82.0,5.0
2023-06-10 18:00:00,6396.07,11.7,82.0,10.6,0.0,5.0,11.7,82.0,5.0
2023-06-10 19:00:00,6627.13,11.7,82.0,10.6,0.0,5.0,11.7,82.0,5.0
2023-06-10 20:00:00,6485.29,11.7,82.0,10.6,0.0,5.0,11.7,82.0,5.0
2023-06-10 21:00:00,6116.84,11.7,82.0,10.6,0.0,5.0,11.7,82.0,5.0
2023-06-10 22:00:00,5250.13,11.7,82.0,10.6,0.0,5.0,11.7,82.0,5.0
2023-06-10 23:00:00,4777.54,11.7,82.0,10.6,0.0,5.0,11.7,82.0,5.0
2023-06-11 00:00:00,3952.3,11.7,82.0,10.6,0.0,5.0,11.7,82.0,5.0
2023-06-11 01:00:00,4061.67,11.7,82.0,10.6,0.0,5.0,11.7,82.0,5.0
2023-06-11 02:00:00,3987.21,11.7,82.0,10.6,0.0,5.0,11.7,82.0,5.0
2023-06-11 03:00:00,4211.83,11.7,82.0,10.6,0.0,5.0,11.7,82.0,5.0
2023-06-11 04:00:00,4179.91,11.7,82.0,10.6,0.0,5.0,11.7,82.0,5.0
2023-06-11 05:00:00,4050.88,11.7,82.0,10.6,0.0,5.0,11.7,82.0,5.0
2023-06-11 06:00:00,4500.16,11.7,82.0,10.6,0.0,5.0,11.7,82.0,5.0
2023-06-11 07:00:00,4908.89,11.7,82.0,10.6,0.0,5.0,11.7,82.0,5.0
2023-06-11 08:00:00,5113.8,11.7,82.0,10.6,0.0,5.0,11.7,82.0,5.0
2023-06-11 09:00:00,5439.55,11.7,82.0,10.6,0.0,5.0,11.7,82.0,5.0
2023-06-11 10:00:00,5504.1,11.7,82.0,10.6,0.0,5.0,11.7,82.0,5.0
2023-06-11 11:00:00,5624.38,11.7,82.0,10.6,0.0,5.0,11.7,82.0,5.0
2023-06-11 12:00:00,5794.04,11.7,82.0,10.6,0.0,5.0,11.7,82.0,5.0
2023-06-11 13:00:00,5819.6,11.7,82.0,10.6,0.0,5.0,11.7,82.0,5.0
2023-06-11 14:00:00,5811.21,11.7,82.0,10.6,0.0,5.0,11.7,82.0,5.0
2023-06-11 15:00:00,5683.28,11.7,82.0,10.6,0.0,5.0,11.7,82.0,5.0
2023-06-11 16:00:00,5400.77,11.7,82.0,10.6,0.0,5.0,11.7,82.0,5.0
2023-06-11 17:00:00,5820.46,11.7,82.0,10.6,0.0,5.0,11.7,82.0,5.0
2023-06-11 18:00:00,6091.67,11.7,82.0,10.6,0.0,5.0,11.7,82.0,5.0
2023-06-11 19:00:00,6366.17,11.7,82.0,10.6,0.0,5.0,11.7,82.0,5.0
2023-06-11 20:00:00,6000.67,11.7,82.0,10.6,0.0,5.0,11.7,82.0,5.0
2023-06-11 21:00:00,5800.63,11.7,82.0,10.6,0.0,5.0,11.7,82.0,5.0
2023-06-11 22:00:00,5036.82,11.7,82.0,10.6,0.0,5.0,11.7,82.0,5.0
2023-06-11 23:00:00,4435.57,11.7,82.0,10.6,0.0,5.0,11.7,82.0,5.0
2023-06-12 00:00:00,4323.22,11.7,82.0,10.6,0.0,5.0,11.7,82.0,5.0
2023-06-12 01:00:00,4432.98,11.7,82.0,10.6,0.0,5.0,11.7,82.0,5.0
2023-06-12 02:00:00,4415.63,11.7,82.0,10.6,0.0,5.0,11.7,82.0,5.0
2023-06-12 03:00:00,4461.6,11.7,82.0,10.6,0.0,5.0,11.7,82.0,5.0
2023-06-12 04:00:00,4637.99,11.7,82.0,10.6,0.0,5.0,11.7,82.0,5.0
2023-06-12 05:00:00,4496.99,11.7,82.0,10.6,0.0,5.0,11.7,82.0,5.0
2023-06-12 06:00:00,4867.46,11.7,82.0,10.6,0.0,5.0,11.7,82.0,5.0
2023-06-12 07:00:00,5320.18,11.7,82.0,10.6,0.0,5.0,11.7,82.0,5.0
2023-06-12 08:00:00,5493.25,11.7,82.0,10.6,0.0,5.0,11.7,82.0,5.0
2023-06-12 09:00:00,5930.93,11.7,82.0,10.6,0.0,5.0,11.7,82.0,5.0
2023-06-12 10:00:00,6122.349999999999,11.7,82.0,10.6,0.0,5.0,11.7,82.0,5.0
2023-06-12 11:00:00,6239.4,11.7,82.0,10.6,0.0,5.0,11.7,82.0,5.0
2023-06-12 12:00:00,6283.64,11.7,82.0,10.6,0.0,5.0,11.7,82.0,5.0
2023-06-12 13:00:00,6446.04,11.7,82.0,10.6,0.0,5.0,11.7,82.0,5.0
2023-06-12 14:00:00,6175.67,11.7,82.0,10.6,0.0,5.0,11.7,82.0,5.0
2023-06-12 15:00:00,6165.91,11.7,82.0,10.6,0.0,5.0,11.7,82.0,5.0
2023-06-12 16:00:00,5921.72,11.7,82.0,10.6,0.0,5.0,11.7,82.0,5.0
2023-06-12 17:00:00,6349.04,11.7,82.0,10.6,0.0,5.0,11.7,82.0,5.0
2023-06-12 18:00:00,6748.1,11.7,82.0,10.6,0.0,5.0,11.7,82.0,5.0
2023-06-12 19:00:00,6943.68,11.7,82.0,10.6,0.0,5.0,11.7,82.0,5.0
2023-06-12 20:00:00,6679.95,11.7,82.0,10.6,0.0,5.0,11.7,82.0,5.0
2023-06-12 21:00:00,6465.88,11.7,82.0,10.6,0.0,5.0,11.7,82.0,5.0
2023-06-12 22:00:00,5700.7300000000005,11.7,82.0,10.6,0.0,5.0,11.7,82.0,5.0
2023-06-12 23:00:00,5195.900000000001,11.7,82.0,10.6,0.0,5.0,11.7,82.0,5.0
2023-06-13 00:00:00,4245.51,11.7,82.0,10.6,0.0,5.0,11.7,82.0,5.0
2023-06-13 01:00:00,4504.89,11.7,82.0,10.6,0.0,5.0,11.7,82.0,5.0
2023-06-13 02:00:00,4465.36,11.7,82.0,10.6,0.0,5.0,11.7,82.0,5.0
2023-06-13 03:00:00,4467.87,11.7,82.0,10.6,0.0,5.0,11.7,82.0,5.0
2023-06-13 04:00:00,4498.35,11.7,82.0,10.6,0.0,5.0,11.7,82.0,5.0
2023-06-13 05:00:00,4574.22,11.7,82.0,10.6,0.0,5.0,11.7,82.0,5.0
2023-06-13 06:00:00,5048.26,11.7,82.0,10.6,0.0,5.0,11.7,82.0,5.0
2023-06-13 07:00:00,5172.32,11.7,82.0,10.6,0.0,5.0,11.7,82.0,5.0
2023-06-13 08:00:00,5566.74,11.7,82.0,10.6,0.0,5.0,11.7,82.0,5.0
2023-06-13 09:00:00,5994.33,11.7,82.0,10.6,0.0,5.0,11.7,82.0,5.0
2023-06-13 10:00:00,5991.16,11.7,82.0,10.6,0.0,5.0,11.7,82.0,5.0
2023-06-13 11:00:00,6196.16,11.7,82.0,10.6,0.0,5.0,11.7,82.0,5.0
2023-06-13 12:00:00,6362.79,11.7,82.0,10.6,0.0,5.0,11.7,82.0,5.0
2023-06-13 13:00:00,6396.25,11.7,82.0,10.6,0.0,5.0,11.7,82.0,5.0
2023-06-13 14:00:00,6379.2699999999995,11.7,82.0,10.6,0.0,5.0,11.7,82.0,5.0
2023-06-13 15:00:00,6230.49,11.7,82.0,10.6,0.0,5.0,11.7,82.0,5.0
2023-06-13 16:00:00,6001.18,11.7,82.0,10.6,0.0,5.0,11.7,82.0,5.0
2023-06-13 17:00:00,6374.87,11.7,82.0,10.6,0.0,5.0,11.7,82.0,5.0
2023-06-13 18:00:00,6907.13,11.7,82.0,10.6,0.0,5.0,11.7,82.0,5.0
2023-06-13 19:00:00,6792.41,11.7,82.0,10.6,0.0,5.0,11.7,82.0,5.0
2023-06-13 20:00:00,6611.14,11.7,82.0,10.6,0.0,5.0,11.7,82.0,5.0
2023-06-13 21:00:00,6383.79,11.7,82.0,10.6,0.0,5.0,11.7,82.0,5.0
2023-06-13 22:00:00,5530.91,11.7,82.0,10.6,0.0,5.0,11.7,82.0,5.0
2023-06-13 23:00:00,5054.3,11.7,82.0,10.6,0.0,5.0,11.7,82.0,5.0
2023-06-14 00:00:00,4227.85,11.7,82.0,10.6,0.0,5.0,11.7,82.0,5.0
2023-06-14 01:00:00,4479.46,11.7,82.0,10.6,0.0,5.0,11.7,82.0,5.0
2023-06-14 02:00:00,4510.39,11.7,82.0,10.6,0.0,5.0,11.7,82.0,5.0
2023-06-14 03:00:00,4552.89,11.7,82.0,10.6,0.0,5.0,11.7,82.0,5.0
2023-06-14 04:00:00,4610.0,11.7,82.0,10.6,0.0,5.0,11.7,82.0,5.0
2023-06-14 05:00:00,4640.28,11.7,82.0,10.6,0.0,5.0,11.7,82.0,5.0
2023-06-14 06:00:00,4852.96,11.7,82.0,10.6,0.0,5.0,11.7,82.0,5.0
2023-06-14 07:00:00,5322.91,11.7,82.0,10.6,0.0,5.0,11.7,82.0,5.0
2023-06-14 08:00:00,5516.46,11.7,82.0,10.6,0.0,5.0,11.7,82.0,5.0
2023-06-14 09:00:00,5931.16,11.7,82.0,10.6,0.0,5.0,11.7,82.0,5.0
2023-06-14 10:00:00,6081.15,11.7,82.0,10.6,0.0,5.0,11.7,82.0,5.0
2023-06-14 11:00:00,6094.98,11.7,82.0,10.6,0.0,5.0,11.7,82.0,5.0
2023-06-14 12:00:00,6401.65,11.7,82.0,10.6,0.0,5.0,11.7,82.0,5.0
2023-06-14 13:00:00,6265.639999999999,11.7,82.0,10.6,0.0,5.0,11.7,82.0,5.0
2023-06-14 14:00:00,6373.69,11.7,82.0,10.6,0.0,5.0,11.7,82.0,5.0
2023-06-14 15:00:00,6229.84,11.7,82.0,10.6,0.0,5.0,11.7,82.0,5.0
2023-06-14 16:00:00,5979.62,11.7,82.0,10.6,0.0,5.0,11.7,82.0,5.0
2023-06-14 17:00:00,6490.92,11.7,82.0,10.6,0.0,5.0,11.7,82.0,5.0
2023-06-14 18:00:00,6785.82,11.7,82.0,10.6,0.0,5.0,11.7,82.0,5.0
2023-06-14 19:00:00,7066.67,11.7,82.0,10.6,0.0,5.0,11.7,82.0,5.0
2023-06-14 20:00:00,6780.75,11.7,82.0,10.6,0.0,5.0,11.7,82.0,5.0
2023-06-14 21:00:00,6295.889999999999,11.7,82.0,10.6,0.0,5.0,11.7,82.0,5.0
2023-06-14 22:00:00,5490.63,11.7,82.0,10.6,0.0,5.0,11.7,82.0,5.0
2023-06-14 23:00:00,4951.73,11.7,82.0,10.6,0.0,5.0,11.7,82.0,5.0
2023-06-15 00:00:00,4236.32,11.7,82.0,10.6,0.0,5.0,11.7,82.0,5.0
2023-06-15 01:00:00,4574.09,11.7,82.0,10.6,0.0,5.0,11.7,82.0,5.0
2023-06-15 02:00:00,4482.73,11.7,82.0,10.6,0.0,5.0,11.7,82.0,5.0
2023-06-15 03:00:00,4565.17,11.7,82.0,10.6,0.0,5.0,11.7,82.0,5.0
2023-06-15 04:00:00,4515.22,11.7,82.0,10.6,0.0,5.0,11.7,82.0,5.0
2023-06-15 05:00:00,4585.87,11.7,82.0,10.6,0.0,5.0,11.7,82.0,5.0
2023-06-15 06:00:00,4929.22,11.7,82.0,10.6,0.0,5.0,11.7,82.0,5.0
2023-06-15 07:00:00,5221.76,11.7,82.0,10.6,0.0,5.0,11.7,82.0,5.0
2023-06-15 08:00:00,5661.07,11.7,82.0,10.6,0.0,5.0,11.7,82.0,5.0
2023-06-15 09:00:00,6010.099999999999,11.7,82.0,10.6,0.0,5.0,11.7,82.0,5.0
2023-06-15 10:00:00,6088.41,11.7,82.0,10.6,0.0,5.0,11.7,82.0,5.0
2023-06-15 11:00:00,6475.16,11.7,82.0,10.6,0.0,5.0,11.7,82.0,5.0
2023-06-15 12:00:00,6321.24,11.7,82.0,10.6,0.0,5.0,11.7,82.0,5.0
2023-06-15 13:00:00,6250.49,11.7,82.0,10.6,0.0,5.0,11.7,82.0,5.0
2023-06-15 14:00:00,6312.2,11.7,82.0,10.6,0.0,5.0,11.7,82.0,5.0
2023-06-15 15:00:00,6205.51,11.7,82.0,10.6,0.0,5.0,11.7,82.0,5.0
2023-06-15 16:00:00,6063.89,11.7,82.0,10.6,0.0,5.0,11.7,82.0,5.0
2023-06-15 17:00:00,6307.71,11.7,82.0,10.6,0.0,5.0,11.7,82.0,5.0
2023-06-15 18:00:00,6733.98,11.7,82.0,10.6,0.0,5.0,11.7,82.0,5.0
2023-06-15 19:00:00,6840.84,11.7,82.0,10.6,0.0,5.0,11.7,82.0,5.0
2023-06-15 20:00:00,6863.82,11.7,82.0,10.6,0.0,5.0,11.7,82.0,5.0
2023-06-15 21:00:00,6252.17,11.7,82.0,10.6,0.0,5.0,11.7,82.0,5.0
2023-06-15 22:00:00,5515.79,11.7,82.0,10.6,0.0,5.0,11.7,82.0,5.0
2023-06-15 23:00:00,4975.21,11.7,82.0,10.6,0.0,5.0,11.7,82.0,5.0
2023-06-16 00:00:00,4346.14,11.7,82.0,10.6,0.0,5.0,11.7,82.0,5.0
2023-06-16 01:00:00,4359.18,11.7,82.0,10.6,0.0,5.0,11.7,82.0,5.0
2023-06-16 02:00:00,4609.59,11.7,82.0,10.6,0.0,5.0,11.7,82.0,5.0
2023-06-16 03:00:00,4497.43,11.7,82.0,10.6,0.0,5.0,11.7,82.0,5.0
2023-06-16 04:00:00,4495.86,11.7,82.0,10.6,0.0,5.0,11.7,82.0,5.0
2023-06-16 05:00:00,4726.86,11.7,82.0,10.6,0.0,5.0,11.7,82.0,5.0
2023-06-16 06:00:00,4883.650000000001,11.7,82.0,10.6,0.0,5.0,11.7,82.0,5.0
2023-06-16 07:00:00,5204.51,11.7,82.0,10.6,0.0,5.0,11.7,82.0,5.0
2023-06-16 08:00:00,5610.72,11.7,82.0,10.6,0.0,5.0,11.7,82.0,5.0
2023-06-16 09:00:00,6029.18,11.7,82.0,10.6,0.0,5.0,11.7,82.0,5.0
2023-06-16 10:00:00,5959.57,11.7,82.0,10.6,0.0,5.0,11.7,82.0,5.0
2023-06-16 11:00:00,6215.37,11.7,82.0,10.6,0.0,5.0,11.7,82.0,5.0
2023-06-16 12:00:00,6216.59,11.7,82.0,10.6,0.0,5.0,11.7,82.0,5.0
2023-06-16 13:00:00,6393.79,11.7,82.0,10.6,0.0,5.0,11.7,82.0,5.0
2023-06-16 14:00:00,6262.67,11.7,82.0,10.6,0.0,5.0,11.7,82.0,5.0
2023-06-16 15:00:00,6105.17,11.7,82.0,10.6,0.0,5.0,11.7,82.0,5.0
2023-06-16 16:00:00,5958.49,11.7,82.0,10.6,0.0,5.0,11.7,82.0,5.0
2023-06-16 17:00:00,6410.01,11.7,82.0,10.6,0.0,5.0,11.7,82.0,5.0
2023-06-16 18:00:00,6656.26,11.7,82.0,10.6,0.0,5.0,11.7,82.0,5.0
2023-06-16 19:00:00,6720.54,11.7,82.0,10.6,0.0,5.0,11.7,82.0,5.0
2023-06-16 20:00:00,6799.97,11.7,82.0,10.6,0.0,5.0,11.7,82.0,5.0
2023-06-16 21:00:00,6227.28,11.7,82.0,10.6,0.0,5.0,11.7,82.0,5.0
2023-06-16 22:00:00,5409.7,11.7,82.0,10.6,0.0,5.0,11.7,82.0,5.0
2023-06-16 23:00:00,5060.82,11.7,82.0,10.6,0.0,5.0,11.7,82.0,5.0
2023-06-17 00:00:00,4159.03,11.7,82.0,10.6,0.0,5.0,11.7,82.0,5.0
2023-06-17 01:00:00,4203.4800000000005,11.7,82.0,10.6,0.0,5.0,11.7,82.0,5.0
2023-06-17 02:00:00,4281.67,11.7,82.0,10.6,0.0,5.0,11.7,82.0,5.0
2023-06-17 03:00:00,4464.59,11.7,82.0,10.6,0.0,5.0,11.7,82.0,5.0
2023-06-17 04:00:00,4286.49,11.7,82.0,10.6,0.0,5.0,11.7,82.0,5.0
2023-06-17 05:00:00,4415.63,11.7,82.0,10.6,0.0,5.0,11.7,82.0,5.0
2023-06-17 06:00:00,4729.53,11.7,82.0,10.6,0.0,5.0,11.7,82.0,5.0
2023-06-17 07:00:00,5108.6,11.7,82.0,10.6,0.0,5.0,11.7,82.0,5.0
2023-06-17 08:00:00,5348.39,11.7,82.0,10.6,0.0,5.0,11.7,82.0,5.0
2023-06-17 09:00:00,5731.53,11.7,82.0,10.6,0.0,5.0,11.7,82.0,5.0
2023-06-17 10:00:00,5740.75,11.7,82.0,10.6,0.0,5.0,11.7,82.0,5.0
2023-06-17 11:00:00,5927.15,11.7,82.0,10.6,0.0,5.0,11.7,82.0,5.0
2023-06-17 12:00:00,6037.84,11.7,82.0,10.6,0.0,5.0,11.7,82.0,5.0
2023-06-17 13:00:00,6116.0199999999995,11.7,82.0,10.6,0.0,5.0,11.7,82.0,5.0
2023-06-17 14:00:00,6286.55,11.7,82.0,10.6,0.0,5.0,11.7,82.0,5.0
2023-06-17 15:00:00,5957.04,11.7,82.0,10.6,0.0,5.0,11.7,82.0,5.0
2023-06-17 16:00:00,5780.14,11.7,82.0,10.6,0.0,5.0,11.7,82.0,5.0
2023-06-17 17:00:00,6086.13,11.7,82.0,10.6,0.0,5.0,11.7,82.0,5.0
2023-06-17 18:00:00,6700.5599999999995,11.7,82.0,10.6,0.0,5.0,11.7,82.0,5.0
2023-06-17 19:00:00,6604.25,11.7,82.0,10.6,0.0,5.0,11.7,82.0,5.0
2023-06-17 20:00:00,6423.18,11.7,82.0,10.6,0.0,5.0,11.7,82.0,5.0
2023-06-17 21:00:00,6128.29,11.7,82.0,10.6,0.0,5.0,11.7,82.0,5.0
2023-06-17 22:00:00,5125.46,11.7,82.0,10.6,0.0,5.0,11.7,82.0,5.0
2023-06-17 23:00:00,4869.09,11.7,82.0,10.6,0.0,5.0,11.7,82.0,5.0
2023-06-18 00:00:00,3870.0,11.7,82.0,10.6,0.0,5.0,11.7,82.0,5.0
2023-06-18 01:00:00,3918.05,11.7,82.0,10.6,0.0,5.0,11.7,82.0,5.0
2023-06-18 02:00:00,4047.18,11.7,82.0,10.6,0.0,5.0,11.7,82.0,5.0
2023-06-18 03:00:00,4121.79,11.7,82.0,10.6,0.0,5.0,11.7,82.0,5.0
2023-06-18 04:00:00,3906.54,11.7,82.0,10.6,0.0,5.0,11.7,82.0,5.0
2023-06-18 05:00:00,4155.53,11.7,82.0,10.6,0.0,5.0,11.7,82.0,5.0
2023-06-18 06:00:00,4607.35,11.7,82.0,10.6,0.0,5.0,11.7,82.0,5.0
2023-06-18 07:00:00,4871.25,11.7,82.0,10.6,0.0,5.0,11.7,82.0,5.0
2023-06-18 08:00:00,5064.8099999999995,11.7,82.0,10.6,0.0,5.0,11.7,82.0,5.0
2023-06-18 09:00:00,5528.33,11.7,82.0,10.6,0.0,5.0,11.7,82.0,5.0
2023-06-18 10:00:00,5548.06,11.7,82.0,10.6,0.0,5.0,11.7,82.0,5.0
2023-06-18 11:00:00,5682.42,11.7,82.0,10.6,0.0,5.0,11.7,82.0,5.0
2023-06-18 12:00:00,5832.28,11.7,82.0,10.6,0.0,5.0,11.7,82.0,5.0
2023-06-18 13:00:00,5838.47,11.7,82.0,10.6,0.0,5.0,11.7,82.0,5.0
2023-06-18 14:00:00,5737.63,11.7,82.0,10.6,0.0,5.0,11.7,82.0,5.0
2023-06-18 15:00:00,5679.42,11.7,82.0,10.6,0.0,5.0,11.7,82.0,5.0
2023-06-18 16:00:00,5660.85,11.7,82.0,10.6,0.0,5.0,11.7,82.0,5.0
2023-06-18 17:00:00,5889.5,11.7,82.0,10.6,0.0,5.0,11.7,82.0,5.0
2023-06-18 18:00:00,6232.61,11.7,82.0,10.6,0.0,5.0,11.7,82.0,5.0
2023-06-18 19:00:00,6200.5,11.7,82.0,10.6,0.0,5.0,11.7,82.0,5.0
2023-06-18 20:00:00,6088.94,11.7,82.0,10.6,0.0,5.0,11.7,82.0,5.0
2023-06-18 21:00:00,5831.13,11.7,82.0,10.6,0.0,5.0,11.7,82.0,5.0
2023-06-18 22:00:00,4943.17,11.7,82.0,10.6,0.0,5.0,11.7,82.0,5.0
2023-06-18 23:00:00,4575.17,11.7,82.0,10.6,0.0,5.0,11.7,82.0,5.0
2023-06-19 00:00:00,4199.26,11.7,82.0,10.6,0.0,5.0,11.7,82.0,5.0
2023-06-19 01:00:00,4456.87,11.7,82.0,10.6,0.0,5.0,11.7,82.0,5.0
2023-06-19 02:00:00,4493.22,11.7,82.0,10.6,0.0,5.0,11.7,82.0,5.0
2023-06-19 03:00:00,4669.39,11.7,82.0,10.6,0.0,5.0,11.7,82.0,5.0
2023-06-19 04:00:00,4515.87,11.7,82.0,10.6,0.0,5.0,11.7,82.0,5.0
2023-06-19 05:00:00,4622.47,11.7,82.0,10.6,0.0,5.0,11.7,82.0,5.0
2023-06-19 06:00:00,4798.58,11.7,82.0,10.6,0.0,5.0,11.7,82.0,5.0
2023-06-19 07:00:00,5149.0,11.7,82.0,10.6,0.0,5.0,11.7,82.0,5.0
2023-06-19 08:00:00,5569.83,11.7,82.0,10.6,0.0,5.0,11.7,82.0,5.0
2023-06-19 09:00:00,5876.62,11.7,82.0,10.6,0.0,5.0,11.7,82.0,5.0
2023-06-19 10:00:00,6091.89,11.7,82.0,10.6,0.0,5.0,11.7,82.0,5.0
2023-06-19 11:00:00,6016.1,11.7,82.0,10.6,0.0,5.0,11.7,82.0,5.0
2023-06-19 12:00:00,6428.7300000000005,11.7,82.0,10.6,0.0,5.0,11.7,82.0,5.0
2023-06-19 13:00:00,6393.55,11.7,82.0,10.6,0.0,5.0,11.7,82.0,5.0
2023-06-19 14:00:00,6262.099999999999,11.7,82.0,10.6,0.0,5.0,11.7,82.0,5.0
2023-06-19 15:00:00,6093.34,11.7,82.0,10.6,0.0,5.0,11.7,82.0,5.0
2023-06-19 16:00:00,5870.88,11.7,82.0,10.6,0.0,5.0,11.7,82.0,5.0
2023-06-19 17:00:00,6310.42,11.7,82.0,10.6,0.0,5.0,11.7,82.0,5.0
2023-06-19 18:00:00,6678.17,11.7,82.0,10.6,0.0,5.0,11.7,82.0,5.0
2023-06-19 19:00:00,6861.26,11.7,82.0,10.6,0.0,5.0,11.7,82.0,5.0
2023-06-19 20:00:00,6966.18,11.7,82.0,10.6,0.0,5.0,11.7,82.0,5.0
2023-06-19 21:00:00,6472.07,11.7,82.0,10.6,0.0,5.0,11.7,82.0,5.0
2023-06-19 22:00:00,5536.27,11.7,82.0,10.6,0.0,5.0,11.7,82.0,5.0
2023-06-19 23:00:00,5146.25,11.7,82.0,10.6,0.0,5.0,11.7,82.0,5.0
2023-06-20 00:00:00,4206.93,11.7,82.0,10.6,0.0,5.0,11.7,82.0,5.0
2023-06-20 01:00:00,4455.04,11.7,82.0,10.6,0.0,5.0,11.7,82.0,5.0
2023-06-20 02:00:00,4609.38,11.7,82.0,10.6,0.0,5.0,11.7,82.0,5.0
2023-06-20 03:00:00,4456.78,11.7,82.0,10.6,0.0,5.0,11.7,82.0,5.0
2023-06-20 04:00:00,4528.1,11.7,82.0,10.6,0.0,5.0,11.7,82.0,5.0
2023-06-20 05:00:00,4632.96,11.7,82.0,10.6,0.0,5.0,11.7,82.0,5.0
2023-06-20 06:00:00,4924.06,11.7,82.0,10.6,0.0,5.0,11.7,82.0,5.0
2023-06-20 07:00:00,5280.29,11.7,82.0,10.6,0.0,5.0,11.7,82.0,5.0
2023-06-20 08:00:00,5572.17,11.7,82.0,10.6,0.0,5.0,11.7,82.0,5.0
2023-06-20 09:00:00,6004.64,11.7,82.0,10.6,0.0,5.0,11.7,82.0,5.0
2023-06-20 10:00:00,5992.09,11.7,82.0,10.6,0.0,5.0,11.7,82.0,5.0
2023-06-20 11:00:00,6272.68,11.7,82.0,10.6,0.0,5.0,11.7,82.0,5.0
2023-06-20 12:00:00,6309.83,11.7,82.0,10.6,0.0,5.0,11.7,82.0,5.0
2023-06-20 13:00:00,6457.83,11.7,82.0,10.6,0.0,5.0,11.7,82.0,5.0
2023-06-20 14:00:00,6262.93,11.7,82.0,10.6,0.0,5.0,11.7,82.0,5.0
2023-06-20 15:00:00,6135.59,11.7,82.0,10.6,0.0,5.0,11.7,82.0,5.0
2023-06-20 16:00:00,5955.44,11.7,82.0,10.6,0.0,5.0,11.7,82.0,5.0
2023-06-20 17:00:00,6346.28,11.7,82.0,10.6,0.0,5.0,11.7,82.0,5.0
2023-06-20 18:00:00,6717.85,11.7,82.0,10.6,0.0,5.0,11.7,82.0,5.0
2023-06-20 19:00:00,6993.17,11.7,82.0,10.6,0.0,5.0,11.7,82.0,5.0
2023-06-20 20:00:00,6697.26,11.7,82.0,10.6,0.0,5.0,11.7,82.0,5.0
2023-06-20 21:00:00,6353.3,11.7,82.0,10.6,0.0,5.0,11.7,82.0,5.0
2023-06-20 22:00:00,5465.5,11.7,82.0,10.6,0.0,5.0,11.7,82.0,5.0
2023-06-20 23:00:00,5048.75,11.7,82.0,10.6,0.0,5.0,11.7,82.0,5.0
2023-06-21 00:00:00,4250.65,11.7,82.0,10.6,0.0,5.0,11.7,82.0,5.0
2023-06-21 01:00:00,4495.56,11.7,82.0,10.6,0.0,5.0,11.7,82.0,5.0
2023-06-21 02:00:00,4585.13,11.7,82.0,10.6,0.0,5.0,11.7,82.0,5.0
2023-06-21 03:00:00,4454.28,11.7,82.0,10.6,0.0,5.0,11.7,82.0,5.0
2023-06-21 04:00:00,4581.889999999999,11.7,82.0,10.6,0.0,5.0,11.7,82.0,5.0
2023-06-21 05:00:00,4680.41,11.7,82.0,10.6,0.0,5.0,11.7,82.0,5.0
2023-06-21 06:00:00,4734.76,11.7,82.0,10.6,0.0,5.0,11.7,82.0,5.0
2023-06-21 07:00:00,5354.12,11.7,82.0,10.6,0.0,5.0,11.7,82.0,5.0
2023-06-21 08:00:00,5601.7,11.7,82.0,10.6,0.0,5.0,11.7,82.0,5.0
2023-06-21 09:00:00,5956.89,11.7,82.0,10.6,0.0,5.0,11.7,82.0,5.0
2023-06-21 10:00:00,5917.18,11.7,82.0,10.6,0.0,5.0,11.7,82.0,5.0
2023-06-21 11:00:00,6168.78,11.7,82.0,10.6,0.0,5.0,11.7,82.0,5.0
2023-06-21 12:00:00,6504.900000000001,11.7,82.0,10.6,0.0,5.0,11.7,82.0,5.0
2023-06-21 13:00:00,6289.41,11.7,82.0,10.6,0.0,5.0,11.7,82.0,5.0
2023-06-21 14:00:00,6422.41,11.7,82.0,10.6,0.0,5.0,11.7,82.0,5.0
2023-06-21 15:00:00,6174.360000000001,11.7,82.0,10.6,0.0,5.0,11.7,82.0,5.0
2023-06-21 16:00:00,6027.139999999999,11.7,82.0,10.6,0.0,5.0,11.7,82.0,5.0
2023-06-21 17:00:00,6327.39,11.7,82.0,10.6,0.0,5.0,11.7,82.0,5.0
2023-06-21 18:00:00,6645.79,11.7,82.0,10.6,0.0,5.0,11.7,82.0,5.0
2023-06-21 19:00:00,6967.76,11.7,82.0,10.6,0.0,5.0,11.7,82.0,5.0
2023-06-21 20:00:00,6753.25,11.7,82.0,10.6,0.0,5.0,11.7,82.0,5.0
2023-06-21 21:00:00,6497.63,11.7,82.0,10.6,0.0,5.0,11.7,82.0,5.0
2023-06-21 22:00:00,5509.06,11.7,82.0,10.6,0.0,5.0,11.7,82.0,5.0
2023-06-21 23:00:00,5103.1,11.7,82.0,10.6,0.0,5.0,11.7,82.0,5.0
2023-06-22 00:00:00,4211.99,11.7,82.0,10.6,0.0,5.0,11.7,82.0,5.0
2023-06-22 01:00:00,4304.07,11.7,82.0,10.6,0.0,5.0,11.7,82.0,5.0
2023-06-22 02:00:00,4429.95,11.7,82.0,10.6,0.0,5.0,11.7,82.0,5.0
2023-06-22 03:00:00,4619.07,11.7,82.0,10.6,0.0,5.0,11.7,82.0,5.0
2023-06-22 04:00:00,4439.95,11.7,82.0,10.6,0.0,5.0,11.7,82.0,5.0
2023-06-22 05:00:00,4507.57,11.7,82.0,10.6,0.0,5.0,11.7,82.0,5.0
2023-06-22 06:00:00,4957.53,11.7,82.0,10.6,0.0,5.0,11.7,82.0,5.0
2023-06-22 07:00:00,5149.62,11.7,82.0,10.6,0.0,5.0,11.7,82.0,5.0
2023-06-22 08:00:00,5454.08,11.7,82.0,10.6,0.0,5.0,11.7,82.0,5.0
2023-06-22 09:00:00,5976.05,11.7,82.0,10.6,0.0,5.0,11.7,82.0,5.0
2023-06-22 10:00:00,5978.25,11.7,82.0,10.6,0.0,5.0,11.7,82.0,5.0
2023-06-22 11:00:00,6171.5,11.7,82.0,10.6,0.0,5.0,11.7,82.0,5.0
2023-06-22 12:00:00,6173.55,11.7,82.0,10.6,0.0,5.0,11.7,82.0,5.0
2023-06-22 13:00:00,6416.91,11.7,82.0,10.6,0.0,5.0,11.7,82.0,5.0
2023-06-22 14:00:00,6333.49,11.7,82.0,10.6,0.0,5.0,11.7,82.0,5.0
2023-06-22 15:00:00,6227.17,11.7,82.0,10.6,0.0,5.0,11.7,82.0,5.0
2023-06-22 16:00:00,5943.0599999999995,11.7,82.0,10.6,0.0,5.0,11.7,82.0,5.0
2023-06-22 17:00:00,6394.21,11.7,82.0,10.6,0.0,5.0,11.7,82.0,5.0
2023-06-22 18:00:00,6790.99,11.7,82.0,10.6,0.0,5.0,11.7,82.0,5.0
2023-06-22 19:00:00,6894.72,11.7,82.0,10.6,0.0,5.0,11.7,82.0,5.0
2023-06-22 20:00:00,6746.14,11.7,82.0,10.6,0.0,5.0,11.7,82.0,5.0
2023-06-22 21:00:00,6381.06,11.7,82.0,10.6,0.0,5.0,11.7,82.0,5.0
2023-06-22 22:00:00,5561.14,11.7,82.0,10.6,0.0,5.0,11.7,82.0,5.0
2023-06-22 23:00:00,5005.06,11.7,82.0,10.6,0.0,5.0,11.7,82.0,5.0
2023-06-23 00:00:00,4026.25,11.7,82.0,10.6,0.0,5.0,11.7,82.0,5.0
2023-06-23 01:00:00,4526.68,11.7,82.0,10.6,0.0,5.0,11.7,82.0,5.0
2023-06-23 02:00:00,4392.99,11.7,82.0,10.6,0.0,5.0,11.7,82.0,5.0
2023-06-23 03:00:00,4497.58,11.7,82.0,10.6,0.0,5.0,11.7,82.0,5.0
2023-06-23 04:00:00,4698.12,11.7,82.0,10.6,0.0,5.0,11.7,82.0,5.0
2023-06-23 05:00:00,4577.23,11.7,82.0,10.6,0.0,5.0,11.7,82.0,5.0
2023-06-23 06:00:00,4811.89,11.7,82.0,10.6,0.0,5.0,11.7,82.0,5.0
2023-06-23 07:00:00,5210.13,11.7,82.0,10.6,0.0,5.0,11.7,82.0,5.0
2023-06-23 08:00:00,5601.73,11.7,82.0,10.6,0.0,5.0,11.7,82.0,5.0
2023-06-23 09:00:00,5857.28,11.7,82.0,10.6,0.0,5.0,11.7,82.0,5.0
2023-06-23 10:00:00,5952.67,11.7,82.0,10.6,0.0,5.0,11.7,82.0,5.0
2023-06-23 11:00:00,6265.2300000000005,11.7,82.0,10.6,0.0,5.0,11.7,82.0,5.0
2023-06-23 12:00:00,6245.83,11.7,82.0,10.6,0.0,5.0,11.7,82.0,5.0
2023-06-23 13:00:00,6356.97,11.7,82.0,10.6,0.0,5.0,11.7,82.0,5.0
2023-06-23 14:00:00,6246.92,11.7,82.0,10.6,0.0,5.0,11.7,82.0,5.0
2023-06-23 15:00:00,6143.72,11.7,82.0,10.6,0.0,5.0,11.7,82.0,5.0
2023-06-23 16:00:00,6076.55,11.7,82.0,10.6,0.0,5.0,11.7,82.0,5.0
2023-06-23 17:00:00,6328.8,11.7,82.0,10.6,0.0,5.0,11.7,82.0,5.0
2023-06-23 18:00:00,6608.05,11.7,82.0,10.6,0.0,5.0,11.7,82.0,5.0
2023-06-23 19:00:00,6786.41,11.7,82.0,10.6,0.0,5.0,11.7,82.0,5.0
2023-06-23 20:00:00,6632.98,11.7,82.0,10.6,0.0,5.0,11.7,82.0,5.0
2023-06-23 21:00:00,6381.86,11.7,82.0,10.6,0.0,5.0,11.7,82.0,5.0
2023-06-23 22:00:00,5332.37,11.7,82.0,10.6,0.0,5.0,11.7,82.0,5.0
2023-06-23 23:00:00,5006.48,11.7,82.0,10.6,0.0,5.0,11.7,82.0,5.0
2023-06-24 00:00:00,3924.89,11.7,82.0,10.6,0.0,5.0,11.7,82.0,5.0
2023-06-24 01:00:00,4287.73,11.7,82.0,10.6,0.0,5.0,11.7,82.0,5.0
2023-06-24 02:00:00,4246.08,11.7,82.0,10.6,0.0,5.0,11.7,82.0,5.0
2023-06-24 03:00:00,4332.82,11.7,82.0,10.6,0.0,5.0,11.7,82.0,5.0
2023-06-24 04:00:00,4301.57,11.7,82.0,10.6,0.0,5.0,11.7,82.0,5.0
2023-06-24 05:00:00,4341.59,11.7,82.0,10.6,0.0,5.0,11.7,82.0,5.0
2023-06-24 06:00:00,4633.2,11.7,82.0,10.6,0.0,5.0,11.7,82.0,5.0
2023-06-24 07:00:00,5049.69,11.7,82.0,10.6,0.0,5.0,11.7,82.0,5.0
2023-06-24 08:00:00,5294.12,11.7,82.0,10.6,0.0,5.0,11.7,82.0,5.0
2023-06-24 09:00:00,5670.48,11.7,82.0,10.6,0.0,5.0,11.7,82.0,5.0
2023-06-24 10:00:00,5758.85,11.7,82.0,10.6,0.0,5.0,11.7,82.0,5.0
2023-06-24 11:00:00,5949.39,11.7,82.0,10.6,0.0,5.0,11.7,82.0,5.0
2023-06-24 12:00:00,6134.91,11.7,82.0,10.6,0.0,5.0,11.7,82.0,5.0
2023-06-24 13:00:00,5866.49,11.7,82.0,10.6,0.0,5.0,11.7,82.0,5.0
2023-06-24 14:00:00,6117.99,11.7,82.0,10.6,0.0,5.0,11.7,82.0,5.0
2023-06-24 15:00:00,5867.36,11.7,82.0,10.6,0.0,5.0,11.7,82.0,5.0
2023-06-24 16:00:00,5901.66,11.7,82.0,10.6,0.0,5.0,11.7,82.0,5.0
2023-06-24 17:00:00,5986.7,11.7,82.0,10.6,0.0,5.0,11.7,82.0,5.0
2023-06-24 18:00:00,6496.74,11.7,82.0,10.6,0.0,5.0,11.7,82.0,5.0
2023-06-24 19:00:00,6579.11,11.7,82.0,10.6,0.0,5.0,11.7,82.0,5.0
2023-06-24 20:00:00,6366.28,11.7,82.0,10.6,0.0,5.0,11.7,82.0,5.0
2023-06-24 21:00:00,6020.43,11.7,82.0,10.6,0.0,5.0,11.7,82.0,5.0
2023-06-24 22:00:00,5294.8,11.7,82.0,10.6,0.0,5.0,11.7,82.0,5.0
2023-06-24 23:00:00,4703.75,11.7,82.0,10.6,0.0,5.0,11.7,82.0,5.0
2023-06-25 00:00:00,3869.83,11.7,82.0,10.6,0.0,5.0,11.7,82.0,5.0
2023-06-25 01:00:00,3996.1099999999997,11.7,82.0,10.6,0.0,5.0,11.7,82.0,5.0
2023-06-25 02:00:00,3953.3199999999997,11.7,82.0,10.6,0.0,5.0,11.7,82.0,5.0
2023-06-25 03:00:00,3934.08,11.7,82.0,10.6,0.0,5.0,11.7,82.0,5.0
2023-06-25 04:00:00,4048.59,11.7,82.0,10.6,0.0,5.0,11.7,82.0,5.0
2023-06-25 05:00:00,4331.42,11.7,82.0,10.6,0.0,5.0,11.7,82.0,5.0
2023-06-25 06:00:00,4238.19,11.7,82.0,10.6,0.0,5.0,11.7,82.0,5.0
2023-06-25 07:00:00,4796.99,11.7,82.0,10.6,0.0,5.0,11.7,82.0,5.0
2023-06-25 08:00:00,5092.61,11.7,82.0,10.6,0.0,5.0,11.7,82.0,5.0
2023-06-25 09:00:00,5380.24,11.7,82.0,10.6,0.0,5.0,11.7,82.0,5.0
2023-06-25 10:00:00,5467.58,11.7,82.0,10.6,0.0,5.0,11.7,82.0,5.0
2023-06-25 11:00:00,5702.33,11.7,82.0,10.6,0.0,5.0,11.7,82.0,5.0
2023-06-25 12:00:00,5697.889999999999,11.7,82.0,10.6,0.0,5.0,11.7,82.0,5.0
2023-06-25 13:00:00,5647.389999999999,11.7,82.0,10.6,0.0,5.0,11.7,82.0,5.0
2023-06-25 14:00:00,5688.3,11.7,82.0,10.6,0.0,5.0,11.7,82.0,5.0
2023-06-25 15:00:00,5566.05,11.7,82.0,10.6,0.0,5.0,11.7,82.0,5.0
2023-06-25 16:00:00,5285.06,11.7,82.0,10.6,0.0,5.0,11.7,82.0,5.0
2023-06-25 17:00:00,5741.52,11.7,82.0,10.6,0.0,5.0,11.7,82.0,5.0
2023-06-25 18:00:00,6010.71,11.7,82.0,10.6,0.0,5.0,11.7,82.0,5.0
2023-06-25 19:00:00,6249.320000000001,11.7,82.0,10.6,0.0,5.0,11.7,82.0,5.0
2023-06-25 20:00:00,6212.42,11.7,82.0,10.6,0.0,5.0,11.7,82.0,5.0
2023-06-25 21:00:00,5728.75,11.7,82.0,10.6,0.0,5.0,11.7,82.0,5.0
2023-06-25 22:00:00,5030.96,11.7,82.0,10.6,0.0,5.0,11.7,82.0,5.0
2023-06-25 23:00:00,4523.76,11.7,82.0,10.6,0.0,5.0,11.7,82.0,5.0
2023-06-26 00:00:00,4220.94,11.7,82.0,10.6,0.0,5.0,11.7,82.0,5.0
2023-06-26 01:00:00,4322.9400000000005,11.7,82.0,10.6,0.0,5.0,11.7,82.0,5.0
2023-06-26 02:00:00,4686.97,11.7,82.0,10.6,0.0,5.0,11.7,82.0,5.0
2023-06-26 03:00:00,4558.57,11.7,82.0,10.6,0.0,5.0,11.7,82.0,5.0
2023-06-26 04:00:00,4499.99,11.7,82.0,10.6,0.0,5.0,11.7,82.0,5.0
2023-06-26 05:00:00,4451.8099999999995,11.7,82.0,10.6,0.0,5.0,11.7,82.0,5.0
2023-06-26 06:00:00,4830.98,11.7,82.0,10.6,0.0,5.0,11.7,82.0,5.0
2023-06-26 07:00:00,5314.78,11.7,82.0,10.6,0.0,5.0,11.7,82.0,5.0
2023-06-26 08:00:00,5420.83,11.7,82.0,10.6,0.0,5.0,11.7,82.0,5.0
2023-06-26 09:00:00,5838.09,11.7,82.0,10.6,0.0,5.0,11.7,82.0,5.0
2023-06-26 10:00:00,5907.0599999999995,11.7,82.0,10.6,0.0,5.0,11.7,82.0,5.0
2023-06-26 11:00:00,6095.22,11.7,82.0,10.6,0.0,5.0,11.7,82.0,5.0
2023-06-26 12:00:00,6240.18,11.7,82.0,10.6,0.0,5.0,11.7,82.0,5.0
2023-06-26 13:00:00,6369.66,11.7,82.0,10.6,0.0,5.0,11.7,82.0,5.0
2023-06-26 14:00:00,6297.13,11.7,82.0,10.6,0.0,5.0,11.7,82.0,5.0
2023-06-26 15:00:00,6041.0,11.7,82.0,10.6,0.0,5.0,11.7,82.0,5.0
2023-06-26 16:00:00,5925.8099999999995,11.7,82.0,10.6,0.0,5.0,11.7,82.0,5.0
2023-06-26 17:00:00,6348.68,11.7,82.0,10.6,0.0,5.0,11.7,82.0,5.0
2023-06-26 18:00:00,6711.13,11.7,82.0,10.6,0.0,5.0,11.7,82.0,5.0
2023-06-26 19:00:00,6827.54,11.7,82.0,10.6,0.0,5.0,11.7,82.0,5.0
2023-06-26 20:00:00,6555.12,11.7,82.0,10.6,0.0,5.0,11.7,82.0,5.0
2023-06-26 21:00:00,6360.87,11.7,82.0,10.6,0.0,5.0,11.7,82.0,5.0
2023-06-26 22:00:00,5320.3099999999995,11.7,82.0,10.6,0.0,5.0,11.7,82.0,5.0
2023-06-26 23:00:00,4953.99,11.7,82.0,10.6,0.0,5.0,11.7,82.0,5.0
2023-06-27 00:00:00,4222.87,11.7,82.0,10.6,0.0,5.0,11.7,82.0,5.0
2023-06-27 01:00:00,4435.98,11.7,82.0,10.6,0.0,5.0,11.7,82.0,5.0
2023-06-27 02:00:00,4579.62,11.7,82.0,10.6,0.0,5.0,11.7,82.0,5.0
2023-06-27 03:00:00,4482.53,11.7,82.0,10.6,0.0,5.0,11.7,82.0,5.0
2023-06-27 04:00:00,4573.67,11.7,82.0,10.6,0.0,5.0,11.7,82.0,5.0
2023-06-27 05:00:00,4694.33,11.7,82.0,10.6,0.0,5.0,11.7,82.0,5.0
2023-06-27 06:00:00,4999.03,11.7,82.0,10.6,0.0,5.0,11.7,82.0,5.0
2023-06-27 07:00:00,5119.849999999999,11.7,82.0,10.6,0.0,5.0,11.7,82.0,5.0
2023-06-27 08:00:00,5544.2,11.7,82.0,10.6,0.0,5.0,11.7,82.0,5.0
2023-06-27 09:00:00,5972.11,11.7,82.0,10.6,0.0,5.0,11.7,82.0,5.0
2023-06-27 10:00:00,5949.64,11.7,82.0,10.6,0.0,5.0,11.7,82.0,5.0
2023-06-27 11:00:00,6142.76,11.7,82.0,10.6,0.0,5.0,11.7,82.0,5.0
2023-06-27 12:00:00,6263.51,11.7,82.0,10.6,0.0,5.0,11.7,82.0,5.0
2023-06-27 13:00:00,6208.46,11.7,82.0,10.6,0.0,5.0,11.7,82.0,5.0
2023-06-27 14:00:00,6275.85,11.7,82.0,10.6,0.0,5.0,11.7,82.0,5.0
2023-06-27 15:00:00,6108.34,11.7,82.0,10.6,0.0,5.0,11.7,82.0,5.0
2023-06-27 16:00:00,6057.04,11.7,82.0,10.6,0.0,5.0,11.7,82.0,5.0
2023-06-27 17:00:00,6408.74,11.7,82.0,10.6,0.0,5.0,11.7,82.0,5.0
2023-06-27 18:00:00,6634.65,11.7,82.0,10.6,0.0,5.0,11.7,82.0,5.0
2023-06-27 19:00:00,6939.889999999999,11.7,82.0,10.6,0.0,5.0,11.7,82.0,5.0
2023-06-27 20:00:00,6707.67,11.7,82.0,10.6,0.0,5.0,11.7,82.0,5.0
2023-06-27 21:00:00,6234.41,11.7,82.0,10.6,0.0,5.0,11.7,82.0,5.0
2023-06-27 22:00:00,5291.55,11.7,82.0,10.6,0.0,5.0,11.7,82.0,5.0
2023-06-27 23:00:00,4951.0,11.7,82.0,10.6,0.0,5.0,11.7,82.0,5.0
2023-06-28 00:00:00,4240.91,11.7,82.0,10.6,0.0,5.0,11.7,82.0,5.0
2023-06-28 01:00:00,4330.6,11.7,82.0,10.6,0.0,5.0,11.7,82.0,5.0
2023-06-28 02:00:00,4357.62,11.7,82.0,10.6,0.0,5.0,11.7,82.0,5.0
2023-06-28 03:00:00,4420.4400000000005,11.7,82.0,10.6,0.0,5.0,11.7,82.0,5.0
2023-06-28 04:00:00,4350.45,11.7,82.0,10.6,0.0,5.0,11.7,82.0,5.0
2023-06-28 05:00:00,4543.1,11.7,82.0,10.6,0.0,5.0,11.7,82.0,5.0
2023-06-28 06:00:00,4750.89,11.7,82.0,10.6,0.0,5.0,11.7,82.0,5.0
2023-06-28 07:00:00,5219.63,11.7,82.0,10.6,0.0,5.0,11.7,82.0,5.0
2023-06-28 08:00:00,5684.12,11.7,82.0,10.6,0.0,5.0,11.7,82.0,5.0
2023-06-28 09:00:00,5742.99,11.7,82.0,10.6,0.0,5.0,11.7,82.0,5.0
2023-06-28 10:00:00,5884.54,11.7,82.0,10.6,0.0,5.0,11.7,82.0,5.0
2023-06-28 11:00:00,6228.2,11.7,82.0,10.6,0.0,5.0,11.7,82.0,5.0
2023-06-28 12:00:00,6138.219999999999,11.7,82.0,10.6,0.0,5.0,11.7,82.0,5.0
2023-06-28 13:00:00,6380.44,11.7,82.0,10.6,0.0,5.0,11.7,82.0,5.0
2023-06-28 14:00:00,6208.71,11.7,82.0,10.6,0.0,5.0,11.7,82.0,5.0
2023-06-28 15:00:00,6200.219999999999,11.7,82.0,10.6,0.0,5.0,11.7,82.0,5.0
2023-06-28 16:00:00,5966.2,11.7,82.0,10.6,0.0,5.0,11.7,82.0,5.0
2023-06-28 17:00:00,6235.82,11.7,82.0,10.6,0.0,5.0,11.7,82.0,5.0
2023-06-28 18:00:00,6684.99,11.7,82.0,10.6,0.0,5.0,11.7,82.0,5.0
2023-06-28 19:00:00,6846.32,11.7,82.0,10.6,0.0,5.0,11.7,82.0,5.0
2023-06-28 20:00:00,6646.56,11.7,82.0,10.6,0.0,5.0,11.7,82.0,5.0
2023-06-28 21:00:00,6278.16,11.7,82.0,10.6,0.0,5.0,11.7,82.0,5.0
2023-06-28 22:00:00,5386.61,11.7,82.0,10.6,0.0,5.0,11.7,82.0,5.0
2023-06-28 23:00:00,4919.2300000000005,11.7,82.0,10.6,0.0,5.0,11.7,82.0,5.0
2023-06-29 00:00:00,4120.33,11.7,82.0,10.6,0.0,5.0,11.7,82.0,5.0
2023-06-29 01:00:00,4163.05,11.7,82.0,10.6,0.0,5.0,11.7,82.0,5.0
2023-06-29 02:00:00,4497.13,11.7,82.0,10.6,0.0,5.0,11.7,82.0,5.0
2023-06-29 03:00:00,4468.23,11.7,82.0,10.6,0.0,5.0,11.7,82.0,5.0
2023-06-29 04:00:00,4528.91,11.7,82.0,10.6,0.0,5.0,11.7,82.0,5.0
2023-06-29 05:00:00,4509.09,11.7,82.0,10.6,0.0,5.0,11.7,82.0,5.0
2023-06-29 06:00:00,4815.17,11.7,82.0,10.6,0.0,5.0,11.7,82.0,5.0
2023-06-29 07:00:00,5306.88,11.7,82.0,10.6,0.0,5.0,11.7,82.0,5.0
2023-06-29 08:00:00,5492.389999999999,11.7,82.0,10.6,0.0,5.0,11.7,82.0,5.0
2023-06-29 09:00:00,5876.8,11.7,82.0,10.6,0.0,5.0,11.7,82.0,5.0
2023-06-29 10:00:00,5922.66,11.7,82.0,10.6,0.0,5.0,11.7,82.0,5.0
2023-06-29 11:00:00,6056.77,11.7,82.0,10.6,0.0,5.0,11.7,82.0,5.0
2023-06-29 12:00:00,6291.04,11.7,82.0,10.6,0.0,5.0,11.7,82.0,5.0
2023-06-29 13:00:00,6303.76,11.7,82.0,10.6,0.0,5.0,11.7,82.0,5.0
2023-06-29 14:00:00,6093.139999999999,11.7,82.0,10.6,0.0,5.0,11.7,82.0,5.0
2023-06-29 15:00:00,6051.4400000000005,11.7,82.0,10.6,0.0,5.0,11.7,82.0,5.0
2023-06-29 16:00:00,5900.73,11.7,82.0,10.6,0.0,5.0,11.7,82.0,5.0
2023-06-29 17:00:00,6290.89,11.7,82.0,10.6,0.0,5.0,11.7,82.0,5.0
2023-06-29 18:00:00,6692.68,11.7,82.0,10.6,0.0,5.0,11.7,82.0,5.0
2023-06-29 19:00:00,6745.17,11.7,82.0,10.6,0.0,5.0,11.7,82.0,5.0
2023-06-29 20:00:00,6669.530000000001,11.7,82.0,10.6,0.0,5.0,11.7,82.0,5.0
2023-06-29 21:00:00,6171.61,11.7,82.0,10.6,0.0,5.0,11.7,82.0,5.0
2023-06-29 22:00:00,5371.12,11.7,82.0,10.6,0.0,5.0,11.7,82.0,5.0
2023-06-29 23:00:00,4925.03,11.7,82.0,10.6,0.0,5.0,11.7,82.0,5.0
2023-06-30 00:00:00,3985.02,11.7,82.0,10.6,0.0,5.0,11.7,82.0,5.0
2023-06-30 01:00:00,4220.15,11.7,82.0,10.6,0.0,5.0,11.7,82.0,5.0
2023-06-30 02:00:00,4498.13,11.7,82.0,10.6,0.0,5.0,11.7,82.0,5.0
2023-06-30 03:00:00,4464.1,11.7,82.0,10.6,0.0,5.0,11.7,82.0,5.0
2023-06-30 04:00:00,4354.46,11.7,82.0,10.6,0.0,5.0,11.7,82.0,5.0
2023-06-30 05:00:00,4592.28,11.7,82.0,10.6,0.0,5.0,11.7,82.0,5.0
2023-06-30 06:00:00,4871.84,11.7,82.0,10.6,0.0,5.0,11.7,82.0,5.0
2023-06-30 07:00:00,5212.77,11.7,82.0,10.6,0.0,5.0,11.7,82.0,5.0
2023-06-30 08:00:00,5553.53,11.7,82.0,10.6,0.0,5.0,11.7,82.0,5.0
2023-06-30 09:00:00,5916.12,11.7,82.0,10.6,0.0,5.0,11.7,82.0,5.0
2023-06-30 10:00:00,5984.56,11.7,82.0,10.6,0.0,5.0,11.7,82.0,5.0
2023-06-30 11:00:00,5967.34,11.7,82.0,10.6,0.0,5.0,11.7,82.0,5.0
2023-06-30 12:00:00,6382.97,11.7,82.0,10.6,0.0,5.0,11.7,82.0,5.0
2023-06-30 13:00:00,6232.49,11.7,82.0,10.6,0.0,5.0,11.7,82.0,5.0
2023-06-30 14:00:00,6211.34,11.7,82.0,10.6,0.0,5.0,11.7,82.0,5.0
2023-06-30 15:00:00,6006.86,11.7,82.0,10.6,0.0,5.0,11.7,82.0,5.0
2023-06-30 16:00:00,5813.7,11.7,82.0,10.6,0.0,5.0,11.7,82.0,5.0
2023-06-30 17:00:00,6239.02,11.7,82.0,10.6,0.0,5.0,11.7,82.0,5.0
2023-06-30 18:00:00,6531.01,11.7,82.0,10.6,0.0,5.0,11.7,82.0,5.0
2023-06-30 19:00:00,6605.93,11.7,82.0,10.6,0.0,5.0,11.7,82.0,5.0
2023-06-30 20:00:00,6518.6900000000005,11.7,82.0,10.6,0.0,5.0,11.7,82.0,5.0
2023-06-30 21:00:00,6159.64,11.7,82.0,10.6,0.0,5.0,11.7,82.0,5.0
2023-06-30 22:00:00,5521.39,11.7,82.0,10.6,0.0,5.0,11.7,82.0,5.0
2023-06-30 23:00:00,4981.79,11.7,82.0,10.6,0.0,5.0,11.7,82.0,5.0
2023-07-01 00:00:00,3981.66,11.7,82.0,10.6,0.0,5.0,11.7,82.0,5.0
2023-07-01 01:00:00,4079.4700000000003,11.7,82.0,10.6,0.0,5.0,11.7,82.0,5.0
2023-07-01 02:00:00,4224.889999999999,11.7,82.0,10.6,0.0,5.0,11.7,82.0,5.0
2023-07-01 03:00:00,4318.49,11.7,82.0,10.6,0.0,5.0,11.7,82.0,5.0
2023-07-01 04:00:00,4206.91,11.7,82.0,10.6,0.0,5.0,11.7,82.0,5.0
2023-07-01 05:00:00,4353.12,11.7,82.0,10.6,0.0,5.0,11.7,82.0,5.0
2023-07-01 06:00:00,4623.24,11.7,82.0,10.6,0.0,5.0,11.7,82.0,5.0
2023-07-01 07:00:00,4909.36,11.7,82.0,10.6,0.0,5.0,11.7,82.0,5.0
2023-07-01 08:00:00,5433.68,11.7,82.0,10.6,0.0,5.0,11.7,82.0,5.0
2023-07-01 09:00:00,5516.16,11.7,82.0,10.6,0.0,5.0,11.7,82.0,5.0
2023-07-01 10:00:00,5726.29,11.7,82.0,10.6,0.0,5.0,11.7,82.0,5.0
2023-07-01 11:00:00,5772.92,11.7,82.0,10.6,0.0,5.0,11.7,82.0,5.0
2023-07-01 12:00:00,6027.2,11.7,82.0,10.6,0.0,5.0,11.7,82.0,5.0
2023-07-01 13:00:00,6075.66,11.7,82.0,10.6,0.0,5.0,11.7,82.0,5.0
2023-07-01 14:00:00,5852.58,11.7,82.0,10.6,0.0,5.0,11.7,82.0,5.0
2023-07-01 15:00:00,5838.400000000001,11.7,82.0,10.6,0.0,5.0,11.7,82.0,5.0
2023-07-01 16:00:00,5695.56,11.7,82.0,10.6,0.0,5.0,11.7,82.0,5.0
2023-07-01 17:00:00,5913.84,11.7,82.0,10.6,0.0,5.0,11.7,82.0,5.0
2023-07-01 18:00:00,6413.4,11.7,82.0,10.6,0.0,5.0,11.7,82.0,5.0
2023-07-01 19:00:00,6495.25,11.7,82.0,10.6,0.0,5.0,11.7,82.0,5.0
2023-07-01 20:00:00,6391.37,11.7,82.0,10.6,0.0,5.0,11.7,82.0,5.0
2023-07-01 21:00:00,6067.38,11.7,82.0,10.6,0.0,5.0,11.7,82.0,5.0
2023-07-01 22:00:00,5075.65,11.7,82.0,10.6,0.0,5.0,11.7,82.0,5.0
2023-07-01 23:00:00,4684.83,11.7,82.0,10.6,0.0,5.0,11.7,82.0,5.0
2023-07-02 00:00:00,3742.75,11.7,82.0,10.6,0.0,5.0,11.7,82.0,5.0
2023-07-02 01:00:00,3945.44,11.7,82.0,10.6,0.0,5.0,11.7,82.0,5.0
2023-07-02 02:00:00,4067.89,11.7,82.0,10.6,0.0,5.0,11.7,82.0,5.0
2023-07-02 03:00:00,4000.0,11.7,82.0,10.6,0.0,5.0,11.7,82.0,5.0
2023-07-02 04:00:00,4069.3799999999997,11.7,82.0,10.6,0.0,5.0,11.7,82.0,5.0
2023-07-02 05:00:00,4035.5299999999997,11.7,82.0,10.6,0.0,5.0,11.7,82.0,5.0
2023-07-02 06:00:00,4506.46,11.7,82.0,10.6,0.0,5.0,11.7,82.0,5.0
2023-07-02 07:00:00,4668.18,11.7,82.0,10.6,0.0,5.0,11.7,82.0,5.0
2023-07-02 08:00:00,4981.77,11.7,82.0,10.6,0.0,5.0,11.7,82.0,5.0
2023-07-02 09:00:00,5189.16,11.7,82.0,10.6,0.0,5.0,11.7,82.0,5.0
2023-07-02 10:00:00,5441.89,11.7,82.0,10.6,0.0,5.0,11.7,82.0,5.0
2023-07-02 11:00:00,5401.46,11.7,82.0,10.6,0.0,5.0,11.7,82.0,5.0
2023-07-02 12:00:00,5628.85,11.7,82.0,10.6,0.0,5.0,11.7,82.0,5.0
2023-07-02 13:00:00,5584.5199999999995,11.7,82.0,10.6,0.0,5.0,11.7,82.0,5.0
2023-07-02 14:00:00,5584.81,11.7,82.0,10.6,0.0,5.0,11.7,82.0,5.0
2023-07-02 15:00:00,5513.1,11.7,82.0,10.6,0.0,5.0,11.7,82.0,5.0
2023-07-02 16:00:00,5356.1,11.7,82.0,10.6,0.0,5.0,11.7,82.0,5.0
2023-07-02 17:00:00,5664.16,11.7,82.0,10.6,0.0,5.0,11.7,82.0,5.0
2023-07-02 18:00:00,6019.85,11.7,82.0,10.6,0.0,5.0,11.7,82.0,5.0
2023-07-02 19:00:00,6221.71,11.7,82.0,10.6,0.0,5.0,11.7,82.0,5.0
2023-07-02 20:00:00,6055.57,11.7,82.0,10.6,0.0,5.0,11.7,82.0,5.0
2023-07-02 21:00:00,5800.88,11.7,82.0,10.6,0.0,5.0,11.7,82.0,5.0
2023-07-02 22:00:00,4860.04,11.7,82.0,10.6,0.0,5.0,11.7,82.0,5.0
2023-07-02 23:00:00,4394.96,11.7,82.0,10.6,0.0,5.0,11.7,82.0,5.0
2023-07-03 00:00:00,4170.01,11.7,82.0,10.6,0.0,5.0,11.7,82.0,5.0
2023-07-03 01:00:00,4292.45,11.7,82.0,10.6,0.0,5.0,11.7,82.0,5.0
2023-07-03 02:00:00,4537.76,11.7,82.0,10.6,0.0,5.0,11.7,82.0,5.0
2023-07-03 03:00:00,4450.07,11.7,82.0,10.6,0.0,5.0,11.7,82.0,5.0
2023-07-03 04:00:00,4269.9800000000005,11.7,82.0,10.6,0.0,5.0,11.7,82.0,5.0
2023-07-03 05:00:00,4602.28,11.7,82.0,10.6,0.0,5.0,11.7,82.0,5.0
2023-07-03 06:00:00,4801.09,11.7,82.0,10.6,0.0,5.0,11.7,82.0,5.0
2023-07-03 07:00:00,5141.42,11.7,82.0,10.6,0.0,5.0,11.7,82.0,5.0
2023-07-03 08:00:00,5434.03,11.7,82.0,10.6,0.0,5.0,11.7,82.0,5.0
2023-07-03 09:00:00,5817.48,11.7,82.0,10.6,0.0,5.0,11.7,82.0,5.0
2023-07-03 10:00:00,5983.32,11.7,82.0,10.6,0.0,5.0,11.7,82.0,5.0
2023-07-03 11:00:00,6065.88,11.7,82.0,10.6,0.0,5.0,11.7,82.0,5.0
2023-07-03 12:00:00,6186.32,11.7,82.0,10.6,0.0,5.0,11.7,82.0,5.0
2023-07-03 13:00:00,6355.97,11.7,82.0,10.6,0.0,5.0,11.7,82.0,5.0
2023-07-03 14:00:00,6126.4,11.7,82.0,10.6,0.0,5.0,11.7,82.0,5.0
2023-07-03 15:00:00,5967.37,11.7,82.0,10.6,0.0,5.0,11.7,82.0,5.0
2023-07-03 16:00:00,5895.43,11.7,82.0,10.6,0.0,5.0,11.7,82.0,5.0
2023-07-03 17:00:00,6289.0599999999995,11.7,82.0,10.6,0.0,5.0,11.7,82.0,5.0
2023-07-03 18:00:00,6564.93,11.7,82.0,10.6,0.0,5.0,11.7,82.0,5.0
2023-07-03 19:00:00,6692.16,11.7,82.0,10.6,0.0,5.0,11.7,82.0,5.0
2023-07-03 20:00:00,6649.23,11.7,82.0,10.6,0.0,5.0,11.7,82.0,5.0
2023-07-03 21:00:00,6250.8,11.7,82.0,10.6,0.0,5.0,11.7,82.0,5.0
2023-07-03 22:00:00,5398.09,11.7,82.0,10.6,0.0,5.0,11.7,82.0,5.0
2023-07-03 23:00:00,4756.85,11.7,82.0,10.6,0.0,5.0,11.7,82.0,5.0
2023-07-04 00:00:00,3960.04,11.7,82.0,10.6,0.0,5.0,11.7,82.0,5.0
2023-07-04 01:00:00,4093.16,11.7,82.0,10.6,0.0,5.0,11.7,82.0,5.0
2023-07-04 02:00:00,4370.76,11.7,82.0,10.6,0.0,5.0,11.7,82.0,5.0
2023-07-04 03:00:00,4512.65,11.7,82.0,10.6,0.0,5.0,11.7,82.0,5.0
2023-07-04 04:00:00,4261.2,11.7,82.0,10.6,0.0,5.0,11.7,82.0,5.0
2023-07-04 05:00:00,4616.12,11.7,82.0,10.6,0.0,5.0,11.7,82.0,5.0
2023-07-04 06:00:00,4748.58,11.7,82.0,10.6,0.0,5.0,11.7,82.0,5.0
2023-07-04 07:00:00,5126.24,11.7,82.0,10.6,0.0,5.0,11.7,82.0,5.0
2023-07-04 08:00:00,5646.0,11.7,82.0,10.6,0.0,5.0,11.7,82.0,5.0
2023-07-04 09:00:00,5723.54,11.7,82.0,10.6,0.0,5.0,11.7,82.0,5.0
2023-07-04 10:00:00,5961.24,11.7,82.0,10.6,0.0,5.0,11.7,82.0,5.0
2023-07-04 11:00:00,5985.24,11.7,82.0,10.6,0.0,5.0,11.7,82.0,5.0
2023-07-04 12:00:00,6205.57,11.7,82.0,10.6,0.0,5.0,11.7,82.0,5.0
2023-07-04 13:00:00,6243.25,11.7,82.0,10.6,0.0,5.0,11.7,82.0,5.0
2023-07-04 14:00:00,6076.08,11.7,82.0,10.6,0.0,5.0,11.7,82.0,5.0
2023-07-04 15:00:00,5958.34,11.7,82.0,10.6,0.0,5.0,11.7,82.0,5.0
2023-07-04 16:00:00,5668.15,11.7,82.0,10.6,0.0,5.0,11.7,82.0,5.0
2023-07-04 17:00:00,6064.4,11.7,82.0,10.6,0.0,5.0,11.7,82.0,5.0
2023-07-04 18:00:00,6638.1,11.7,82.0,10.6,0.0,5.0,11.7,82.0,5.0
2023-07-04 19:00:00,6535.62,11.7,82.0,10.6,0.0,5.0,11.7,82.0,5.0
2023-07-04 20:00:00,6507.2699999999995,11.7,82.0,10.6,0.0,5.0,11.7,82.0,5.0
2023-07-04 21:00:00,6178.860000000001,11.7,82.0,10.6,0.0,5.0,11.7,82.0,5.0
2023-07-04 22:00:00,5380.07,11.7,82.0,10.6,0.0,5.0,11.7,82.0,5.0
2023-07-04 23:00:00,4998.29,11.7,82.0,10.6,0.0,5.0,11.7,82.0,5.0
2023-07-05 00:00:00,4060.8900000000003,11.7,82.0,10.6,0.0,5.0,11.7,82.0,5.0
2023-07-05 01:00:00,4185.5199999999995,11.7,82.0,10.6,0.0,5.0,11.7,82.0,5.0
2023-07-05 02:00:00,4388.37,11.7,82.0,10.6,0.0,5.0,11.7,82.0,5.0
2023-07-05 03:00:00,4314.35,11.7,82.0,10.6,0.0,5.0,11.7,82.0,5.0
2023-07-05 04:00:00,4411.42,11.7,82.0,10.6,0.0,5.0,11.7,82.0,5.0
2023-07-05 05:00:00,4472.37,11.7,82.0,10.6,0.0,5.0,11.7,82.0,5.0
2023-07-05 06:00:00,4802.65,11.7,82.0,10.6,0.0,5.0,11.7,82.0,5.0
2023-07-05 07:00:00,5117.3099999999995,11.7,82.0,10.6,0.0,5.0,11.7,82.0,5.0
2023-07-05 08:00:00,5498.74,11.7,82.0,10.6,0.0,5.0,11.7,82.0,5.0
2023-07-05 09:00:00,5786.94,11.7,82.0,10.6,0.0,5.0,11.7,82.0,5.0
2023-07-05 10:00:00,5828.21,11.7,82.0,10.6,0.0,5.0,11.7,82.0,5.0
2023-07-05 11:00:00,6037.32,11.7,82.0,10.6,0.0,5.0,11.7,82.0,5.0
2023-07-05 12:00:00,6125.77,11.7,82.0,10.6,0.0,5.0,11.7,82.0,5.0
2023-07-05 13:00:00,6187.1,11.7,82.0,10.6,0.0,5.0,11.7,82.0,5.0
2023-07-05 14:00:00,6042.5599999999995,11.7,82.0,10.6,0.0,5.0,11.7,82.0,5.0
2023-07-05 15:00:00,5962.51,11.7,82.0,10.6,0.0,5.0,11.7,82.0,5.0
2023-07-05 16:00:00,5986.33,11.7,82.0,10.6,0.0,5.0,11.7,82.0,5.0
2023-07-05 17:00:00,6131.71,11.7,82.0,10.6,0.0,5.0,11.7,82.0,5.0
2023-07-05 18:00:00,6407.19,11.7,82.0,10.6,0.0,5.0,11.7,82.0,5.0
2023-07-05 19:00:00,6635.34,11.7,82.0,10.6,0.0,5.0,11.7,82.0,5.0
2023-07-05 20:00:00,6428.5599999999995,11.7,82.0,10.6,0.0,5.0,11.7,82.0,5.0
2023-07-05 21:00:00,6268.77,11.7,82.0,10.6,0.0,5.0,11.7,82.0,5.0
2023-07-05 22:00:00,5366.06,11.7,82.0,10.6,0.0,5.0,11.7,82.0,5.0
2023-07-05 23:00:00,4913.9,11.7,82.0,10.6,0.0,5.0,11.7,82.0,5.0
2023-07-06 00:00:00,4099.58,11.7,82.0,10.6,0.0,5.0,11.7,82.0,5.0
2023-07-06 01:00:00,4235.63,11.7,82.0,10.6,0.0,5.0,11.7,82.0,5.0
2023-07-06 02:00:00,4415.889999999999,11.7,82.0,10.6,0.0,5.0,11.7,82.0,5.0
2023-07-06 03:00:00,4367.43,11.7,82.0,10.6,0.0,5.0,11.7,82.0,5.0
2023-07-06 04:00:00,4291.36,11.7,82.0,10.6,0.0,5.0,11.7,82.0,5.0
2023-07-06 05:00:00,4162.77,11.7,82.0,10.6,0.0,5.0,11.7,82.0,5.0
2023-07-06 06:00:00,4737.82,11.7,82.0,10.6,0.0,5.0,11.7,82.0,5.0
2023-07-06 07:00:00,5106.71,11.7,82.0,10.6,0.0,5.0,11.7,82.0,5.0
2023-07-06 08:00:00,5619.74,11.7,82.0,10.6,0.0,5.0,11.7,82.0,5.0
2023-07-06 09:00:00,5838.43,11.7,82.0,10.6,0.0,5.0,11.7,82.0,5.0
2023-07-06 10:00:00,5732.18,11.7,82.0,10.6,0.0,5.0,11.7,82.0,5.0
2023-07-06 11:00:00,6104.24,11.7,82.0,10.6,0.0,5.0,11.7,82.0,5.0
2023-07-06 12:00:00,5913.900000000001,11.7,82.0,10.6,0.0,5.0,11.7,82.0,5.0
2023-07-06 13:00:00,6150.46,11.7,82.0,10.6,0.0,5.0,11.7,82.0,5.0
2023-07-06 14:00:00,6321.7300000000005,11.7,82.0,10.6,0.0,5.0,11.7,82.0,5.0
2023-07-06 15:00:00,6018.85,11.7,82.0,10.6,0.0,5.0,11.7,82.0,5.0
2023-07-06 16:00:00,5973.6,11.7,82.0,10.6,0.0,5.0,11.7,82.0,5.0
2023-07-06 17:00:00,6293.67,11.7,82.0,10.6,0.0,5.0,11.7,82.0,5.0
2023-07-06 18:00:00,6646.96,11.7,82.0,10.6,0.0,5.0,11.7,82.0,5.0
2023-07-06 19:00:00,6727.34,11.7,82.0,10.6,0.0,5.0,11.7,82.0,5.0
2023-07-06 20:00:00,6490.71,11.7,82.0,10.6,0.0,5.0,11.7,82.0,5.0
2023-07-06 21:00:00,6086.88,11.7,82.0,10.6,0.0,5.0,11.7,82.0,5.0
2023-07-06 22:00:00,5257.6900000000005,11.7,82.0,10.6,0.0,5.0,11.7,82.0,5.0
2023-07-06 23:00:00,4818.13,11.7,82.0,10.6,0.0,5.0,11.7,82.0,5.0
2023-07-07 00:00:00,4146.78,11.7,82.0,10.6,0.0,5.0,11.7,82.0,5.0
2023-07-07 01:00:00,4231.24,11.7,82.0,10.6,0.0,5.0,11.7,82.0,5.0
2023-07-07 02:00:00,4261.23,11.7,82.0,10.6,0.0,5.0,11.7,82.0,5.0
2023-07-07 03:00:00,4519.36,11.7,82.0,10.6,0.0,5.0,11.7,82.0,5.0
2023-07-07 04:00:00,4385.09,11.7,82.0,10.6,0.0,5.0,11.7,82.0,5.0
2023-07-07 05:00:00,4310.71,11.7,82.0,10.6,0.0,5.0,11.7,82.0,5.0
2023-07-07 06:00:00,4627.27,11.7,82.0,10.6,0.0,5.0,11.7,82.0,5.0
2023-07-07 07:00:00,5193.37,11.7,82.0,10.6,0.0,5.0,11.7,82.0,5.0
2023-07-07 08:00:00,5529.79,11.7,82.0,10.6,0.0,5.0,11.7,82.0,5.0
2023-07-07 09:00:00,5941.46,11.7,82.0,10.6,0.0,5.0,11.7,82.0,5.0
2023-07-07 10:00:00,5775.03,11.7,82.0,10.6,0.0,5.0,11.7,82.0,5.0
2023-07-07 11:00:00,5999.09,11.7,82.0,10.6,0.0,5.0,11.7,82.0,5.0
2023-07-07 12:00:00,6166.01,11.7,82.0,10.6,0.0,5.0,11.7,82.0,5.0
2023-07-07 13:00:00,6192.2,11.7,82.0,10.6,0.0,5.0,11.7,82.0,5.0
2023-07-07 14:00:00,6104.32,11.7,82.0,10.6,0.0,5.0,11.7,82.0,5.0
2023-07-07 15:00:00,6121.92,11.7,82.0,10.6,0.0,5.0,11.7,82.0,5.0
2023-07-07 16:00:00,5666.68,11.7,82.0,10.6,0.0,5.0,11.7,82.0,5.0
2023-07-07 17:00:00,5909.18,11.7,82.0,10.6,0.0,5.0,11.7,82.0,5.0
2023-07-07 18:00:00,6290.74,11.7,82.0,10.6,0.0,5.0,11.7,82.0,5.0
2023-07-07 19:00:00,6691.0,11.7,82.0,10.6,0.0,5.0,11.7,82.0,5.0
2023-07-07 20:00:00,6555.36,11.7,82.0,10.6,0.0,5.0,11.7,82.0,5.0
2023-07-07 21:00:00,6227.49,11.7,82.0,10.6,0.0,5.0,11.7,82.0,5.0
2023-07-07 22:00:00,5254.25,11.7,82.0,10.6,0.0,5.0,11.7,82.0,5.0
2023-07-07 23:00:00,4819.28,11.7,82.0,10.6,0.0,5.0,11.7,82.0,5.0
2023-07-08 00:00:00,4007.2400000000002,11.7,82.0,10.6,0.0,5.0,11.7,82.0,5.0
2023-07-08 01:00:00,3937.21,11.7,82.0,10.6,0.0,5.0,11.7,82.0,5.0
2023-07-08 02:00:00,4129.0,11.7,82.0,10.6,0.0,5.0,11.7,82.0,5.0
2023-07-08 03:00:00,4230.4800000000005,11.7,82.0,10.6,0.0,5.0,11.7,82.0,5.0
2023-07-08 04:00:00,4232.9400000000005,11.7,82.0,10.6,0.0,5.0,11.7,82.0,5.0
2023-07-08 05:00:00,4203.13,11.7,82.0,10.6,0.0,5.0,11.7,82.0,5.0
2023-07-08 06:00:00,4526.89,11.7,82.0,10.6,0.0,5.0,11.7,82.0,5.0
2023-07-08 07:00:00,4768.74,11.7,82.0,10.6,0.0,5.0,11.7,82.0,5.0
2023-07-08 08:00:00,5308.73,11.7,82.0,10.6,0.0,5.0,11.7,82.0,5.0
2023-07-08 09:00:00,5603.04,11.7,82.0,10.6,0.0,5.0,11.7,82.0,5.0
2023-07-08 10:00:00,5398.48,11.7,82.0,10.6,0.0,5.0,11.7,82.0,5.0
2023-07-08 11:00:00,5733.51,11.7,82.0,10.6,0.0,5.0,11.7,82.0,5.0
2023-07-08 12:00:00,5727.67,11.7,82.0,10.6,0.0,5.0,11.7,82.0,5.0
2023-07-08 13:00:00,5863.78,11.7,82.0,10.6,0.0,5.0,11.7,82.0,5.0
2023-07-08 14:00:00,5748.2,11.7,82.0,10.6,0.0,5.0,11.7,82.0,5.0
2023-07-08 15:00:00,5864.0599999999995,11.7,82.0,10.6,0.0,5.0,11.7,82.0,5.0
2023-07-08 16:00:00,5410.54,11.7,82.0,10.6,0.0,5.0,11.7,82.0,5.0
2023-07-08 17:00:00,5922.36,11.7,82.0,10.6,0.0,5.0,11.7,82.0,5.0
2023-07-08 18:00:00,6068.43,11.7,82.0,10.6,0.0,5.0,11.7,82.0,5.0
2023-07-08 19:00:00,6330.12,11.7,82.0,10.6,0.0,5.0,11.7,82.0,5.0
2023-07-08 20:00:00,6323.12,11.7,82.0,10.6,0.0,5.0,11.7,82.0,5.0
2023-07-08 21:00:00,5901.46,11.7,82.0,10.6,0.0,5.0,11.7,82.0,5.0
2023-07-08 22:00:00,5035.37,11.7,82.0,10.6,0.0,5.0,11.7,82.0,5.0
2023-07-08 23:00:00,4712.09,11.7,82.0,10.6,0.0,5.0,11.7,82.0,5.0
2023-07-09 00:00:00,3652.98,11.7,82.0,10.6,0.0,5.0,11.7,82.0,5.0
2023-07-09 01:00:00,3785.19,11.7,82.0,10.6,0.0,5.0,11.7,82.0,5.0
2023-07-09 02:00:00,3969.9300000000003,11.7,82.0,10.6,0.0,5.0,11.7,82.0,5.0
2023-07-09 03:00:00,3913.1,11.7,82.0,10.6,0.0,5.0,11.7,82.0,5.0
2023-07-09 04:00:00,3844.8,11.7,82.0,10.6,0.0,5.0,11.7,82.0,5.0
2023-07-09 05:00:00,4101.21,11.7,82.0,10.6,0.0,5.0,11.7,82.0,5.0
2023-07-09 06:00:00,4398.3099999999995,11.7,82.0,10.6,0.0,5.0,11.7,82.0,5.0
2023-07-09 07:00:00,4536.83,11.7,82.0,10.6,0.0,5.0,11.7,82.0,5.0
2023-07-09 08:00:00,4876.31,11.7,82.0,10.6,0.0,5.0,11.7,82.0,5.0
2023-07-09 09:00:00,5187.139999999999,11.7,82.0,10.6,0.0,5.0,11.7,82.0,5.0
2023-07-09 10:00:00,5233.2,11.7,82.0,10.6,0.0,5.0,11.7,82.0,5.0
2023-07-09 11:00:00,5343.32,11.7,82.0,10.6,0.0,5.0,11.7,82.0,5.0
2023-07-09 12:00:00,5521.38,11.7,82.0,10.6,0.0,5.0,11.7,82.0,5.0
2023-07-09 13:00:00,5664.64,11.7,82.0,10.6,0.0,5.0,11.7,82.0,5.0
2023-07-09 14:00:00,5392.67,11.7,82.0,10.6,0.0,5.0,11.7,82.0,5.0
2023-07-09 15:00:00,5560.41,11.7,82.0,10.6,0.0,5.0,11.7,82.0,5.0
2023-07-09 16:00:00,5210.860000000001,11.7,82.0,10.6,0.0,5.0,11.7,82.0,5.0
2023-07-09 17:00:00,5514.48,11.7,82.0,10.6,0.0,5.0,11.7,82.0,5.0
2023-07-09 18:00:00,5808.08,11.7,82.0,10.6,0.0,5.0,11.7,82.0,5.0
2023-07-09 19:00:00,5989.03,11.7,82.0,10.6,0.0,5.0,11.7,82.0,5.0
2023-07-09 20:00:00,5831.0599999999995,11.7,82.0,10.6,0.0,5.0,11.7,82.0,5.0
2023-07-09 21:00:00,5523.57,11.7,82.0,10.6,0.0,5.0,11.7,82.0,5.0
2023-07-09 22:00:00,4842.55,11.7,82.0,10.6,0.0,5.0,11.7,82.0,5.0
2023-07-09 23:00:00,4426.45,11.7,82.0,10.6,0.0,5.0,11.7,82.0,5.0
2023-07-10 00:00:00,3966.52,11.7,82.0,10.6,0.0,5.0,11.7,82.0,5.0
2023-07-10 01:00:00,4071.65,11.7,82.0,10.6,0.0,5.0,11.7,82.0,5.0
2023-07-10 02:00:00,4273.38,11.7,82.0,10.6,0.0,5.0,11.7,82.0,5.0
2023-07-10 03:00:00,4324.82,11.7,82.0,10.6,0.0,5.0,11.7,82.0,5.0
2023-07-10 04:00:00,4334.01,11.7,82.0,10.6,0.0,5.0,11.7,82.0,5.0
2023-07-10 05:00:00,4437.59,11.7,82.0,10.6,0.0,5.0,11.7,82.0,5.0
2023-07-10 06:00:00,4729.19,11.7,82.0,10.6,0.0,5.0,11.7,82.0,5.0
2023-07-10 07:00:00,5028.17,11.7,82.0,10.6,0.0,5.0,11.7,82.0,5.0
2023-07-10 08:00:00,5370.54,11.7,82.0,10.6,0.0,5.0,11.7,82.0,5.0
2023-07-10 09:00:00,5846.54,11.7,82.0,10.6,0.0,5.0,11.7,82.0,5.0
2023-07-10 10:00:00,5682.4,11.7,82.0,10.6,0.0,5.0,11.7,82.0,5.0
2023-07-10 11:00:00,5847.44,11.7,82.0,10.6,0.0,5.0,11.7,82.0,5.0
2023-07-10 12:00:00,6050.32,11.7,82.0,10.6,0.0,5.0,11.7,82.0,5.0
2023-07-10 13:00:00,6040.85,11.7,82.0,10.6,0.0,5.0,11.7,82.0,5.0
2023-07-10 14:00:00,6048.46,11.7,82.0,10.6,0.0,5.0,11.7,82.0,5.0
2023-07-10 15:00:00,5777.9,11.7,82.0,10.6,0.0,5.0,11.7,82.0,5.0
2023-07-10 16:00:00,5664.15,11.7,82.0,10.6,0.0,5.0,11.7,82.0,5.0
2023-07-10 17:00:00,6160.83,11.7,82.0,10.6,0.0,5.0,11.7,82.0,5.0
2023-07-10 18:00:00,6228.360000000001,11.7,82.0,10.6,0.0,5.0,11.7,82.0,5.0
2023-07-10 19:00:00,6469.05,11.7,82.0,10.6,0.0,5.0,11.7,82.0,5.0
2023-07-10 20:00:00,6518.83,11.7,82.0,10.6,0.0,5.0,11.7,82.0,5.0
2023-07-10 21:00:00,6009.3,11.7,82.0,10.6,0.0,5.0,11.7,82.0,5.0
2023-07-10 22:00:00,5304.5,11.7,82.0,10.6,0.0,5.0,11.7,82.0,5.0
2023-07-10 23:00:00,4771.27,11.7,82.0,10.6,0.0,5.0,11.7,82.0,5.0
2023-07-11 00:00:00,4014.18,11.7,82.0,10.6,0.0,5.0,11.7,82.0,5.0
2023-07-11 01:00:00,4200.43,11.7,82.0,10.6,0.0,5.0,11.7,82.0,5.0
2023-07-11 02:00:00,4255.77,11.7,82.0,10.6,0.0,5.0,11.7,82.0,5.0
2023-07-11 03:00:00,4322.5199999999995,11.7,82.0,10.6,0.0,5.0,11.7,82.0,5.0
2023-07-11 04:00:00,4147.3,11.7,82.0,10.6,0.0,5.0,11.7,82.0,5.0
2023-07-11 05:00:00,4293.25,11.7,82.0,10.6,0.0,5.0,11.7,82.0,5.0
2023-07-11 06:00:00,4615.67,11.7,82.0,10.6,0.0,5.0,11.7,82.0,5.0
2023-07-11 07:00:00,5142.95,11.7,82.0,10.6,0.0,5.0,11.7,82.0,5.0
2023-07-11 08:00:00,5322.55,11.7,82.0,10.6,0.0,5.0,11.7,82.0,5.0
2023-07-11 09:00:00,5740.099999999999,11.7,82.0,10.6,0.0,5.0,11.7,82.0,5.0
2023-07-11 10:00:00,5701.81,11.7,82.0,10.6,0.0,5.0,11.7,82.0,5.0
2023-07-11 11:00:00,5894.42,11.7,82.0,10.6,0.0,5.0,11.7,82.0,5.0
2023-07-11 12:00:00,5946.11,11.7,82.0,10.6,0.0,5.0,11.7,82.0,5.0
2023-07-11 13:00:00,6063.39,11.7,82.0,10.6,0.0,5.0,11.7,82.0,5.0
2023-07-11 14:00:00,6084.12,11.7,82.0,10.6,0.0,5.0,11.7,82.0,5.0
2023-07-11 15:00:00,5875.16,11.7,82.0,10.6,0.0,5.0,11.7,82.0,5.0
2023-07-11 16:00:00,5563.39,11.7,82.0,10.6,0.0,5.0,11.7,82.0,5.0
2023-07-11 17:00:00,6101.549999999999,11.7,82.0,10.6,0.0,5.0,11.7,82.0,5.0
2023-07-11 18:00:00,6424.74,11.7,82.0,10.6,0.0,5.0,11.7,82.0,5.0
2023-07-11 19:00:00,6360.37,11.7,82.0,10.6,0.0,5.0,11.7,82.0,5.0
2023-07-11 20:00:00,6389.76,11.7,82.0,10.6,0.0,5.0,11.7,82.0,5.0
2023-07-11 21:00:00,5951.3,11.7,82.0,10.6,0.0,5.0,11.7,82.0,5.0
2023-07-11 22:00:00,5354.3,11.7,82.0,10.6,0.0,5.0,11.7,82.0,5.0
2023-07-11 23:00:00,4887.49,11.7,82.0,10.6,0.0,5.0,11.7,82.0,5.0
2023-07-12 00:00:00,4031.9700000000003,11.7,82.0,10.6,0.0,5.0,11.7,82.0,5.0
2023-07-12 01:00:00,4049.73,11.7,82.0,10.6,0.0,5.0,11.7,82.0,5.0
2023-07-12 02:00:00,4329.05,11.7,82.0,10.6,0.0,5.0,11.7,82.0,5.0
2023-07-12 03:00:00,4221.68,11.7,82.0,10.6,0.0,5.0,11.7,82.0,5.0
2023-07-12 04:00:00,4128.59,11.7,82.0,10.6,0.0,5.0,11.7,82.0,5.0
2023-07-12 05:00:00,4304.15,11.7,82.0,10.6,0.0,5.0,11.7,82.0,5.0
2023-07-12 06:00:00,4663.64,11.7,82.0,10.6,0.0,5.0,11.7,82.0,5.0
2023-07-12 07:00:00,5004.07,11.7,82.0,10.6,0.0,5.0,11.7,82.0,5.0
2023-07-12 08:00:00,5242.49,11.7,82.0,10.6,0.0,5.0,11.7,82.0,5.0
2023-07-12 09:00:00,5671.86,11.7,82.0,10.6,0.0,5.0,11.7,82.0,5.0
2023-07-12 10:00:00,5717.53,11.7,82.0,10.6,0.0,5.0,11.7,82.0,5.0
2023-07-12 11:00:00,5901.38,11.7,82.0,10.6,0.0,5.0,11.7,82.0,5.0
2023-07-12 12:00:00,6092.7300000000005,11.7,82.0,10.6,0.0,5.0,11.7,82.0,5.0
2023-07-12 13:00:00,5899.360000000001,11.7,82.0,10.6,0.0,5.0,11.7,82.0,5.0
2023-07-12 14:00:00,6114.9,11.7,82.0,10.6,0.0,5.0,11.7,82.0,5.0
2023-07-12 15:00:00,5951.900000000001,11.7,82.0,10.6,0.0,5.0,11.7,82.0,5.0
2023-07-12 16:00:00,5668.349999999999,11.7,82.0,10.6,0.0,5.0,11.7,82.0,5.0
2023-07-12 17:00:00,6177.86,11.7,82.0,10.6,0.0,5.0,11.7,82.0,5.0
2023-07-12 18:00:00,6412.5599999999995,11.7,82.0,10.6,0.0,5.0,11.7,82.0,5.0
2023-07-12 19:00:00,6642.51,11.7,82.0,10.6,0.0,5.0,11.7,82.0,5.0
2023-07-12 20:00:00,6337.86,11.7,82.0,10.6,0.0,5.0,11.7,82.0,5.0
2023-07-12 21:00:00,5976.74,11.7,82.0,10.6,0.0,5.0,11.7,82.0,5.0
2023-07-12 22:00:00,5181.23,11.7,82.0,10.6,0.0,5.0,11.7,82.0,5.0
2023-07-12 23:00:00,4755.58,11.7,82.0,10.6,0.0,5.0,11.7,82.0,5.0
2023-07-13 00:00:00,4024.39,11.7,82.0,10.6,0.0,5.0,11.7,82.0,5.0
2023-07-13 01:00:00,4026.4700000000003,11.7,82.0,10.6,0.0,5.0,11.7,82.0,5.0
2023-07-13 02:00:00,4253.97,11.7,82.0,10.6,0.0,5.0,11.7,82.0,5.0
2023-07-13 03:00:00,4195.11,11.7,82.0,10.6,0.0,5.0,11.7,82.0,5.0
2023-07-13 04:00:00,4287.75,11.7,82.0,10.6,0.0,5.0,11.7,82.0,5.0
2023-07-13 05:00:00,4498.68,11.7,82.0,10.6,0.0,5.0,11.7,82.0,5.0
2023-07-13 06:00:00,4586.18,11.7,82.0,10.6,0.0,5.0,11.7,82.0,5.0
2023-07-13 07:00:00,4955.84,11.7,82.0,10.6,0.0,5.0,11.7,82.0,5.0
2023-07-13 08:00:00,5285.5,11.7,82.0,10.6,0.0,5.0,11.7,82.0,5.0
2023-07-13 09:00:00,5551.33,11.7,82.0,10.6,0.0,5.0,11.7,82.0,5.0
2023-07-13 10:00:00,5585.42,11.7,82.0,10.6,0.0,5.0,11.7,82.0,5.0
2023-07-13 11:00:00,5889.01,11.7,82.0,10.6,0.0,5.0,11.7,82.0,5.0
2023-07-13 12:00:00,6128.03,11.7,82.0,10.6,0.0,5.0,11.7,82.0,5.0
2023-07-13 13:00:00,5925.38,11.7,82.0,10.6,0.0,5.0,11.7,82.0,5.0
2023-07-13 14:00:00,6006.8,11.7,82.0,10.6,0.0,5.0,11.7,82.0,5.0
2023-07-13 15:00:00,5943.34,11.7,82.0,10.6,0.0,5.0,11.7,82.0,5.0
2023-07-13 16:00:00,5685.82,11.7,82.0,10.6,0.0,5.0,11.7,82.0,5.0
2023-07-13 17:00:00,6033.42,11.7,82.0,10.6,0.0,5.0,11.7,82.0,5.0
2023-07-13 18:00:00,6406.97,11.7,82.0,10.6,0.0,5.0,11.7,82.0,5.0
2023-07-13 19:00:00,6508.08,11.7,82.0,10.6,0.0,5.0,11.7,82.0,5.0
2023-07-13 20:00:00,6473.91,11.7,82.0,10.6,0.0,5.0,11.7,82.0,5.0
2023-07-13 21:00:00,5973.25,11.7,82.0,10.6,0.0,5.0,11.7,82.0,5.0
2023-07-13 22:00:00,5063.7,11.7,82.0,10.6,0.0,5.0,11.7,82.0,5.0
2023-07-13 23:00:00,4830.63,11.7,82.0,10.6,0.0,5.0,11.7,82.0,5.0
2023-07-14 00:00:00,3929.55,11.7,82.0,10.6,0.0,5.0,11.7,82.0,5.0
2023-07-14 01:00:00,4109.05,11.7,82.0,10.6,0.0,5.0,11.7,82.0,5.0
2023-07-14 02:00:00,4207.4,11.7,82.0,10.6,0.0,5.0,11.7,82.0,5.0
2023-07-14 03:00:00,4203.62,11.7,82.0,10.6,0.0,5.0,11.7,82.0,5.0
2023-07-14 04:00:00,4181.58,11.7,82.0,10.6,0.0,5.0,11.7,82.0,5.0
2023-07-14 05:00:00,4304.14,11.7,82.0,10.6,0.0,5.0,11.7,82.0,5.0
2023-07-14 06:00:00,4658.7,11.7,82.0,10.6,0.0,5.0,11.7,82.0,5.0
2023-07-14 07:00:00,4872.71,11.7,82.0,10.6,0.0,5.0,11.7,82.0,5.0
2023-07-14 08:00:00,5418.84,11.7,82.0,10.6,0.0,5.0,11.7,82.0,5.0
2023-07-14 09:00:00,5685.51,11.7,82.0,10.6,0.0,5.0,11.7,82.0,5.0
2023-07-14 10:00:00,5604.04,11.7,82.0,10.6,0.0,5.0,11.7,82.0,5.0
2023-07-14 11:00:00,5757.56,11.7,82.0,10.6,0.0,5.0,11.7,82.0,5.0
2023-07-14 12:00:00,6067.49,11.7,82.0,10.6,0.0,5.0,11.7,82.0,5.0
2023-07-14 13:00:00,6099.39,11.7,82.0,10.6,0.0,5.0,11.7,82.0,5.0
2023-07-14 14:00:00,5877.13,11.7,82.0,10.6,0.0,5.0,11.7,82.0,5.0
2023-07-14 15:00:00,5763.42,11.7,82.0,10.6,0.0,5.0,11.7,82.0,5.0
2023-07-14 16:00:00,5613.04,11.7,82.0,10.6,0.0,5.0,11.7,82.0,5.0
2023-07-14 17:00:00,5921.26,11.7,82.0,10.6,0.0,5.0,11.7,82.0,5.0
2023-07-14 18:00:00,6256.44,11.7,82.0,10.6,0.0,5.0,11.7,82.0,5.0
2023-07-14 19:00:00,6431.2699999999995,11.7,82.0,10.6,0.0,5.0,11.7,82.0,5.0
2023-07-14 20:00:00,6519.13,11.7,82.0,10.6,0.0,5.0,11.7,82.0,5.0
2023-07-14 21:00:00,5948.3099999999995,11.7,82.0,10.6,0.0,5.0,11.7,82.0,5.0
2023-07-14 22:00:00,4989.65,11.7,82.0,10.6,0.0,5.0,11.7,82.0,5.0
2023-07-14 23:00:00,4674.34,11.7,82.0,10.6,0.0,5.0,11.7,82.0,5.0
2023-07-15 00:00:00,3692.24,11.7,82.0,10.6,0.0,5.0,11.7,82.0,5.0
2023-07-15 01:00:00,3955.05,11.7,82.0,10.6,0.0,5.0,11.7,82.0,5.0
2023-07-15 02:00:00,3983.65,11.7,82.0,10.6,0.0,5.0,11.7,82.0,5.0
2023-07-15 03:00:00,4055.94,11.7,82.0,10.6,0.0,5.0,11.7,82.0,5.0
2023-07-15 04:00:00,4145.28,11.7,82.0,10.6,0.0,5.0,11.7,82.0,5.0
2023-07-15 05:00:00,4235.0599999999995,11.7,82.0,10.6,0.0,5.0,11.7,82.0,5.0
2023-07-15 06:00:00,4572.64,11.7,82.0,10.6,0.0,5.0,11.7,82.0,5.0
2023-07-15 07:00:00,4663.32,11.7,82.0,10.6,0.0,5.0,11.7,82.0,5.0
2023-07-15 08:00:00,4897.26,11.7,82.0,10.6,0.0,5.0,11.7,82.0,5.0
2023-07-15 09:00:00,5216.0,11.7,82.0,10.6,0.0,5.0,11.7,82.0,5.0
2023-07-15 10:00:00,5446.36,11.7,82.0,10.6,0.0,5.0,11.7,82.0,5.0
2023-07-15 11:00:00,5512.21,11.7,82.0,10.6,0.0,5.0,11.7,82.0,5.0
2023-07-15 12:00:00,5585.16,11.7,82.0,10.6,0.0,5.0,11.7,82.0,5.0
2023-07-15 13:00:00,5787.12,11.7,82.0,10.6,0.0,5.0,11.7,82.0,5.0
2023-07-15 14:00:00,5747.33,11.7,82.0,10.6,0.0,5.0,11.7,82.0,5.0
2023-07-15 15:00:00,5419.48,11.7,82.0,10.6,0.0,5.0,11.7,82.0,5.0
2023-07-15 16:00:00,5372.05,11.7,82.0,10.6,0.0,5.0,11.7,82.0,5.0
2023-07-15 17:00:00,5629.13,11.7,82.0,10.6,0.0,5.0,11.7,82.0,5.0
2023-07-15 18:00:00,6082.700000000001,11.7,82.0,10.6,0.0,5.0,11.7,82.0,5.0
2023-07-15 19:00:00,6359.12,11.7,82.0,10.6,0.0,5.0,11.7,82.0,5.0
2023-07-15 20:00:00,6220.75,11.7,82.0,10.6,0.0,5.0,11.7,82.0,5.0
2023-07-15 21:00:00,5726.59,11.7,82.0,10.6,0.0,5.0,11.7,82.0,5.0
2023-07-15 22:00:00,4858.98,11.7,82.0,10.6,0.0,5.0,11.7,82.0,5.0
2023-07-15 23:00:00,4586.09,11.7,82.0,10.6,0.0,5.0,11.7,82.0,5.0
2023-07-16 00:00:00,3611.29,11.7,82.0,10.6,0.0,5.0,11.7,82.0,5.0
2023-07-16 01:00:00,3752.21,11.7,82.0,10.6,0.0,5.0,11.7,82.0,5.0
2023-07-16 02:00:00,3747.67,11.7,82.0,10.6,0.0,5.0,11.7,82.0,5.0
2023-07-16 03:00:00,3863.4700000000003,11.7,82.0,10.6,0.0,5.0,11.7,82.0,5.0
2023-07-16 04:00:00,3648.22,11.7,82.0,10.6,0.0,5.0,11.7,82.0,5.0
2023-07-16 05:00:00,3958.75,11.7,82.0,10.6,0.0,5.0,11.7,82.0,5.0
2023-07-16 06:00:00,4261.28,11.7,82.0,10.6,0.0,5.0,11.7,82.0,5.0
2023-07-16 07:00:00,4380.21,11.7,82.0,10.6,0.0,5.0,11.7,82.0,5.0
2023-07-16 08:00:00,4812.53,11.7,82.0,10.6,0.0,5.0,11.7,82.0,5.0
2023-07-16 09:00:00,5093.77,11.7,82.0,10.6,0.0,5.0,11.7,82.0,5.0
2023-07-16 10:00:00,4987.17,11.7,82.0,10.6,0.0,5.0,11.7,82.0,5.0
2023-07-16 11:00:00,5215.3,11.7,82.0,10.6,0.0,5.0,11.7,82.0,5.0
2023-07-16 12:00:00,5392.49,11.7,82.0,10.6,0.0,5.0,11.7,82.0,5.0
2023-07-16 13:00:00,5450.75,11.7,82.0,10.6,0.0,5.0,11.7,82.0,5.0
2023-07-16 14:00:00,5290.97,11.7,82.0,10.6,0.0,5.0,11.7,82.0,5.0
2023-07-16 15:00:00,5339.96,11.7,82.0,10.6,0.0,5.0,11.7,82.0,5.0
2023-07-16 16:00:00,5035.51,11.7,82.0,10.6,0.0,5.0,11.7,82.0,5.0
2023-07-16 17:00:00,5391.23,11.7,82.0,10.6,0.0,5.0,11.7,82.0,5.0
2023-07-16 18:00:00,5677.5,11.7,82.0,10.6,0.0,5.0,11.7,82.0,5.0
2023-07-16 19:00:00,5833.4400000000005,11.7,82.0,10.6,0.0,5.0,11.7,82.0,5.0
2023-07-16 20:00:00,5675.99,11.7,82.0,10.6,0.0,5.0,11.7,82.0,5.0
2023-07-16 21:00:00,5358.139999999999,11.7,82.0,10.6,0.0,5.0,11.7,82.0,5.0
2023-07-16 22:00:00,4722.12,11.7,82.0,10.6,0.0,5.0,11.7,82.0,5.0
2023-07-16 23:00:00,4362.23,11.7,82.0,10.6,0.0,5.0,11.7,82.0,5.0
2023-07-17 00:00:00,3854.51,11.7,82.0,10.6,0.0,5.0,11.7,82.0,5.0
2023-07-17 01:00:00,4111.42,11.7,82.0,10.6,0.0,5.0,11.7,82.0,5.0
2023-07-17 02:00:00,4311.5,11.7,82.0,10.6,0.0,5.0,11.7,82.0,5.0
2023-07-17 03:00:00,4339.3,11.7,82.0,10.6,0.0,5.0,11.7,82.0,5.0
2023-07-17 04:00:00,4430.59,11.7,82.0,10.6,0.0,5.0,11.7,82.0,5.0
2023-07-17 05:00:00,4401.57,11.7,82.0,10.6,0.0,5.0,11.7,82.0,5.0
2023-07-17 06:00:00,4509.99,11.7,82.0,10.6,0.0,5.0,11.7,82.0,5.0
2023-07-17 07:00:00,4839.139999999999,11.7,82.0,10.6,0.0,5.0,11.7,82.0,5.0
2023-07-17 08:00:00,5107.14,11.7,82.0,10.6,0.0,5.0,11.7,82.0,5.0
2023-07-17 09:00:00,5637.7,11.7,82.0,10.6,0.0,5.0,11.7,82.0,5.0
2023-07-17 10:00:00,5516.599999999999,11.7,82.0,10.6,0.0,5.0,11.7,82.0,5.0
2023-07-17 11:00:00,5764.33,11.7,82.0,10.6,0.0,5.0,11.7,82.0,5.0
2023-07-17 12:00:00,5784.56,11.7,82.0,10.6,0.0,5.0,11.7,82.0,5.0
2023-07-17 13:00:00,5974.24,11.7,82.0,10.6,0.0,5.0,11.7,82.0,5.0
2023-07-17 14:00:00,5923.44,11.7,82.0,10.6,0.0,5.0,11.7,82.0,5.0
2023-07-17 15:00:00,5642.35,11.7,82.0,10.6,0.0,5.0,11.7,82.0,5.0
2023-07-17 16:00:00,5494.0,11.7,82.0,10.6,0.0,5.0,11.7,82.0,5.0
2023-07-17 17:00:00,6040.53,11.7,82.0,10.6,0.0,5.0,11.7,82.0,5.0
2023-07-17 18:00:00,6227.82,11.7,82.0,10.6,0.0,5.0,11.7,82.0,5.0
2023-07-17 19:00:00,6376.3,11.7,82.0,10.6,0.0,5.0,11.7,82.0,5.0
2023-07-17 20:00:00,6106.09,11.7,82.0,10.6,0.0,5.0,11.7,82.0,5.0
2023-07-17 21:00:00,5875.64,11.7,82.0,10.6,0.0,5.0,11.7,82.0,5.0
2023-07-17 22:00:00,5194.44,11.7,82.0,10.6,0.0,5.0,11.7,82.0,5.0
2023-07-17 23:00:00,4710.9400000000005,11.7,82.0,10.6,0.0,5.0,11.7,82.0,5.0
2023-07-18 00:00:00,4066.53,11.7,82.0,10.6,0.0,5.0,11.7,82.0,5.0
2023-07-18 01:00:00,4005.66,11.7,82.0,10.6,0.0,5.0,11.7,82.0,5.0
2023-07-18 02:00:00,4263.68,11.7,82.0,10.6,0.0,5.0,11.7,82.0,5.0
2023-07-18 03:00:00,4248.16,11.7,82.0,10.6,0.0,5.0,11.7,82.0,5.0
2023-07-18 04:00:00,4196.0199999999995,11.7,82.0,10.6,0.0,5.0,11.7,82.0,5.0
2023-07-18 05:00:00,4107.92,11.7,82.0,10.6,0.0,5.0,11.7,82.0,5.0
2023-07-18 06:00:00,4545.83,11.7,82.0,10.6,0.0,5.0,11.7,82.0,5.0
2023-07-18 07:00:00,4973.04,11.7,82.0,10.6,0.0,5.0,11.7,82.0,5.0
2023-07-18 08:00:00,5226.0,11.7,82.0,10.6,0.0,5.0,11.7,82.0,5.0
2023-07-18 09:00:00,5657.389999999999,11.7,82.0,10.6,0.0,5.0,11.7,82.0,5.0
2023-07-18 10:00:00,5629.5199999999995,11.7,82.0,10.6,0.0,5.0,11.7,82.0,5.0
2023-07-18 11:00:00,5803.2300000000005,11.7,82.0,10.6,0.0,5.0,11.7,82.0,5.0
2023-07-18 12:00:00,5758.48,11.7,82.0,10.6,0.0,5.0,11.7,82.0,5.0
2023-07-18 13:00:00,6005.3,11.7,82.0,10.6,0.0,5.0,11.7,82.0,5.0
2023-07-18 14:00:00,5869.8099999999995,11.7,82.0,10.6,0.0,5.0,11.7,82.0,5.0
2023-07-18 15:00:00,5624.6,11.7,82.0,10.6,0.0,5.0,11.7,82.0,5.0
2023-07-18 16:00:00,5631.44,11.7,82.0,10.6,0.0,5.0,11.7,82.0,5.0
2023-07-18 17:00:00,5776.26,11.7,82.0,10.6,0.0,5.0,11.7,82.0,5.0
2023-07-18 18:00:00,6351.24,11.7,82.0,10.6,0.0,5.0,11.7,82.0,5.0
2023-07-18 19:00:00,6277.04,11.7,82.0,10.6,0.0,5.0,11.7,82.0,5.0
2023-07-18 20:00:00,6393.17,11.7,82.0,10.6,0.0,5.0,11.7,82.0,5.0
2023-07-18 21:00:00,5788.89,11.7,82.0,10.6,0.0,5.0,11.7,82.0,5.0
2023-07-18 22:00:00,5017.13,11.7,82.0,10.6,0.0,5.0,11.7,82.0,5.0
2023-07-18 23:00:00,4722.280000000001,11.7,82.0,10.6,0.0,5.0,11.7,82.0,5.0
2023-07-19 00:00:00,3845.86,11.7,82.0,10.6,0.0,5.0,11.7,82.0,5.0
2023-07-19 01:00:00,3977.17,11.7,82.0,10.6,0.0,5.0,11.7,82.0,5.0
2023-07-19 02:00:00,4220.21,11.7,82.0,10.6,0.0,5.0,11.7,82.0,5.0
2023-07-19 03:00:00,4211.59,11.7,82.0,10.6,0.0,5.0,11.7,82.0,5.0
2023-07-19 04:00:00,4090.88,11.7,82.0,10.6,0.0,5.0,11.7,82.0,5.0
2023-07-19 05:00:00,4298.4,11.7,82.0,10.6,0.0,5.0,11.7,82.0,5.0
2023-07-19 06:00:00,4507.29,11.7,82.0,10.6,0.0,5.0,11.7,82.0,5.0
2023-07-19 07:00:00,4805.68,11.7,82.0,10.6,0.0,5.0,11.7,82.0,5.0
2023-07-19 08:00:00,5177.0,11.7,82.0,10.6,0.0,5.0,11.7,82.0,5.0
2023-07-19 09:00:00,5549.9800000000005,11.7,82.0,10.6,0.0,5.0,11.7,82.0,5.0
2023-07-19 10:00:00,5575.67,11.7,82.0,10.6,0.0,5.0,11.7,82.0,5.0
2023-07-19 11:00:00,5707.650000000001,11.7,82.0,10.6,0.0,5.0,11.7,82.0,5.0
2023-07-19 12:00:00,6010.49,11.7,82.0,10.6,0.0,5.0,11.7,82.0,5.0
2023-07-19 13:00:00,5716.3,11.7,82.0,10.6,0.0,5.0,11.7,82.0,5.0
2023-07-19 14:00:00,5792.13,11.7,82.0,10.6,0.0,5.0,11.7,82.0,5.0
2023-07-19 15:00:00,5669.82,11.7,82.0,10.6,0.0,5.0,11.7,82.0,5.0
2023-07-19 16:00:00,5517.79,11.7,82.0,10.6,0.0,5.0,11.7,82.0,5.0
2023-07-19 17:00:00,5935.96,11.7,82.0,10.6,0.0,5.0,11.7,82.0,5.0
2023-07-19 18:00:00,6189.99,11.7,82.0,10.6,0.0,5.0,11.7,82.0,5.0
2023-07-19 19:00:00,6261.3,11.7,82.0,10.6,0.0,5.0,11.7,82.0,5.0
2023-07-19 20:00:00,6241.45,11.7,82.0,10.6,0.0,5.0,11.7,82.0,5.0
2023-07-19 21:00:00,5792.15,11.7,82.0,10.6,0.0,5.0,11.7,82.0,5.0
2023-07-19 22:00:00,5051.7,11.7,82.0,10.6,0.0,5.0,11.7,82.0,5.0
2023-07-19 23:00:00,4634.57,11.7,82.0,10.6,0.0,5.0,11.7,82.0,5.0
2023-07-20 00:00:00,3896.13,11.7,82.0,10.6,0.0,5.0,11.7,82.0,5.0
2023-07-20 01:00:00,4092.4300000000003,11.7,82.0,10.6,0.0,5.0,11.7,82.0,5.0
2023-07-20 02:00:00,4113.66,11.7,82.0,10.6,0.0,5.0,11.7,82.0,5.0
2023-07-20 03:00:00,3987.5,11.7,82.0,10.6,0.0,5.0,11.7,82.0,5.0
2023-07-20 04:00:00,4259.62,11.7,82.0,10.6,0.0,5.0,11.7,82.0,5.0
2023-07-20 05:00:00,4162.5,11.7,82.0,10.6,0.0,5.0,11.7,82.0,5.0
2023-07-20 06:00:00,4523.22,11.7,82.0,10.6,0.0,5.0,11.7,82.0,5.0
2023-07-20 07:00:00,4772.34,11.7,82.0,10.6,0.0,5.0,11.7,82.0,5.0
2023-07-20 08:00:00,5226.09,11.7,82.0,10.6,0.0,5.0,11.7,82.0,5.0
2023-07-20 09:00:00,5486.96,11.7,82.0,10.6,0.0,5.0,11.7,82.0,5.0
2023-07-20 10:00:00,5506.05,11.7,82.0,10.6,0.0,5.0,11.7,82.0,5.0
2023-07-20 11:00:00,5687.49,11.7,82.0,10.6,0.0,5.0,11.7,82.0,5.0
2023-07-20 12:00:00,5779.0,11.7,82.0,10.6,0.0,5.0,11.7,82.0,5.0
2023-07-20 13:00:00,5954.23,11.7,82.0,10.6,0.0,5.0,11.7,82.0,5.0
2023-07-20 14:00:00,5708.01,11.7,82.0,10.6,0.0,5.0,11.7,82.0,5.0
2023-07-20 15:00:00,5527.24,11.7,82.0,10.6,0.0,5.0,11.7,82.0,5.0
2023-07-20 16:00:00,5606.04,11.7,82.0,10.6,0.0,5.0,11.7,82.0,5.0
2023-07-20 17:00:00,5977.82,11.7,82.0,10.6,0.0,5.0,11.7,82.0,5.0
2023-07-20 18:00:00,6218.13,11.7,82.0,10.6,0.0,5.0,11.7,82.0,5.0
2023-07-20 19:00:00,6321.63,11.7,82.0,10.6,0.0,5.0,11.7,82.0,5.0
2023-07-20 20:00:00,6051.96,11.7,82.0,10.6,0.0,5.0,11.7,82.0,5.0
2023-07-20 21:00:00,5862.25,11.7,82.0,10.6,0.0,5.0,11.7,82.0,5.0
2023-07-20 22:00:00,5010.1,11.7,82.0,10.6,0.0,5.0,11.7,82.0,5.0
2023-07-20 23:00:00,4674.76,11.7,82.0,10.6,0.0,5.0,11.7,82.0,5.0
2023-07-21 00:00:00,3918.0699999999997,11.7,82.0,10.6,0.0,5.0,11.7,82.0,5.0
2023-07-21 01:00:00,3975.77,11.7,82.0,10.6,0.0,5.0,11.7,82.0,5.0
2023-07-21 02:00:00,4144.81,11.7,82.0,10.6,0.0,5.0,11.7,82.0,5.0
2023-07-21 03:00:00,4254.51,11.7,82.0,10.6,0.0,5.0,11.7,82.0,5.0
2023-07-21 04:00:00,4144.38,11.7,82.0,10.6,0.0,5.0,11.7,82.0,5.0
2023-07-21 05:00:00,4255.87,11.7,82.0,10.6,0.0,5.0,11.7,82.0,5.0
2023-07-21 06:00:00,4515.3099999999995,11.7,82.0,10.6,0.0,5.0,11.7,82.0,5.0
2023-07-21 07:00:00,4820.48,11.7,82.0,10.6,0.0,5.0,11.7,82.0,5.0
2023-07-21 08:00:00,5093.21,11.7,82.0,10.6,0.0,5.0,11.7,82.0,5.0
2023-07-21 09:00:00,5592.099999999999,11.7,82.0,10.6,0.0,5.0,11.7,82.0,5.0
2023-07-21 10:00:00,5378.47,11.7,82.0,10.6,0.0,5.0,11.7,82.0,5.0
2023-07-21 11:00:00,5711.03,11.7,82.0,10.6,0.0,5.0,11.7,82.0,5.0
2023-07-21 12:00:00,5693.62,11.7,82.0,10.6,0.0,5.0,11.7,82.0,5.0
2023-07-21 13:00:00,5822.32,11.7,82.0,10.6,0.0,5.0,11.7,82.0,5.0
2023-07-21 14:00:00,5665.45,11.7,82.0,10.6,0.0,5.0,11.7,82.0,5.0
2023-07-21 15:00:00,5715.5,11.7,82.0,10.6,0.0,5.0,11.7,82.0,5.0
2023-07-21 16:00:00,5459.91,11.7,82.0,10.6,0.0,5.0,11.7,82.0,5.0
2023-07-21 17:00:00,5634.04,11.7,82.0,10.6,0.0,5.0,11.7,82.0,5.0
2023-07-21 18:00:00,6155.74,11.7,82.0,10.6,0.0,5.0,11.7,82.0,5.0
2023-07-21 19:00:00,6347.14,11.7,82.0,10.6,0.0,5.0,11.7,82.0,5.0
2023-07-21 20:00:00,6199.2300000000005,11.7,82.0,10.6,0.0,5.0,11.7,82.0,5.0
2023-07-21 21:00:00,5806.28,11.7,82.0,10.6,0.0,5.0,11.7,82.0,5.0
2023-07-21 22:00:00,4957.38,11.7,82.0,10.6,0.0,5.0,11.7,82.0,5.0
2023-07-21 23:00:00,4626.64,11.7,82.0,10.6,0.0,5.0,11.7,82.0,5.0
2023-07-22 00:00:00,3686.73,11.7,82.0,10.6,0.0,5.0,11.7,82.0,5.0
2023-07-22 01:00:00,3807.6,11.7,82.0,10.6,0.0,5.0,11.7,82.0,5.0
2023-07-22 02:00:00,4071.17,11.7,82.0,10.6,0.0,5.0,11.7,82.0,5.0
2023-07-22 03:00:00,4072.08,11.7,82.0,10.6,0.0,5.0,11.7,82.0,5.0
2023-07-22 04:00:00,4045.32,11.7,82.0,10.6,0.0,5.0,11.7,82.0,5.0
2023-07-22 05:00:00,4074.55,11.7,82.0,10.6,0.0,5.0,11.7,82.0,5.0
2023-07-22 06:00:00,4339.01,11.7,82.0,10.6,0.0,5.0,11.7,82.0,5.0
2023-07-22 07:00:00,4563.49,11.7,82.0,10.6,0.0,5.0,11.7,82.0,5.0
2023-07-22 08:00:00,4943.39,11.7,82.0,10.6,0.0,5.0,11.7,82.0,5.0
2023-07-22 09:00:00,5295.36,11.7,82.0,10.6,0.0,5.0,11.7,82.0,5.0
2023-07-22 10:00:00,5214.389999999999,11.7,82.0,10.6,0.0,5.0,11.7,82.0,5.0
2023-07-22 11:00:00,5550.88,11.7,82.0,10.6,0.0,5.0,11.7,82.0,5.0
2023-07-22 12:00:00,5506.17,11.7,82.0,10.6,0.0,5.0,11.7,82.0,5.0
2023-07-22 13:00:00,5716.05,11.7,82.0,10.6,0.0,5.0,11.7,82.0,5.0
2023-07-22 14:00:00,5581.55,11.7,82.0,10.6,0.0,5.0,11.7,82.0,5.0
2023-07-22 15:00:00,5309.54,11.7,82.0,10.6,0.0,5.0,11.7,82.0,5.0
2023-07-22 16:00:00,5155.7300000000005,11.7,82.0,10.6,0.0,5.0,11.7,82.0,5.0
2023-07-22 17:00:00,5683.65,11.7,82.0,10.6,0.0,5.0,11.7,82.0,5.0
2023-07-22 18:00:00,5878.89,11.7,82.0,10.6,0.0,5.0,11.7,82.0,5.0
2023-07-22 19:00:00,5898.89,11.7,82.0,10.6,0.0,5.0,11.7,82.0,5.0
2023-07-22 20:00:00,5803.32,11.7,82.0,10.6,0.0,5.0,11.7,82.0,5.0
2023-07-22 21:00:00,5774.23,11.7,82.0,10.6,0.0,5.0,11.7,82.0,5.0
2023-07-22 22:00:00,4780.23,11.7,82.0,10.6,0.0,5.0,11.7,82.0,5.0
2023-07-22 23:00:00,4425.8099999999995,11.7,82.0,10.6,0.0,5.0,11.7,82.0,5.0
2023-07-23 00:00:00,3314.81,11.7,82.0,10.6,0.0,5.0,11.7,82.0,5.0
2023-07-23 01:00:00,3673.47,11.7,82.0,10.6,0.0,5.0,11.7,82.0,5.0
2023-07-23 02:00:00,3710.3700000000003,11.7,82.0,10.6,0.0,5.0,11.7,82.0,5.0
2023-07-23 03:00:00,3700.31,11.7,82.0,10.6,0.0,5.0,11.7,82.0,5.0
2023-07-23 04:00:00,3637.9300000000003,11.7,82.0,10.6,0.0,5.0,11.7,82.0,5.0
2023-07-23 05:00:00,3804.98,11.7,82.0,10.6,0.0,5.0,11.7,82.0,5.0
2023-07-23 06:00:00,3977.23,11.7,82.0,10.6,0.0,5.0,11.7,82.0,5.0
2023-07-23 07:00:00,4351.67,11.7,82.0,10.6,0.0,5.0,11.7,82.0,5.0
2023-07-23 08:00:00,4651.64,11.7,82.0,10.6,0.0,5.0,11.7,82.0,5.0
2023-07-23 09:00:00,4889.93,11.7,82.0,10.6,0.0,5.0,11.7,82.0,5.0
2023-07-23 10:00:00,5029.43,11.7,82.0,10.6,0.0,5.0,11.7,82.0,5.0
2023-07-23 11:00:00,5063.63,11.7,82.0,10.6,0.0,5.0,11.7,82.0,5.0
2023-07-23 12:00:00,5308.0,11.7,82.0,10.6,0.0,5.0,11.7,82.0,5.0
2023-07-23 13:00:00,5256.3,11.7,82.0,10.6,0.0,5.0,11.7,82.0,5.0
2023-07-23 14:00:00,5123.8,11.7,82.0,10.6,0.0,5.0,11.7,82.0,5.0
2023-07-23 15:00:00,5075.57,11.7,82.0,10.6,0.0,5.0,11.7,82.0,5.0
2023-07-23 16:00:00,5086.8,11.7,82.0,10.6,0.0,5.0,11.7,82.0,5.0
2023-07-23 17:00:00,5170.42,11.7,82.0,10.6,0.0,5.0,11.7,82.0,5.0
2023-07-23 18:00:00,5472.0,11.7,82.0,10.6,0.0,5.0,11.7,82.0,5.0
2023-07-23 19:00:00,5843.54,11.7,82.0,10.6,0.0,5.0,11.7,82.0,5.0
2023-07-23 20:00:00,5466.72,11.7,82.0,10.6,0.0,5.0,11.7,82.0,5.0
2023-07-23 21:00:00,5363.0,11.7,82.0,10.6,0.0,5.0,11.7,82.0,5.0
2023-07-23 22:00:00,4317.89,11.7,82.0,10.6,0.0,5.0,11.7,82.0,5.0
2023-07-23 23:00:00,4022.7200000000003,11.7,82.0,10.6,0.0,5.0,11.7,82.0,5.0
2023-07-24 00:00:00,3877.57,11.7,82.0,10.6,0.0,5.0,11.7,82.0,5.0
2023-07-24 01:00:00,3825.42,11.7,82.0,10.6,0.0,5.0,11.7,82.0,5.0
2023-07-24 02:00:00,4117.81,11.7,82.0,10.6,0.0,5.0,11.7,82.0,5.0
2023-07-24 03:00:00,4150.12,11.7,82.0,10.6,0.0,5.0,11.7,82.0,5.0
2023-07-24 04:00:00,4118.4,11.7,82.0,10.6,0.0,5.0,11.7,82.0,5.0
2023-07-24 05:00:00,4059.86,11.7,82.0,10.6,0.0,5.0,11.7,82.0,5.0
2023-07-24 06:00:00,4342.79,11.7,82.0,10.6,0.0,5.0,11.7,82.0,5.0
2023-07-24 07:00:00,4726.45,11.7,82.0,10.6,0.0,5.0,11.7,82.0,5.0
2023-07-24 08:00:00,5059.58,11.7,82.0,10.6,0.0,5.0,11.7,82.0,5.0
2023-07-24 09:00:00,5424.08,11.7,82.0,10.6,0.0,5.0,11.7,82.0,5.0
2023-07-24 10:00:00,5371.4400000000005,11.7,82.0,10.6,0.0,5.0,11.7,82.0,5.0
2023-07-24 11:00:00,5490.24,11.7,82.0,10.6,0.0,5.0,11.7,82.0,5.0
2023-07-24 12:00:00,5750.9400000000005,11.7,82.0,10.6,0.0,5.0,11.7,82.0,5.0
2023-07-24 13:00:00,5806.22,11.7,82.0,10.6,0.0,5.0,11.7,82.0,5.0
2023-07-24 14:00:00,5738.13,11.7,82.0,10.6,0.0,5.0,11.7,82.0,5.0
2023-07-24 15:00:00,5772.99,11.7,82.0,10.6,0.0,5.0,11.7,82.0,5.0
2023-07-24 16:00:00,5435.38,11.7,82.0,10.6,0.0,5.0,11.7,82.0,5.0
2023-07-24 17:00:00,5902.93,11.7,82.0,10.6,0.0,5.0,11.7,82.0,5.0
2023-07-24 18:00:00,6103.18,11.7,82.0,10.6,0.0,5.0,11.7,82.0,5.0
2023-07-24 19:00:00,6268.32,11.7,82.0,10.6,0.0,5.0,11.7,82.0,5.0
2023-07-24 20:00:00,6104.69,11.7,82.0,10.6,0.0,5.0,11.7,82.0,5.0
2023-07-24 21:00:00,5608.01,11.7,82.0,10.6,0.0,5.0,11.7,82.0,5.0
2023-07-24 22:00:00,5076.32,11.7,82.0,10.6,0.0,5.0,11.7,82.0,5.0
2023-07-24 23:00:00,4687.04,11.7,82.0,10.6,0.0,5.0,11.7,82.0,5.0
2023-07-25 00:00:00,3901.51,11.7,82.0,10.6,0.0,5.0,11.7,82.0,5.0
2023-07-25 01:00:00,3953.3399999999997,11.7,82.0,10.6,0.0,5.0,11.7,82.0,5.0
2023-07-25 02:00:00,4101.92,11.7,82.0,10.6,0.0,5.0,11.7,82.0,5.0
2023-07-25 03:00:00,4095.1400000000003,11.7,82.0,10.6,0.0,5.0,11.7,82.0,5.0
2023-07-25 04:00:00,4134.48,11.7,82.0,10.6,0.0,5.0,11.7,82.0,5.0
2023-07-25 05:00:00,4147.5,11.7,82.0,10.6,0.0,5.0,11.7,82.0,5.0
2023-07-25 06:00:00,4328.7,11.7,82.0,10.6,0.0,5.0,11.7,82.0,5.0
2023-07-25 07:00:00,4791.87,11.7,82.0,10.6,0.0,5.0,11.7,82.0,5.0
2023-07-25 08:00:00,4995.37,11.7,82.0,10.6,0.0,5.0,11.7,82.0,5.0
2023-07-25 09:00:00,5448.75,11.7,82.0,10.6,0.0,5.0,11.7,82.0,5.0
2023-07-25 10:00:00,5404.43,11.7,82.0,10.6,0.0,5.0,11.7,82.0,5.0
2023-07-25 11:00:00,5416.84,11.7,82.0,10.6,0.0,5.0,11.7,82.0,5.0
2023-07-25 12:00:00,5653.05,11.7,82.0,10.6,0.0,5.0,11.7,82.0,5.0
2023-07-25 13:00:00,5836.87,11.7,82.0,10.6,0.0,5.0,11.7,82.0,5.0
2023-07-25 14:00:00,5513.17,11.7,82.0,10.6,0.0,5.0,11.7,82.0,5.0
2023-07-25 15:00:00,5509.42,11.7,82.0,10.6,0.0,5.0,11.7,82.0,5.0
2023-07-25 16:00:00,5207.6900000000005,11.7,82.0,10.6,0.0,5.0,11.7,82.0,5.0
2023-07-25 17:00:00,5785.26,11.7,82.0,10.6,0.0,5.0,11.7,82.0,5.0
2023-07-25 18:00:00,6094.6,11.7,82.0,10.6,0.0,5.0,11.7,82.0,5.0
2023-07-25 19:00:00,6052.83,11.7,82.0,10.6,0.0,5.0,11.7,82.0,5.0
2023-07-25 20:00:00,6052.21,11.7,82.0,10.6,0.0,5.0,11.7,82.0,5.0
2023-07-25 21:00:00,5703.94,11.7,82.0,10.6,0.0,5.0,11.7,82.0,5.0
2023-07-25 22:00:00,5009.57,11.7,82.0,10.6,0.0,5.0,11.7,82.0,5.0
2023-07-25 23:00:00,4570.35,11.7,82.0,10.6,0.0,5.0,11.7,82.0,5.0
2023-07-26 00:00:00,3947.29,11.7,82.0,10.6,0.0,5.0,11.7,82.0,5.0
2023-07-26 01:00:00,3824.69,11.7,82.0,10.6,0.0,5.0,11.7,82.0,5.0
2023-07-26 02:00:00,4102.49,11.7,82.0,10.6,0.0,5.0,11.7,82.0,5.0
2023-07-26 03:00:00,4166.1,11.7,82.0,10.6,0.0,5.0,11.7,82.0,5.0
2023-07-26 04:00:00,4054.8199999999997,11.7,82.0,10.6,0.0,5.0,11.7,82.0,5.0
2023-07-26 05:00:00,4010.06,11.7,82.0,10.6,0.0,5.0,11.7,82.0,5.0
2023-07-26 06:00:00,4270.72,11.7,82.0,10.6,0.0,5.0,11.7,82.0,5.0
2023-07-26 07:00:00,4750.57,11.7,82.0,10.6,0.0,5.0,11.7,82.0,5.0
2023-07-26 08:00:00,5097.28,11.7,82.0,10.6,0.0,5.0,11.7,82.0,5.0
2023-07-26 09:00:00,5345.55,11.7,82.0,10.6,0.0,5.0,11.7,82.0,5.0
2023-07-26 10:00:00,5364.93,11.7,82.0,10.6,0.0,5.0,11.7,82.0,5.0
2023-07-26 11:00:00,5630.5199999999995,11.7,82.0,10.6,0.0,5.0,11.7,82.0,5.0
2023-07-26 12:00:00,5785.13,11.7,82.0,10.6,0.0,5.0,11.7,82.0,5.0
2023-07-26 13:00:00,5596.9,11.7,82.0,10.6,0.0,5.0,11.7,82.0,5.0
2023-07-26 14:00:00,5485.71,11.7,82.0,10.6,0.0,5.0,11.7,82.0,5.0
2023-07-26 15:00:00,5507.5,11.7,82.0,10.6,0.0,5.0,11.7,82.0,5.0
2023-07-26 16:00:00,5458.96,11.7,82.0,10.6,0.0,5.0,11.7,82.0,5.0
2023-07-26 17:00:00,5691.54,11.7,82.0,10.6,0.0,5.0,11.7,82.0,5.0
2023-07-26 18:00:00,6046.12,11.7,82.0,10.6,0.0,5.0,11.7,82.0,5.0
2023-07-26 19:00:00,5978.679999999999,11.7,82.0,10.6,0.0,5.0,11.7,82.0,5.0
2023-07-26 20:00:00,5960.8,11.7,82.0,10.6,0.0,5.0,11.7,82.0,5.0
2023-07-26 21:00:00,5705.24,11.7,82.0,10.6,0.0,5.0,11.7,82.0,5.0
2023-07-26 22:00:00,5086.62,11.7,82.0,10.6,0.0,5.0,11.7,82.0,5.0
2023-07-26 23:00:00,4451.99,11.7,82.0,10.6,0.0,5.0,11.7,82.0,5.0
2023-07-27 00:00:00,3728.12,11.7,82.0,10.6,0.0,5.0,11.7,82.0,5.0
2023-07-27 01:00:00,3803.0,11.7,82.0,10.6,0.0,5.0,11.7,82.0,5.0
2023-07-27 02:00:00,3944.71,11.7,82.0,10.6,0.0,5.0,11.7,82.0,5.0
2023-07-27 03:00:00,3965.5,11.7,82.0,10.6,0.0,5.0,11.7,82.0,5.0
2023-07-27 04:00:00,3928.5499999999997,11.7,82.0,10.6,0.0,5.0,11.7,82.0,5.0
2023-07-27 05:00:00,4023.06,11.7,82.0,10.6,0.0,5.0,11.7,82.0,5.0
2023-07-27 06:00:00,4431.85,11.7,82.0,10.6,0.0,5.0,11.7,82.0,5.0
2023-07-27 07:00:00,4675.7699999999995,11.7,82.0,10.6,0.0,5.0,11.7,82.0,5.0
2023-07-27 08:00:00,4849.26,11.7,82.0,10.6,0.0,5.0,11.7,82.0,5.0
2023-07-27 09:00:00,5389.22,11.7,82.0,10.6,0.0,5.0,11.7,82.0,5.0
2023-07-27 10:00:00,5374.5199999999995,11.7,82.0,10.6,0.0,5.0,11.7,82.0,5.0
2023-07-27 11:00:00,5533.4,11.7,82.0,10.6,0.0,5.0,11.7,82.0,5.0
2023-07-27 12:00:00,5512.42,11.7,82.0,10.6,0.0,5.0,11.7,82.0,5.0
2023-07-27 13:00:00,5488.92,11.7,82.0,10.6,0.0,5.0,11.7,82.0,5.0
2023-07-27 14:00:00,5692.18,11.7,82.0,10.6,0.0,5.0,11.7,82.0,5.0
2023-07-27 15:00:00,5362.47,11.7,82.0,10.6,0.0,5.0,11.7,82.0,5.0
2023-07-27 16:00:00,5255.77,11.7,82.0,10.6,0.0,5.0,11.7,82.0,5.0
2023-07-27 17:00:00,5642.01,11.7,82.0,10.6,0.0,5.0,11.7,82.0,5.0
2023-07-27 18:00:00,5930.33,11.7,82.0,10.6,0.0,5.0,11.7,82.0,5.0
2023-07-27 19:00:00,6130.91,11.7,82.0,10.6,0.0,5.0,11.7,82.0,5.0
2023-07-27 20:00:00,6061.68,11.7,82.0,10.6,0.0,5.0,11.7,82.0,5.0
2023-07-27 21:00:00,5726.82,11.7,82.0,10.6,0.0,5.0,11.7,82.0,5.0
2023-07-27 22:00:00,5076.8099999999995,11.7,82.0,10.6,0.0,5.0,11.7,82.0,5.0
2023-07-27 23:00:00,4338.24,11.7,82.0,10.6,0.0,5.0,11.7,82.0,5.0
2023-07-28 00:00:00,3707.41,11.7,82.0,10.6,0.0,5.0,11.7,82.0,5.0
2023-07-28 01:00:00,3972.12,11.7,82.0,10.6,0.0,5.0,11.7,82.0,5.0
2023-07-28 02:00:00,4097.64,11.7,82.0,10.6,0.0,5.0,11.7,82.0,5.0
2023-07-28 03:00:00,4123.14,11.7,82.0,10.6,0.0,5.0,11.7,82.0,5.0
2023-07-28 04:00:00,4085.22,11.7,82.0,10.6,0.0,5.0,11.7,82.0,5.0
2023-07-28 05:00:00,4207.07,11.7,82.0,10.6,0.0,5.0,11.7,82.0,5.0
2023-07-28 06:00:00,4531.68,11.7,82.0,10.6,0.0,5.0,11.7,82.0,5.0
2023-07-28 07:00:00,4656.28,11.7,82.0,10.6,0.0,5.0,11.7,82.0,5.0
2023-07-28 08:00:00,4884.58,11.7,82.0,10.6,0.0,5.0,11.7,82.0,5.0
2023-07-28 09:00:00,5292.15,11.7,82.0,10.6,0.0,5.0,11.7,82.0,5.0
2023-07-28 10:00:00,5267.82,11.7,82.0,10.6,0.0,5.0,11.7,82.0,5.0
2023-07-28 11:00:00,5406.58,11.7,82.0,10.6,0.0,5.0,11.7,82.0,5.0
2023-07-28 12:00:00,5643.64,11.7,82.0,10.6,0.0,5.0,11.7,82.0,5.0
2023-07-28 13:00:00,5679.54,11.7,82.0,10.6,0.0,5.0,11.7,82.0,5.0
2023-07-28 14:00:00,5456.07,11.7,82.0,10.6,0.0,5.0,11.7,82.0,5.0
2023-07-28 15:00:00,5627.3099999999995,11.7,82.0,10.6,0.0,5.0,11.7,82.0,5.0
2023-07-28 16:00:00,5387.04,11.7,82.0,10.6,0.0,5.0,11.7,82.0,5.0
2023-07-28 17:00:00,5587.04,11.7,82.0,10.6,0.0,5.0,11.7,82.0,5.0
2023-07-28 18:00:00,6066.38,11.7,82.0,10.6,0.0,5.0,11.7,82.0,5.0
2023-07-28 19:00:00,6266.73,11.7,82.0,10.6,0.0,5.0,11.7,82.0,5.0
2023-07-28 20:00:00,5967.96,11.7,82.0,10.6,0.0,5.0,11.7,82.0,5.0
2023-07-28 21:00:00,5851.0599999999995,11.7,82.0,10.6,0.0,5.0,11.7,82.0,5.0
2023-07-28 22:00:00,4888.75,11.7,82.0,10.6,0.0,5.0,11.7,82.0,5.0
2023-07-28 23:00:00,4565.11,11.7,82.0,10.6,0.0,5.0,11.7,82.0,5.0
2023-07-29 00:00:00,3557.82,11.7,82.0,10.6,0.0,5.0,11.7,82.0,5.0
2023-07-29 01:00:00,3695.43,11.7,82.0,10.6,0.0,5.0,11.7,82.0,5.0
2023-07-29 02:00:00,3791.67,11.7,82.0,10.6,0.0,5.0,11.7,82.0,5.0
2023-07-29 03:00:00,3853.38,11.7,82.0,10.6,0.0,5.0,11.7,82.0,5.0
2023-07-29 04:00:00,3937.77,11.7,82.0,10.6,0.0,5.0,11.7,82.0,5.0
2023-07-29 05:00:00,3783.52,11.7,82.0,10.6,0.0,5.0,11.7,82.0,5.0
2023-07-29 06:00:00,4193.5,11.7,82.0,10.6,0.0,5.0,11.7,82.0,5.0
2023-07-29 07:00:00,4335.26,11.7,82.0,10.6,0.0,5.0,11.7,82.0,5.0
2023-07-29 08:00:00,4828.75,11.7,82.0,10.6,0.0,5.0,11.7,82.0,5.0
2023-07-29 09:00:00,4995.21,11.7,82.0,10.6,0.0,5.0,11.7,82.0,5.0
2023-07-29 10:00:00,5196.52,11.7,82.0,10.6,0.0,5.0,11.7,82.0,5.0
2023-07-29 11:00:00,5186.780000000001,11.7,82.0,10.6,0.0,5.0,11.7,82.0,5.0
2023-07-29 12:00:00,5427.88,11.7,82.0,10.6,0.0,5.0,11.7,82.0,5.0
2023-07-29 13:00:00,5448.82,11.7,82.0,10.6,0.0,5.0,11.7,82.0,5.0
2023-07-29 14:00:00,5298.0,11.7,82.0,10.6,0.0,5.0,11.7,82.0,5.0
2023-07-29 15:00:00,5228.9,11.7,82.0,10.6,0.0,5.0,11.7,82.0,5.0
2023-07-29 16:00:00,5212.61,11.7,82.0,10.6,0.0,5.0,11.7,82.0,5.0
2023-07-29 17:00:00,5416.8099999999995,11.7,82.0,10.6,0.0,5.0,11.7,82.0,5.0
2023-07-29 18:00:00,5769.62,11.7,82.0,10.6,0.0,5.0,11.7,82.0,5.0
2023-07-29 19:00:00,5899.19,11.7,82.0,10.6,0.0,5.0,11.7,82.0,5.0
2023-07-29 20:00:00,5846.02,11.7,82.0,10.6,0.0,5.0,11.7,82.0,5.0
2023-07-29 21:00:00,5412.0,11.7,82.0,10.6,0.0,5.0,11.7,82.0,5.0
2023-07-29 22:00:00,4749.55,11.7,82.0,10.6,0.0,5.0,11.7,82.0,5.0
2023-07-29 23:00:00,4248.5,11.7,82.0,10.6,0.0,5.0,11.7,82.0,5.0
2023-07-30 00:00:00,3304.16,11.7,82.0,10.6,0.0,5.0,11.7,82.0,5.0
2023-07-30 01:00:00,3684.85,11.7,82.0,10.6,0.0,5.0,11.7,82.0,5.0
2023-07-30 02:00:00,3732.38,11.7,82.0,10.6,0.0,5.0,11.7,82.0,5.0
2023-07-30 03:00:00,3573.44,11.7,82.0,10.6,0.0,5.0,11.7,82.0,5.0
2023-07-30 04:00:00,3580.34,11.7,82.0,10.6,0.0,5.0,11.7,82.0,5.0
2023-07-30 05:00:00,3643.14,11.7,82.0,10.6,0.0,5.0,11.7,82.0,5.0
2023-07-30 06:00:00,4043.74,11.7,82.0,10.6,0.0,5.0,11.7,82.0,5.0
2023-07-30 07:00:00,4225.25,11.7,82.0,10.6,0.0,5.0,11.7,82.0,5.0
2023-07-30 08:00:00,4525.75,11.7,82.0,10.6,0.0,5.0,11.7,82.0,5.0
2023-07-30 09:00:00,4871.46,11.7,82.0,10.6,0.0,5.0,11.7,82.0,5.0
2023-07-30 10:00:00,4909.5,11.7,82.0,10.6,0.0,5.0,11.7,82.0,5.0
2023-07-30 11:00:00,4969.12,11.7,82.0,10.6,0.0,5.0,11.7,82.0,5.0
2023-07-30 12:00:00,4939.49,11.7,82.0,10.6,0.0,5.0,11.7,82.0,5.0
2023-07-30 13:00:00,5053.75,11.7,82.0,10.6,0.0,5.0,11.7,82.0,5.0
2023-07-30 14:00:00,5118.2699999999995,11.7,82.0,10.6,0.0,5.0,11.7,82.0,5.0
2023-07-30 15:00:00,5023.98,11.7,82.0,10.6,0.0,5.0,11.7,82.0,5.0
2023-07-30 16:00:00,4878.42,11.7,82.0,10.6,0.0,5.0,11.7,82.0,5.0
2023-07-30 17:00:00,5168.64,11.7,82.0,10.6,0.0,5.0,11.7,82.0,5.0
2023-07-30 18:00:00,5476.49,11.7,82.0,10.6,0.0,5.0,11.7,82.0,5.0
2023-07-30 19:00:00,5445.24,11.7,82.0,10.6,0.0,5.0,11.7,82.0,5.0
2023-07-30 20:00:00,5529.71,11.7,82.0,10.6,0.0,5.0,11.7,82.0,5.0
2023-07-30 21:00:00,5134.17,11.7,82.0,10.6,0.0,5.0,11.7,82.0,5.0
2023-07-30 22:00:00,4377.01,11.7,82.0,10.6,0.0,5.0,11.7,82.0,5.0
2023-07-30 23:00:00,3978.64,11.7,82.0,10.6,0.0,5.0,11.7,82.0,5.0
2023-07-31 00:00:00,3804.21,11.7,82.0,10.6,0.0,5.0,11.7,82.0,5.0
2023-07-31 01:00:00,3954.4,11.7,82.0,10.6,0.0,5.0,11.7,82.0,5.0
2023-07-31 02:00:00,3901.7799999999997,11.7,82.0,10.6,0.0,5.0,11.7,82.0,5.0
2023-07-31 03:00:00,4037.26,11.7,82.0,10.6,0.0,5.0,11.7,82.0,5.0
2023-07-31 04:00:00,3849.89,11.7,82.0,10.6,0.0,5.0,11.7,82.0,5.0
2023-07-31 05:00:00,3822.08,11.7,82.0,10.6,0.0,5.0,11.7,82.0,5.0
2023-07-31 06:00:00,4307.39,11.7,82.0,10.6,0.0,5.0,11.7,82.0,5.0
2023-07-31 07:00:00,4643.18,11.7,82.0,10.6,0.0,5.0,11.7,82.0,5.0
2023-07-31 08:00:00,5029.93,11.7,82.0,10.6,0.0,5.0,11.7,82.0,5.0
2023-07-31 09:00:00,5314.139999999999,11.7,82.0,10.6,0.0,5.0,11.7,82.0,5.0
2023-07-31 10:00:00,5385.08,11.7,82.0,10.6,0.0,5.0,11.7,82.0,5.0
2023-07-31 11:00:00,5368.84,11.7,82.0,10.6,0.0,5.0,11.7,82.0,5.0
2023-07-31 12:00:00,5536.97,11.7,82.0,10.6,0.0,5.0,11.7,82.0,5.0
2023-07-31 13:00:00,5567.94,11.7,82.0,10.6,0.0,5.0,11.7,82.0,5.0
2023-07-31 14:00:00,5581.03,11.7,82.0,10.6,0.0,5.0,11.7,82.0,5.0
2023-07-31 15:00:00,5505.25,11.7,82.0,10.6,0.0,5.0,11.7,82.0,5.0
2023-07-31 16:00:00,5230.88,11.7,82.0,10.6,0.0,5.0,11.7,82.0,5.0
2023-07-31 17:00:00,5671.08,11.7,82.0,10.6,0.0,5.0,11.7,82.0,5.0
2023-07-31 18:00:00,5912.36,11.7,82.0,10.6,0.0,5.0,11.7,82.0,5.0
2023-07-31 19:00:00,6120.58,11.7,82.0,10.6,0.0,5.0,11.7,82.0,5.0
2023-07-31 20:00:00,5901.76,11.7,82.0,10.6,0.0,5.0,11.7,82.0,5.0
2023-07-31 21:00:00,5745.95,11.7,82.0,10.6,0.0,5.0,11.7,82.0,5.0
2023-07-31 22:00:00,4896.3,11.7,82.0,10.6,0.0,5.0,11.7,82.0,5.0
2023-07-31 23:00:00,4410.08,11.7,82.0,10.6,0.0,5.0,11.7,82.0,5.0
2023-08-01 00:00:00,3720.33,11.7,82.0,10.6,0.0,5.0,11.7,82.0,5.0
2023-08-01 01:00:00,3629.2200000000003,11.7,82.0,10.6,0.0,5.0,11.7,82.0,5.0
2023-08-01 02:00:00,3920.8,11.7,82.0,10.6,0.0,5.0,11.7,82.0,5.0
2023-08-01 03:00:00,4137.45,11.7,82.0,10.6,0.0,5.0,11.7,82.0,5.0
2023-08-01 04:00:00,3984.66,11.7,82.0,10.6,0.0,5.0,11.7,82.0,5.0
2023-08-01 05:00:00,3858.82,11.7,82.0,10.6,0.0,5.0,11.7,82.0,5.0
2023-08-01 06:00:00,4328.14,11.7,82.0,10.6,0.0,5.0,11.7,82.0,5.0
2023-08-01 07:00:00,4479.63,11.7,82.0,10.6,0.0,5.0,11.7,82.0,5.0
2023-08-01 08:00:00,4899.98,11.7,82.0,10.6,0.0,5.0,11.7,82.0,5.0
2023-08-01 09:00:00,5285.97,11.7,82.0,10.6,0.0,5.0,11.7,82.0,5.0
2023-08-01 10:00:00,5091.889999999999,11.7,82.0,10.6,0.0,5.0,11.7,82.0,5.0
2023-08-01 11:00:00,5447.09,11.7,82.0,10.6,0.0,5.0,11.7,82.0,5.0
2023-08-01 12:00:00,5480.3,11.7,82.0,10.6,0.0,5.0,11.7,82.0,5.0
2023-08-01 13:00:00,5558.26,11.7,82.0,10.6,0.0,5.0,11.7,82.0,5.0
2023-08-01 14:00:00,5583.67,11.7,82.0,10.6,0.0,5.0,11.7,82.0,5.0
2023-08-01 15:00:00,5453.16,11.7,82.0,10.6,0.0,5.0,11.7,82.0,5.0
2023-08-01 16:00:00,5297.27,11.7,82.0,10.6,0.0,5.0,11.7,82.0,5.0
2023-08-01 17:00:00,5607.53,11.7,82.0,10.6,0.0,5.0,11.7,82.0,5.0
2023-08-01 18:00:00,5930.16,11.7,82.0,10.6,0.0,5.0,11.7,82.0,5.0
2023-08-01 19:00:00,5955.91,11.7,82.0,10.6,0.0,5.0,11.7,82.0,5.0
2023-08-01 20:00:00,5802.08,11.7,82.0,10.6,0.0,5.0,11.7,82.0,5.0
2023-08-01 21:00:00,5538.21,11.7,82.0,10.6,0.0,5.0,11.7,82.0,5.0
2023-08-01 22:00:00,4717.45,11.7,82.0,10.6,0.0,5.0,11.7,82.0,5.0
2023-08-01 23:00:00,4427.84,11.7,82.0,10.6,0.0,5.0,11.7,82.0,5.0
2023-08-02 00:00:00,3594.6299999999997,11.7,82.0,10.6,0.0,5.0,11.7,82.0,5.0
2023-08-02 01:00:00,3842.66,11.7,82.0,10.6,0.0,5.0,11.7,82.0,5.0
2023-08-02 02:00:00,3906.74,11.7,82.0,10.6,0.0,5.0,11.7,82.0,5.0
2023-08-02 03:00:00,3954.1,11.7,82.0,10.6,0.0,5.0,11.7,82.0,5.0
2023-08-02 04:00:00,3934.0,11.7,82.0,10.6,0.0,5.0,11.7,82.0,5.0
2023-08-02 05:00:00,3984.15,11.7,82.0,10.6,0.0,5.0,11.7,82.0,5.0
2023-08-02 06:00:00,4175.45,11.7,82.0,10.6,0.0,5.0,11.7,82.0,5.0
2023-08-02 07:00:00,4638.54,11.7,82.0,10.6,0.0,5.0,11.7,82.0,5.0
2023-08-02 08:00:00,4839.67,11.7,82.0,10.6,0.0,5.0,11.7,82.0,5.0
2023-08-02 09:00:00,5208.99,11.7,82.0,10.6,0.0,5.0,11.7,82.0,5.0
2023-08-02 10:00:00,5170.49,11.7,82.0,10.6,0.0,5.0,11.7,82.0,5.0
2023-08-02 11:00:00,5310.4,11.7,82.0,10.6,0.0,5.0,11.7,82.0,5.0
2023-08-02 12:00:00,5425.8,11.7,82.0,10.6,0.0,5.0,11.7,82.0,5.0
2023-08-02 13:00:00,5531.78,11.7,82.0,10.6,0.0,5.0,11.7,82.0,5.0
2023-08-02 14:00:00,5543.58,11.7,82.0,10.6,0.0,5.0,11.7,82.0,5.0
2023-08-02 15:00:00,5447.65,11.7,82.0,10.6,0.0,5.0,11.7,82.0,5.0
2023-08-02 16:00:00,5304.05,11.7,82.0,10.6,0.0,5.0,11.7,82.0,5.0
2023-08-02 17:00:00,5585.89,11.7,82.0,10.6,0.0,5.0,11.7,82.0,5.0
2023-08-02 18:00:00,5947.2300000000005,11.7,82.0,10.6,0.0,5.0,11.7,82.0,5.0
2023-08-02 19:00:00,6088.0599999999995,11.7,82.0,10.6,0.0,5.0,11.7,82.0,5.0
2023-08-02 20:00:00,5967.41,11.7,82.0,10.6,0.0,5.0,11.7,82.0,5.0
2023-08-02 21:00:00,5697.82,11.7,82.0,10.6,0.0,5.0,11.7,82.0,5.0
2023-08-02 22:00:00,4807.59,11.7,82.0,10.6,0.0,5.0,11.7,82.0,5.0
2023-08-02 23:00:00,4372.75,11.7,82.0,10.6,0.0,5.0,11.7,82.0,5.0
2023-08-03 00:00:00,3665.49,11.7,82.0,10.6,0.0,5.0,11.7,82.0,5.0
2023-08-03 01:00:00,3732.34,11.7,82.0,10.6,0.0,5.0,11.7,82.0,5.0
2023-08-03 02:00:00,3877.14,11.7,82.0,10.6,0.0,5.0,11.7,82.0,5.0
2023-08-03 03:00:00,4069.6400000000003,11.7,82.0,10.6,0.0,5.0,11.7,82.0,5.0
2023-08-03 04:00:00,4033.37,11.7,82.0,10.6,0.0,5.0,11.7,82.0,5.0
2023-08-03 05:00:00,3892.7,11.7,82.0,10.6,0.0,5.0,11.7,82.0,5.0
2023-08-03 06:00:00,4413.18,11.7,82.0,10.6,0.0,5.0,11.7,82.0,5.0
2023-08-03 07:00:00,4589.5,11.7,82.0,10.6,0.0,5.0,11.7,82.0,5.0
2023-08-03 08:00:00,4823.05,11.7,82.0,10.6,0.0,5.0,11.7,82.0,5.0
2023-08-03 09:00:00,5178.15,11.7,82.0,10.6,0.0,5.0,11.7,82.0,5.0
2023-08-03 10:00:00,5117.2,11.7,82.0,10.6,0.0,5.0,11.7,82.0,5.0
2023-08-03 11:00:00,5339.46,11.7,82.0,10.6,0.0,5.0,11.7,82.0,5.0
2023-08-03 12:00:00,5480.29,11.7,82.0,10.6,0.0,5.0,11.7,82.0,5.0
2023-08-03 13:00:00,5559.01,11.7,82.0,10.6,0.0,5.0,11.7,82.0,5.0
2023-08-03 14:00:00,5556.99,11.7,82.0,10.6,0.0,5.0,11.7,82.0,5.0
2023-08-03 15:00:00,5343.3099999999995,11.7,82.0,10.6,0.0,5.0,11.7,82.0,5.0
2023-08-03 16:00:00,5197.42,11.7,82.0,10.6,0.0,5.0,11.7,82.0,5.0
2023-08-03 17:00:00,5579.11,11.7,82.0,10.6,0.0,5.0,11.7,82.0,5.0
2023-08-03 18:00:00,5879.35,11.7,82.0,10.6,0.0,5.0,11.7,82.0,5.0
2023-08-03 19:00:00,5977.32,11.7,82.0,10.6,0.0,5.0,11.7,82.0,5.0
2023-08-03 20:00:00,5985.7300000000005,11.7,82.0,10.6,0.0,5.0,11.7,82.0,5.0
2023-08-03 21:00:00,5390.44,11.7,82.0,10.6,0.0,5.0,11.7,82.0,5.0
2023-08-03 22:00:00,4663.05,11.7,82.0,10.6,0.0,5.0,11.7,82.0,5.0
2023-08-03 23:00:00,4234.11,11.7,82.0,10.6,0.0,5.0,11.7,82.0,5.0
2023-08-04 00:00:00,3687.62,11.7,82.0,10.6,0.0,5.0,11.7,82.0,5.0
2023-08-04 01:00:00,3746.91,11.7,82.0,10.6,0.0,5.0,11.7,82.0,5.0
2023-08-04 02:00:00,3818.2200000000003,11.7,82.0,10.6,0.0,5.0,11.7,82.0,5.0
2023-08-04 03:00:00,3912.59,11.7,82.0,10.6,0.0,5.0,11.7,82.0,5.0
2023-08-04 04:00:00,3858.1499999999996,11.7,82.0,10.6,0.0,5.0,11.7,82.0,5.0
2023-08-04 05:00:00,3878.9900000000002,11.7,82.0,10.6,0.0,5.0,11.7,82.0,5.0
2023-08-04 06:00:00,4266.17,11.7,82.0,10.6,0.0,5.0,11.7,82.0,5.0
2023-08-04 07:00:00,4627.04,11.7,82.0,10.6,0.0,5.0,11.7,82.0,5.0
2023-08-04 08:00:00,4804.05,11.7,82.0,10.6,0.0,5.0,11.7,82.0,5.0
2023-08-04 09:00:00,5092.27,11.7,82.0,10.6,0.0,5.0,11.7,82.0,5.0
2023-08-04 10:00:00,5300.07,11.7,82.0,10.6,0.0,5.0,11.7,82.0,5.0
2023-08-04 11:00:00,5224.78,11.7,82.0,10.6,0.0,5.0,11.7,82.0,5.0
2023-08-04 12:00:00,5451.05,11.7,82.0,10.6,0.0,5.0,11.7,82.0,5.0
2023-08-04 13:00:00,5525.39,11.7,82.0,10.6,0.0,5.0,11.7,82.0,5.0
2023-08-04 14:00:00,5420.900000000001,11.7,82.0,10.6,0.0,5.0,11.7,82.0,5.0
2023-08-04 15:00:00,5326.2,11.7,82.0,10.6,0.0,5.0,11.7,82.0,5.0
2023-08-04 16:00:00,5106.26,11.7,82.0,10.6,0.0,5.0,11.7,82.0,5.0
2023-08-04 17:00:00,5434.92,11.7,82.0,10.6,0.0,5.0,11.7,82.0,5.0
2023-08-04 18:00:00,5764.29,11.7,82.0,10.6,0.0,5.0,11.7,82.0,5.0
2023-08-04 19:00:00,5929.110000000001,11.7,82.0,10.6,0.0,5.0,11.7,82.0,5.0
2023-08-04 20:00:00,5892.3099999999995,11.7,82.0,10.6,0.0,5.0,11.7,82.0,5.0
2023-08-04 21:00:00,5574.59,11.7,82.0,10.6,0.0,5.0,11.7,82.0,5.0
2023-08-04 22:00:00,4758.76,11.7,82.0,10.6,0.0,5.0,11.7,82.0,5.0
2023-08-04 23:00:00,4390.2,11.7,82.0,10.6,0.0,5.0,11.7,82.0,5.0
2023-08-05 00:00:00,3447.7599999999998,11.7,82.0,10.6,0.0,5.0,11.7,82.0,5.0
2023-08-05 01:00:00,3511.4900000000002,11.7,82.0,10.6,0.0,5.0,11.7,82.0,5.0
2023-08-05 02:00:00,3678.79,11.7,82.0,10.6,0.0,5.0,11.7,82.0,5.0
2023-08-05 03:00:00,3753.48,11.7,82.0,10.6,0.0,5.0,11.7,82.0,5.0
2023-08-05 04:00:00,3772.9900000000002,11.7,82.0,10.6,0.0,5.0,11.7,82.0,5.0
2023-08-05 05:00:00,3766.63,11.7,82.0,10.6,0.0,5.0,11.7,82.0,5.0
2023-08-05 06:00:00,4062.77,11.7,82.0,10.6,0.0,5.0,11.7,82.0,5.0
2023-08-05 07:00:00,4394.4800000000005,11.7,82.0,10.6,0.0,5.0,11.7,82.0,5.0
2023-08-05 08:00:00,4574.63,11.7,82.0,10.6,0.0,5.0,11.7,82.0,5.0
2023-08-05 09:00:00,4888.6900000000005,11.7,82.0,10.6,0.0,5.0,11.7,82.0,5.0
2023-08-05 10:00:00,4931.95,11.7,82.0,10.6,0.0,5.0,11.7,82.0,5.0
2023-08-05 11:00:00,5045.9,11.7,82.0,10.6,0.0,5.0,11.7,82.0,5.0
2023-08-05 12:00:00,5225.23,11.7,82.0,10.6,0.0,5.0,11.7,82.0,5.0
2023-08-05 13:00:00,5304.18,11.7,82.0,10.6,0.0,5.0,11.7,82.0,5.0
2023-08-05 14:00:00,5220.63,11.7,82.0,10.6,0.0,5.0,11.7,82.0,5.0
2023-08-05 15:00:00,5201.49,11.7,82.0,10.6,0.0,5.0,11.7,82.0,5.0
2023-08-05 16:00:00,4823.38,11.7,82.0,10.6,0.0,5.0,11.7,82.0,5.0
2023-08-05 17:00:00,5351.83,11.7,82.0,10.6,0.0,5.0,11.7,82.0,5.0
2023-08-05 18:00:00,5486.83,11.7,82.0,10.6,0.0,5.0,11.7,82.0,5.0
2023-08-05 19:00:00,5674.28,11.7,82.0,10.6,0.0,5.0,11.7,82.0,5.0
2023-08-05 20:00:00,5455.76,11.7,82.0,10.6,0.0,5.0,11.7,82.0,5.0
2023-08-05 21:00:00,5235.5199999999995,11.7,82.0,10.6,0.0,5.0,11.7,82.0,5.0
2023-08-05 22:00:00,4614.62,11.7,82.0,10.6,0.0,5.0,11.7,82.0,5.0
2023-08-05 23:00:00,4024.8900000000003,11.7,82.0,10.6,0.0,5.0,11.7,82.0,5.0
2023-08-06 00:00:00,3316.06,11.7,82.0,10.6,0.0,5.0,11.7,82.0,5.0
2023-08-06 01:00:00,3327.91,11.7,82.0,10.6,0.0,5.0,11.7,82.0,5.0
2023-08-06 02:00:00,3522.0699999999997,11.7,82.0,10.6,0.0,5.0,11.7,82.0,5.0
2023-08-06 03:00:00,3528.7200000000003,11.7,82.0,10.6,0.0,5.0,11.7,82.0,5.0
2023-08-06 04:00:00,3377.98,11.7,82.0,10.6,0.0,5.0,11.7,82.0,5.0
2023-08-06 05:00:00,3580.41,11.7,82.0,10.6,0.0,5.0,11.7,82.0,5.0
2023-08-06 06:00:00,3906.48,11.7,82.0,10.6,0.0,5.0,11.7,82.0,5.0
2023-08-06 07:00:00,4115.610000000001,11.7,82.0,10.6,0.0,5.0,11.7,82.0,5.0
2023-08-06 08:00:00,4479.88,11.7,82.0,10.6,0.0,5.0,11.7,82.0,5.0
2023-08-06 09:00:00,4496.18,11.7,82.0,10.6,0.0,5.0,11.7,82.0,5.0
2023-08-06 10:00:00,4660.13,11.7,82.0,10.6,0.0,5.0,11.7,82.0,5.0
2023-08-06 11:00:00,4882.96,11.7,82.0,10.6,0.0,5.0,11.7,82.0,5.0
2023-08-06 12:00:00,4974.5599999999995,11.7,82.0,10.6,0.0,5.0,11.7,82.0,5.0
2023-08-06 13:00:00,4896.41,11.7,82.0,10.6,0.0,5.0,11.7,82.0,5.0
2023-08-06 14:00:00,4929.73,11.7,82.0,10.6,0.0,5.0,11.7,82.0,5.0
2023-08-06 15:00:00,4812.64,11.7,82.0,10.6,0.0,5.0,11.7,82.0,5.0
2023-08-06 16:00:00,4509.4,11.7,82.0,10.6,0.0,5.0,11.7,82.0,5.0
2023-08-06 17:00:00,5028.18,11.7,82.0,10.6,0.0,5.0,11.7,82.0,5.0
2023-08-06 18:00:00,5121.95,11.7,82.0,10.6,0.0,5.0,11.7,82.0,5.0
2023-08-06 19:00:00,5290.03,11.7,82.0,10.6,0.0,5.0,11.7,82.0,5.0
2023-08-06 20:00:00,5180.75,11.7,82.0,10.6,0.0,5.0,11.7,82.0,5.0
2023-08-06 21:00:00,4739.36,11.7,82.0,10.6,0.0,5.0,11.7,82.0,5.0
2023-08-06 22:00:00,4271.32,11.7,82.0,10.6,0.0,5.0,11.7,82.0,5.0
2023-08-06 23:00:00,3944.27,11.7,82.0,10.6,0.0,5.0,11.7,82.0,5.0
2023-08-07 00:00:00,3754.07,11.7,82.0,10.6,0.0,5.0,11.7,82.0,5.0
2023-08-07 01:00:00,3800.11,11.7,82.0,10.6,0.0,5.0,11.7,82.0,5.0
2023-08-07 02:00:00,3812.21,11.7,82.0,10.6,0.0,5.0,11.7,82.0,5.0
2023-08-07 03:00:00,3912.45,11.7,82.0,10.6,0.0,5.0,11.7,82.0,5.0
2023-08-07 04:00:00,3801.06,11.7,82.0,10.6,0.0,5.0,11.7,82.0,5.0
2023-08-07 05:00:00,3837.32,11.7,82.0,10.6,0.0,5.0,11.7,82.0,5.0
2023-08-07 06:00:00,4314.02,11.7,82.0,10.6,0.0,5.0,11.7,82.0,5.0
2023-08-07 07:00:00,4413.68,11.7,82.0,10.6,0.0,5.0,11.7,82.0,5.0
2023-08-07 08:00:00,4761.610000000001,11.7,82.0,10.6,0.0,5.0,11.7,82.0,5.0
2023-08-07 09:00:00,5264.900000000001,11.7,82.0,10.6,0.0,5.0,11.7,82.0,5.0
2023-08-07 10:00:00,4998.110000000001,11.7,82.0,10.6,0.0,5.0,11.7,82.0,5.0
2023-08-07 11:00:00,5272.36,11.7,82.0,10.6,0.0,5.0,11.7,82.0,5.0
2023-08-07 12:00:00,5389.94,11.7,82.0,10.6,0.0,5.0,11.7,82.0,5.0
2023-08-07 13:00:00,5399.92,11.7,82.0,10.6,0.0,5.0,11.7,82.0,5.0
2023-08-07 14:00:00,5401.41,11.7,82.0,10.6,0.0,5.0,11.7,82.0,5.0
2023-08-07 15:00:00,5320.47,11.7,82.0,10.6,0.0,5.0,11.7,82.0,5.0
2023-08-07 16:00:00,5116.55,11.7,82.0,10.6,0.0,5.0,11.7,82.0,5.0
2023-08-07 17:00:00,5412.73,11.7,82.0,10.6,0.0,5.0,11.7,82.0,5.0
2023-08-07 18:00:00,5653.07,11.7,82.0,10.6,0.0,5.0,11.7,82.0,5.0
2023-08-07 19:00:00,5968.27,11.7,82.0,10.6,0.0,5.0,11.7,82.0,5.0
2023-08-07 20:00:00,5759.68,11.7,82.0,10.6,0.0,5.0,11.7,82.0,5.0
2023-08-07 21:00:00,5372.51,11.7,82.0,10.6,0.0,5.0,11.7,82.0,5.0
2023-08-07 22:00:00,4802.2,11.7,82.0,10.6,0.0,5.0,11.7,82.0,5.0
2023-08-07 23:00:00,4298.65,11.7,82.0,10.6,0.0,5.0,11.7,82.0,5.0
2023-08-08 00:00:00,3670.37,11.7,82.0,10.6,0.0,5.0,11.7,82.0,5.0
2023-08-08 01:00:00,3733.53,11.7,82.0,10.6,0.0,5.0,11.7,82.0,5.0
2023-08-08 02:00:00,3875.77,11.7,82.0,10.6,0.0,5.0,11.7,82.0,5.0
2023-08-08 03:00:00,3877.39,11.7,82.0,10.6,0.0,5.0,11.7,82.0,5.0
2023-08-08 04:00:00,3809.1400000000003,11.7,82.0,10.6,0.0,5.0,11.7,82.0,5.0
2023-08-08 05:00:00,3949.63,11.7,82.0,10.6,0.0,5.0,11.7,82.0,5.0
2023-08-08 06:00:00,4100.13,11.7,82.0,10.6,0.0,5.0,11.7,82.0,5.0
2023-08-08 07:00:00,4617.13,11.7,82.0,10.6,0.0,5.0,11.7,82.0,5.0
2023-08-08 08:00:00,4718.6900000000005,11.7,82.0,10.6,0.0,5.0,11.7,82.0,5.0
2023-08-08 09:00:00,5029.5,11.7,82.0,10.6,0.0,5.0,11.7,82.0,5.0
2023-08-08 10:00:00,5215.6900000000005,11.7,82.0,10.6,0.0,5.0,11.7,82.0,5.0
2023-08-08 11:00:00,5135.28,11.7,82.0,10.6,0.0,5.0,11.7,82.0,5.0
2023-08-08 12:00:00,5352.8,11.7,82.0,10.6,0.0,5.0,11.7,82.0,5.0
2023-08-08 13:00:00,5506.0199999999995,11.7,82.0,10.6,0.0,5.0,11.7,82.0,5.0
2023-08-08 14:00:00,5253.87,11.7,82.0,10.6,0.0,5.0,11.7,82.0,5.0
2023-08-08 15:00:00,5182.41,11.7,82.0,10.6,0.0,5.0,11.7,82.0,5.0
2023-08-08 16:00:00,4981.79,11.7,82.0,10.6,0.0,5.0,11.7,82.0,5.0
2023-08-08 17:00:00,5359.03,11.7,82.0,10.6,0.0,5.0,11.7,82.0,5.0
2023-08-08 18:00:00,5590.0,11.7,82.0,10.6,0.0,5.0,11.7,82.0,5.0
2023-08-08 19:00:00,5932.74,11.7,82.0,10.6,0.0,5.0,11.7,82.0,5.0
2023-08-08 20:00:00,5730.7300000000005,11.7,82.0,10.6,0.0,5.0,11.7,82.0,5.0
2023-08-08 21:00:00,5336.6,11.7,82.0,10.6,0.0,5.0,11.7,82.0,5.0
2023-08-08 22:00:00,4757.33,11.7,82.0,10.6,0.0,5.0,11.7,82.0,5.0
2023-08-08 23:00:00,3977.88,11.7,82.0,10.6,0.0,5.0,11.7,82.0,5.0
2023-08-09 00:00:00,3473.83,11.7,82.0,10.6,0.0,5.0,11.7,82.0,5.0
2023-08-09 01:00:00,3672.0299999999997,11.7,82.0,10.6,0.0,5.0,11.7,82.0,5.0
2023-08-09 02:00:00,3869.08,11.7,82.0,10.6,0.0,5.0,11.7,82.0,5.0
2023-08-09 03:00:00,3786.33,11.7,82.0,10.6,0.0,5.0,11.7,82.0,5.0
2023-08-09 04:00:00,3822.67,11.7,82.0,10.6,0.0,5.0,11.7,82.0,5.0
2023-08-09 05:00:00,3732.69,11.7,82.0,10.6,0.0,5.0,11.7,82.0,5.0
2023-08-09 06:00:00,4184.63,11.7,82.0,10.6,0.0,5.0,11.7,82.0,5.0
2023-08-09 07:00:00,4557.28,11.7,82.0,10.6,0.0,5.0,11.7,82.0,5.0
2023-08-09 08:00:00,4667.139999999999,11.7,82.0,10.6,0.0,5.0,11.7,82.0,5.0
2023-08-09 09:00:00,5089.3,11.7,82.0,10.6,0.0,5.0,11.7,82.0,5.0
2023-08-09 10:00:00,5027.95,11.7,82.0,10.6,0.0,5.0,11.7,82.0,5.0
2023-08-09 11:00:00,5102.87,11.7,82.0,10.6,0.0,5.0,11.7,82.0,5.0
2023-08-09 12:00:00,5339.4,11.7,82.0,10.6,0.0,5.0,11.7,82.0,5.0
2023-08-09 13:00:00,5401.84,11.7,82.0,10.6,0.0,5.0,11.7,82.0,5.0
2023-08-09 14:00:00,5329.59,11.7,82.0,10.6,0.0,5.0,11.7,82.0,5.0
2023-08-09 15:00:00,5301.42,11.7,82.0,10.6,0.0,5.0,11.7,82.0,5.0
2023-08-09 16:00:00,4961.42,11.7,82.0,10.6,0.0,5.0,11.7,82.0,5.0
2023-08-09 17:00:00,5344.070000000001,11.7,82.0,10.6,0.0,5.0,11.7,82.0,5.0
2023-08-09 18:00:00,5764.349999999999,11.7,82.0,10.6,0.0,5.0,11.7,82.0,5.0
2023-08-09 19:00:00,5820.92,11.7,82.0,10.6,0.0,5.0,11.7,82.0,5.0
2023-08-09 20:00:00,5632.27,11.7,82.0,10.6,0.0,5.0,11.7,82.0,5.0
2023-08-09 21:00:00,5331.89,11.7,82.0,10.6,0.0,5.0,11.7,82.0,5.0
2023-08-09 22:00:00,4501.3099999999995,11.7,82.0,10.6,0.0,5.0,11.7,82.0,5.0
2023-08-09 23:00:00,4164.01,11.7,82.0,10.6,0.0,5.0,11.7,82.0,5.0
2023-08-10 00:00:00,3557.67,11.7,82.0,10.6,0.0,5.0,11.7,82.0,5.0
2023-08-10 01:00:00,3625.94,11.7,82.0,10.6,0.0,5.0,11.7,82.0,5.0
2023-08-10 02:00:00,3757.23,11.7,82.0,10.6,0.0,5.0,11.7,82.0,5.0
2023-08-10 03:00:00,3977.0299999999997,11.7,82.0,10.6,0.0,5.0,11.7,82.0,5.0
2023-08-10 04:00:00,3883.7200000000003,11.7,82.0,10.6,0.0,5.0,11.7,82.0,5.0
2023-08-10 05:00:00,3748.17,11.7,82.0,10.6,0.0,5.0,11.7,82.0,5.0
2023-08-10 06:00:00,4146.29,11.7,82.0,10.6,0.0,5.0,11.7,82.0,5.0
2023-08-10 07:00:00,4346.17,11.7,82.0,10.6,0.0,5.0,11.7,82.0,5.0
2023-08-10 08:00:00,4762.45,11.7,82.0,10.6,0.0,5.0,11.7,82.0,5.0
2023-08-10 09:00:00,5047.4400000000005,11.7,82.0,10.6,0.0,5.0,11.7,82.0,5.0
2023-08-10 10:00:00,4960.54,11.7,82.0,10.6,0.0,5.0,11.7,82.0,5.0
2023-08-10 11:00:00,5238.17,11.7,82.0,10.6,0.0,5.0,11.7,82.0,5.0
2023-08-10 12:00:00,5455.5599999999995,11.7,82.0,10.6,0.0,5.0,11.7,82.0,5.0
2023-08-10 13:00:00,5308.34,11.7,82.0,10.6,0.0,5.0,11.7,82.0,5.0
2023-08-10 14:00:00,5109.28,11.7,82.0,10.6,0.0,5.0,11.7,82.0,5.0
2023-08-10 15:00:00,5245.52,11.7,82.0,10.6,0.0,5.0,11.7,82.0,5.0
2023-08-10 16:00:00,5079.46,11.7,82.0,10.6,0.0,5.0,11.7,82.0,5.0
2023-08-10 17:00:00,5516.78,11.7,82.0,10.6,0.0,5.0,11.7,82.0,5.0
2023-08-10 18:00:00,5723.33,11.7,82.0,10.6,0.0,5.0,11.7,82.0,5.0
2023-08-10 19:00:00,5967.58,11.7,82.0,10.6,0.0,5.0,11.7,82.0,5.0
2023-08-10 20:00:00,5726.31,11.7,82.0,10.6,0.0,5.0,11.7,82.0,5.0
2023-08-10 21:00:00,5395.1,11.7,82.0,10.6,0.0,5.0,11.7,82.0,5.0
2023-08-10 22:00:00,4589.05,11.7,82.0,10.6,0.0,5.0,11.7,82.0,5.0
2023-08-10 23:00:00,4227.29,11.7,82.0,10.6,0.0,5.0,11.7,82.0,5.0
2023-08-11 00:00:00,3451.41,11.7,82.0,10.6,0.0,5.0,11.7,82.0,5.0
2023-08-11 01:00:00,3753.69,11.7,82.0,10.6,0.0,5.0,11.7,82.0,5.0
2023-08-11 02:00:00,3639.53,11.7,82.0,10.6,0.0,5.0,11.7,82.0,5.0
2023-08-11 03:00:00,3899.66,11.7,82.0,10.6,0.0,5.0,11.7,82.0,5.0
2023-08-11 04:00:00,3682.77,11.7,82.0,10.6,0.0,5.0,11.7,82.0,5.0
2023-08-11 05:00:00,3771.67,11.7,82.0,10.6,0.0,5.0,11.7,82.0,5.0
2023-08-11 06:00:00,4025.4300000000003,11.7,82.0,10.6,0.0,5.0,11.7,82.0,5.0
2023-08-11 07:00:00,4422.2,11.7,82.0,10.6,0.0,5.0,11.7,82.0,5.0
2023-08-11 08:00:00,4763.33,11.7,82.0,10.6,0.0,5.0,11.7,82.0,5.0
2023-08-11 09:00:00,4988.22,11.7,82.0,10.6,0.0,5.0,11.7,82.0,5.0
2023-08-11 10:00:00,5085.68,11.7,82.0,10.6,0.0,5.0,11.7,82.0,5.0
2023-08-11 11:00:00,5200.74,11.7,82.0,10.6,0.0,5.0,11.7,82.0,5.0
2023-08-11 12:00:00,5452.3,11.7,82.0,10.6,0.0,5.0,11.7,82.0,5.0
2023-08-11 13:00:00,5173.49,11.7,82.0,10.6,0.0,5.0,11.7,82.0,5.0
2023-08-11 14:00:00,5251.61,11.7,82.0,10.6,0.0,5.0,11.7,82.0,5.0
2023-08-11 15:00:00,5215.8,11.7,82.0,10.6,0.0,5.0,11.7,82.0,5.0
2023-08-11 16:00:00,5065.47,11.7,82.0,10.6,0.0,5.0,11.7,82.0,5.0
2023-08-11 17:00:00,5348.83,11.7,82.0,10.6,0.0,5.0,11.7,82.0,5.0
2023-08-11 18:00:00,5589.259999999999,11.7,82.0,10.6,0.0,5.0,11.7,82.0,5.0
2023-08-11 19:00:00,5754.32,11.7,82.0,10.6,0.0,5.0,11.7,82.0,5.0
2023-08-11 20:00:00,5725.58,11.7,82.0,10.6,0.0,5.0,11.7,82.0,5.0
2023-08-11 21:00:00,5440.68,11.7,82.0,10.6,0.0,5.0,11.7,82.0,5.0
2023-08-11 22:00:00,4562.67,11.7,82.0,10.6,0.0,5.0,11.7,82.0,5.0
2023-08-11 23:00:00,4091.4900000000002,11.7,82.0,10.6,0.0,5.0,11.7,82.0,5.0
2023-08-12 00:00:00,3459.87,11.7,82.0,10.6,0.0,5.0,11.7,82.0,5.0
2023-08-12 01:00:00,3458.2,11.7,82.0,10.6,0.0,5.0,11.7,82.0,5.0
2023-08-12 02:00:00,3552.25,11.7,82.0,10.6,0.0,5.0,11.7,82.0,5.0
2023-08-12 03:00:00,3624.15,11.7,82.0,10.6,0.0,5.0,11.7,82.0,5.0
2023-08-12 04:00:00,3698.9,11.7,82.0,10.6,0.0,5.0,11.7,82.0,5.0
2023-08-12 05:00:00,3780.46,11.7,82.0,10.6,0.0,5.0,11.7,82.0,5.0
2023-08-12 06:00:00,4095.34,11.7,82.0,10.6,0.0,5.0,11.7,82.0,5.0
2023-08-12 07:00:00,4272.14,11.7,82.0,10.6,0.0,5.0,11.7,82.0,5.0
2023-08-12 08:00:00,4399.34,11.7,82.0,10.6,0.0,5.0,11.7,82.0,5.0
2023-08-12 09:00:00,4739.78,11.7,82.0,10.6,0.0,5.0,11.7,82.0,5.0
2023-08-12 10:00:00,4920.17,11.7,82.0,10.6,0.0,5.0,11.7,82.0,5.0
2023-08-12 11:00:00,4778.4800000000005,11.7,82.0,10.6,0.0,5.0,11.7,82.0,5.0
2023-08-12 12:00:00,5054.46,11.7,82.0,10.6,0.0,5.0,11.7,82.0,5.0
2023-08-12 13:00:00,5174.87,11.7,82.0,10.6,0.0,5.0,11.7,82.0,5.0
2023-08-12 14:00:00,5156.66,11.7,82.0,10.6,0.0,5.0,11.7,82.0,5.0
2023-08-12 15:00:00,4910.42,11.7,82.0,10.6,0.0,5.0,11.7,82.0,5.0
2023-08-12 16:00:00,4854.99,11.7,82.0,10.6,0.0,5.0,11.7,82.0,5.0
2023-08-12 17:00:00,5144.99,11.7,82.0,10.6,0.0,5.0,11.7,82.0,5.0
2023-08-12 18:00:00,5523.6900000000005,11.7,82.0,10.6,0.0,5.0,11.7,82.0,5.0
2023-08-12 19:00:00,5495.29,11.7,82.0,10.6,0.0,5.0,11.7,82.0,5.0
2023-08-12 20:00:00,5394.03,11.7,82.0,10.6,0.0,5.0,11.7,82.0,5.0
2023-08-12 21:00:00,5084.19,11.7,82.0,10.6,0.0,5.0,11.7,82.0,5.0
2023-08-12 22:00:00,4462.18,11.7,82.0,10.6,0.0,5.0,11.7,82.0,5.0
2023-08-12 23:00:00,3952.63,11.7,82.0,10.6,0.0,5.0,11.7,82.0,5.0
2023-08-13 00:00:00,3156.09,11.7,82.0,10.6,0.0,5.0,11.7,82.0,5.0
2023-08-13 01:00:00,3422.21,11.7,82.0,10.6,0.0,5.0,11.7,82.0,5.0
2023-08-13 02:00:00,3422.18,11.7,82.0,10.6,0.0,5.0,11.7,82.0,5.0
2023-08-13 03:00:00,3307.04,11.7,82.0,10.6,0.0,5.0,11.7,82.0,5.0
2023-08-13 04:00:00,3490.92,11.7,82.0,10.6,0.0,5.0,11.7,82.0,5.0
2023-08-13 05:00:00,3446.51,11.7,82.0,10.6,0.0,5.0,11.7,82.0,5.0
2023-08-13 06:00:00,3735.9900000000002,11.7,82.0,10.6,0.0,5.0,11.7,82.0,5.0
2023-08-13 07:00:00,4002.72,11.7,82.0,10.6,0.0,5.0,11.7,82.0,5.0
2023-08-13 08:00:00,4283.860000000001,11.7,82.0,10.6,0.0,5.0,11.7,82.0,5.0
2023-08-13 09:00:00,4486.08,11.7,82.0,10.6,0.0,5.0,11.7,82.0,5.0
2023-08-13 10:00:00,4441.17,11.7,82.0,10.6,0.0,5.0,11.7,82.0,5.0
2023-08-13 11:00:00,4657.5599999999995,11.7,82.0,10.6,0.0,5.0,11.7,82.0,5.0
2023-08-13 12:00:00,4828.62,11.7,82.0,10.6,0.0,5.0,11.7,82.0,5.0
2023-08-13 13:00:00,4687.3,11.7,82.0,10.6,0.0,5.0,11.7,82.0,5.0
2023-08-13 14:00:00,4679.4,11.7,82.0,10.6,0.0,5.0,11.7,82.0,5.0
2023-08-13 15:00:00,4633.49,11.7,82.0,10.6,0.0,5.0,11.7,82.0,5.0
2023-08-13 16:00:00,4375.3,11.7,82.0,10.6,0.0,5.0,11.7,82.0,5.0
2023-08-13 17:00:00,4764.35,11.7,82.0,10.6,0.0,5.0,11.7,82.0,5.0
2023-08-13 18:00:00,4969.23,11.7,82.0,10.6,0.0,5.0,11.7,82.0,5.0
2023-08-13 19:00:00,5210.64,11.7,82.0,10.6,0.0,5.0,11.7,82.0,5.0
2023-08-13 20:00:00,5049.6,11.7,82.0,10.6,0.0,5.0,11.7,82.0,5.0
2023-08-13 21:00:00,4899.56,11.7,82.0,10.6,0.0,5.0,11.7,82.0,5.0
2023-08-13 22:00:00,4262.59,11.7,82.0,10.6,0.0,5.0,11.7,82.0,5.0
2023-08-13 23:00:00,4012.35,11.7,82.0,10.6,0.0,5.0,11.7,82.0,5.0
2023-08-14 00:00:00,3429.66,11.7,82.0,10.6,0.0,5.0,11.7,82.0,5.0
2023-08-14 01:00:00,3635.06,11.7,82.0,10.6,0.0,5.0,11.7,82.0,5.0
2023-08-14 02:00:00,3784.14,11.7,82.0,10.6,0.0,5.0,11.7,82.0,5.0
2023-08-14 03:00:00,3871.9100000000003,11.7,82.0,10.6,0.0,5.0,11.7,82.0,5.0
2023-08-14 04:00:00,3743.13,11.7,82.0,10.6,0.0,5.0,11.7,82.0,5.0
2023-08-14 05:00:00,3717.34,11.7,82.0,10.6,0.0,5.0,11.7,82.0,5.0
2023-08-14 06:00:00,4004.7799999999997,11.7,82.0,10.6,0.0,5.0,11.7,82.0,5.0
2023-08-14 07:00:00,4414.02,11.7,82.0,10.6,0.0,5.0,11.7,82.0,5.0
2023-08-14 08:00:00,4763.889999999999,11.7,82.0,10.6,0.0,5.0,11.7,82.0,5.0
2023-08-14 09:00:00,4947.44,11.7,82.0,10.6,0.0,5.0,11.7,82.0,5.0
2023-08-14 10:00:00,5088.5599999999995,11.7,82.0,10.6,0.0,5.0,11.7,82.0,5.0
2023-08-14 11:00:00,5051.89,11.7,82.0,10.6,0.0,5.0,11.7,82.0,5.0
2023-08-14 12:00:00,5266.2699999999995,11.7,82.0,10.6,0.0,5.0,11.7,82.0,5.0
2023-08-14 13:00:00,5312.19,11.7,82.0,10.6,0.0,5.0,11.7,82.0,5.0
2023-08-14 14:00:00,5265.26,11.7,82.0,10.6,0.0,5.0,11.7,82.0,5.0
2023-08-14 15:00:00,5226.68,11.7,82.0,10.6,0.0,5.0,11.7,82.0,5.0
2023-08-14 16:00:00,4992.67,11.7,82.0,10.6,0.0,5.0,11.7,82.0,5.0
2023-08-14 17:00:00,5375.26,11.7,82.0,10.6,0.0,5.0,11.7,82.0,5.0
2023-08-14 18:00:00,5505.37,11.7,82.0,10.6,0.0,5.0,11.7,82.0,5.0
2023-08-14 19:00:00,5750.46,11.7,82.0,10.6,0.0,5.0,11.7,82.0,5.0
2023-08-14 20:00:00,5617.55,11.7,82.0,10.6,0.0,5.0,11.7,82.0,5.0
2023-08-14 21:00:00,5466.12,11.7,82.0,10.6,0.0,5.0,11.7,82.0,5.0
2023-08-14 22:00:00,4558.54,11.7,82.0,10.6,0.0,5.0,11.7,82.0,5.0
2023-08-14 23:00:00,4202.63,11.7,82.0,10.6,0.0,5.0,11.7,82.0,5.0
2023-08-15 00:00:00,3577.77,11.7,82.0,10.6,0.0,5.0,11.7,82.0,5.0
2023-08-15 01:00:00,3471.65,11.7,82.0,10.6,0.0,5.0,11.7,82.0,5.0
2023-08-15 02:00:00,3696.9700000000003,11.7,82.0,10.6,0.0,5.0,11.7,82.0,5.0
2023-08-15 03:00:00,3747.63,11.7,82.0,10.6,0.0,5.0,11.7,82.0,5.0
2023-08-15 04:00:00,3581.43,11.7,82.0,10.6,0.0,5.0,11.7,82.0,5.0
2023-08-15 05:00:00,3732.58,11.7,82.0,10.6,0.0,5.0,11.7,82.0,5.0
2023-08-15 06:00:00,3904.67,11.7,82.0,10.6,0.0,5.0,11.7,82.0,5.0
2023-08-15 07:00:00,4479.74,11.7,82.0,10.6,0.0,5.0,11.7,82.0,5.0
2023-08-15 08:00:00,4473.24,11.7,82.0,10.6,0.0,5.0,11.7,82.0,5.0
2023-08-15 09:00:00,5020.24,11.7,82.0,10.6,0.0,5.0,11.7,82.0,5.0
2023-08-15 10:00:00,4983.38,11.7,82.0,10.6,0.0,5.0,11.7,82.0,5.0
2023-08-15 11:00:00,5134.18,11.7,82.0,10.6,0.0,5.0,11.7,82.0,5.0
2023-08-15 12:00:00,5250.85,11.7,82.0,10.6,0.0,5.0,11.7,82.0,5.0
2023-08-15 13:00:00,5409.32,11.7,82.0,10.6,0.0,5.0,11.7,82.0,5.0
2023-08-15 14:00:00,5168.9,11.7,82.0,10.6,0.0,5.0,11.7,82.0,5.0
2023-08-15 15:00:00,5130.56,11.7,82.0,10.6,0.0,5.0,11.7,82.0,5.0
2023-08-15 16:00:00,4823.87,11.7,82.0,10.6,0.0,5.0,11.7,82.0,5.0
2023-08-15 17:00:00,5221.4,11.7,82.0,10.6,0.0,5.0,11.7,82.0,5.0
2023-08-15 18:00:00,5452.38,11.7,82.0,10.6,0.0,5.0,11.7,82.0,5.0
2023-08-15 19:00:00,5604.62,11.7,82.0,10.6,0.0,5.0,11.7,82.0,5.0
2023-08-15 20:00:00,5700.7,11.7,82.0,10.6,0.0,5.0,11.7,82.0,5.0
2023-08-15 21:00:00,5262.8,11.7,82.0,10.6,0.0,5.0,11.7,82.0,5.0
2023-08-15 22:00:00,4576.64,11.7,82.0,10.6,0.0,5.0,11.7,82.0,5.0
2023-08-15 23:00:00,4162.35,11.7,82.0,10.6,0.0,5.0,11.7,82.0,5.0
2023-08-16 00:00:00,3446.96,11.7,82.0,10.6,0.0,5.0,11.7,82.0,5.0
2023-08-16 01:00:00,3542.98,11.7,82.0,10.6,0.0,5.0,11.7,82.0,5.0
2023-08-16 02:00:00,3606.52,11.7,82.0,10.6,0.0,5.0,11.7,82.0,5.0
2023-08-16 03:00:00,3741.4700000000003,11.7,82.0,10.6,0.0,5.0,11.7,82.0,5.0
2023-08-16 04:00:00,3733.88,11.7,82.0,10.6,0.0,5.0,11.7,82.0,5.0
2023-08-16 05:00:00,3711.7000000000003,11.7,82.0,10.6,0.0,5.0,11.7,82.0,5.0
2023-08-16 06:00:00,4036.62,11.7,82.0,10.6,0.0,5.0,11.7,82.0,5.0
2023-08-16 07:00:00,4347.86,11.7,82.0,10.6,0.0,5.0,11.7,82.0,5.0
2023-08-16 08:00:00,4698.7699999999995,11.7,82.0,10.6,0.0,5.0,11.7,82.0,5.0
2023-08-16 09:00:00,4951.4,11.7,82.0,10.6,0.0,5.0,11.7,82.0,5.0
2023-08-16 10:00:00,4996.24,11.7,82.0,10.6,0.0,5.0,11.7,82.0,5.0
2023-08-16 11:00:00,5259.69,11.7,82.0,10.6,0.0,5.0,11.7,82.0,5.0
2023-08-16 12:00:00,5202.0199999999995,11.7,82.0,10.6,0.0,5.0,11.7,82.0,5.0
2023-08-16 13:00:00,5411.55,11.7,82.0,10.6,0.0,5.0,11.7,82.0,5.0
2023-08-16 14:00:00,5060.85,11.7,82.0,10.6,0.0,5.0,11.7,82.0,5.0
2023-08-16 15:00:00,5129.83,11.7,82.0,10.6,0.0,5.0,11.7,82.0,5.0
2023-08-16 16:00:00,5005.39,11.7,82.0,10.6,0.0,5.0,11.7,82.0,5.0
2023-08-16 17:00:00,5287.42,11.7,82.0,10.6,0.0,5.0,11.7,82.0,5.0
2023-08-16 18:00:00,5741.85,11.7,82.0,10.6,0.0,5.0,11.7,82.0,5.0
2023-08-16 19:00:00,5649.429999999999,11.7,82.0,10.6,0.0,5.0,11.7,82.0,5.0
2023-08-16 20:00:00,5477.19,11.7,82.0,10.6,0.0,5.0,11.7,82.0,5.0
2023-08-16 21:00:00,5156.06,11.7,82.0,10.6,0.0,5.0,11.7,82.0,5.0
2023-08-16 22:00:00,4579.77,11.7,82.0,10.6,0.0,5.0,11.7,82.0,5.0
2023-08-16 23:00:00,4156.63,11.7,82.0,10.6,0.0,5.0,11.7,82.0,5.0
2023-08-17 00:00:00,3505.77,11.7,82.0,10.6,0.0,5.0,11.7,82.0,5.0
2023-08-17 01:00:00,3586.5,11.7,82.0,10.6,0.0,5.0,11.7,82.0,5.0
2023-08-17 02:00:00,3721.03,11.7,82.0,10.6,0.0,5.0,11.7,82.0,5.0
2023-08-17 03:00:00,3614.9900000000002,11.7,82.0,10.6,0.0,5.0,11.7,82.0,5.0
2023-08-17 04:00:00,3655.83,11.7,82.0,10.6,0.0,5.0,11.7,82.0,5.0
2023-08-17 05:00:00,3794.6800000000003,11.7,82.0,10.6,0.0,5.0,11.7,82.0,5.0
2023-08-17 06:00:00,4089.46,11.7,82.0,10.6,0.0,5.0,11.7,82.0,5.0
2023-08-17 07:00:00,4377.11,11.7,82.0,10.6,0.0,5.0,11.7,82.0,5.0
2023-08-17 08:00:00,4495.47,11.7,82.0,10.6,0.0,5.0,11.7,82.0,5.0
2023-08-17 09:00:00,4869.85,11.7,82.0,10.6,0.0,5.0,11.7,82.0,5.0
2023-08-17 10:00:00,4997.27,11.7,82.0,10.6,0.0,5.0,11.7,82.0,5.0
2023-08-17 11:00:00,5029.34,11.7,82.0,10.6,0.0,5.0,11.7,82.0,5.0
2023-08-17 12:00:00,5101.7,11.7,82.0,10.6,0.0,5.0,11.7,82.0,5.0
2023-08-17 13:00:00,5312.0599999999995,11.7,82.0,10.6,0.0,5.0,11.7,82.0,5.0
2023-08-17 14:00:00,5344.74,11.7,82.0,10.6,0.0,5.0,11.7,82.0,5.0
2023-08-17 15:00:00,5025.51,11.7,82.0,10.6,0.0,5.0,11.7,82.0,5.0
2023-08-17 16:00:00,4954.14,11.7,82.0,10.6,0.0,5.0,11.7,82.0,5.0
2023-08-17 17:00:00,5315.72,11.7,82.0,10.6,0.0,5.0,11.7,82.0,5.0
2023-08-17 18:00:00,5452.89,11.7,82.0,10.6,0.0,5.0,11.7,82.0,5.0
2023-08-17 19:00:00,5650.21,11.7,82.0,10.6,0.0,5.0,11.7,82.0,5.0
2023-08-17 20:00:00,5513.03,11.7,82.0,10.6,0.0,5.0,11.7,82.0,5.0
2023-08-17 21:00:00,5239.86,11.7,82.0,10.6,0.0,5.0,11.7,82.0,5.0
2023-08-17 22:00:00,4366.18,11.7,82.0,10.6,0.0,5.0,11.7,82.0,5.0
2023-08-17 23:00:00,4063.87,11.7,82.0,10.6,0.0,5.0,11.7,82.0,5.0
2023-08-18 00:00:00,3506.72,11.7,82.0,10.6,0.0,5.0,11.7,82.0,5.0
2023-08-18 01:00:00,3684.61,11.7,82.0,10.6,0.0,5.0,11.7,82.0,5.0
2023-08-18 02:00:00,3683.03,11.7,82.0,10.6,0.0,5.0,11.7,82.0,5.0
2023-08-18 03:00:00,3677.33,11.7,82.0,10.6,0.0,5.0,11.7,82.0,5.0
2023-08-18 04:00:00,3720.53,11.7,82.0,10.6,0.0,5.0,11.7,82.0,5.0
2023-08-18 05:00:00,3713.53,11.7,82.0,10.6,0.0,5.0,11.7,82.0,5.0
2023-08-18 06:00:00,4235.32,11.7,82.0,10.6,0.0,5.0,11.7,82.0,5.0
2023-08-18 07:00:00,4236.07,11.7,82.0,10.6,0.0,5.0,11.7,82.0,5.0
2023-08-18 08:00:00,4637.42,11.7,82.0,10.6,0.0,5.0,11.7,82.0,5.0
2023-08-18 09:00:00,5093.22,11.7,82.0,10.6,0.0,5.0,11.7,82.0,5.0
2023-08-18 10:00:00,4807.55,11.7,82.0,10.6,0.0,5.0,11.7,82.0,5.0
2023-08-18 11:00:00,5113.71,11.7,82.0,10.6,0.0,5.0,11.7,82.0,5.0
2023-08-18 12:00:00,5076.55,11.7,82.0,10.6,0.0,5.0,11.7,82.0,5.0
2023-08-18 13:00:00,5201.1,11.7,82.0,10.6,0.0,5.0,11.7,82.0,5.0
2023-08-18 14:00:00,5071.76,11.7,82.0,10.6,0.0,5.0,11.7,82.0,5.0
2023-08-18 15:00:00,5102.08,11.7,82.0,10.6,0.0,5.0,11.7,82.0,5.0
2023-08-18 16:00:00,4901.21,11.7,82.0,10.6,0.0,5.0,11.7,82.0,5.0
2023-08-18 17:00:00,5101.01,11.7,82.0,10.6,0.0,5.0,11.7,82.0,5.0
2023-08-18 18:00:00,5613.610000000001,11.7,82.0,10.6,0.0,5.0,11.7,82.0,5.0
2023-08-18 19:00:00,5634.5599999999995,11.7,82.0,10.6,0.0,5.0,11.7,82.0,5.0
2023-08-18 20:00:00,5641.34,11.7,82.0,10.6,0.0,5.0,11.7,82.0,5.0
2023-08-18 21:00:00,5301.2,11.7,82.0,10.6,0.0,5.0,11.7,82.0,5.0
2023-08-18 22:00:00,4466.76,11.7,82.0,10.6,0.0,5.0,11.7,82.0,5.0
2023-08-18 23:00:00,4093.9700000000003,11.7,82.0,10.6,0.0,5.0,11.7,82.0,5.0
2023-08-19 00:00:00,3225.95,11.7,82.0,10.6,0.0,5.0,11.7,82.0,5.0
2023-08-19 01:00:00,3565.86,11.7,82.0,10.6,0.0,5.0,11.7,82.0,5.0
2023-08-19 02:00:00,3540.62,11.7,82.0,10.6,0.0,5.0,11.7,82.0,5.0
2023-08-19 03:00:00,3624.6000000000004,11.7,82.0,10.6,0.0,5.0,11.7,82.0,5.0
2023-08-19 04:00:00,3489.33,11.7,82.0,10.6,0.0,5.0,11.7,82.0,5.0
2023-08-19 05:00:00,3608.94,11.7,82.0,10.6,0.0,5.0,11.7,82.0,5.0
2023-08-19 06:00:00,3837.0499999999997,11.7,82.0,10.6,0.0,5.0,11.7,82.0,5.0
2023-08-19 07:00:00,4109.8099999999995,11.7,82.0,10.6,0.0,5.0,11.7,82.0,5.0
2023-08-19 08:00:00,4397.07,11.7,82.0,10.6,0.0,5.0,11.7,82.0,5.0
2023-08-19 09:00:00,4820.24,11.7,82.0,10.6,0.0,5.0,11.7,82.0,5.0
2023-08-19 10:00:00,4653.31,11.7,82.0,10.6,0.0,5.0,11.7,82.0,5.0
2023-08-19 11:00:00,4832.3,11.7,82.0,10.6,0.0,5.0,11.7,82.0,5.0
2023-08-19 12:00:00,4862.88,11.7,82.0,10.6,0.0,5.0,11.7,82.0,5.0
2023-08-19 13:00:00,4992.87,11.7,82.0,10.6,0.0,5.0,11.7,82.0,5.0
2023-08-19 14:00:00,4905.36,11.7,82.0,10.6,0.0,5.0,11.7,82.0,5.0
2023-08-19 15:00:00,4780.389999999999,11.7,82.0,10.6,0.0,5.0,11.7,82.0,5.0
2023-08-19 16:00:00,4660.54,11.7,82.0,10.6,0.0,5.0,11.7,82.0,5.0
2023-08-19 17:00:00,5010.35,11.7,82.0,10.6,0.0,5.0,11.7,82.0,5.0
2023-08-19 18:00:00,5241.28,11.7,82.0,10.6,0.0,5.0,11.7,82.0,5.0
2023-08-19 19:00:00,5270.13,11.7,82.0,10.6,0.0,5.0,11.7,82.0,5.0
2023-08-19 20:00:00,5274.96,11.7,82.0,10.6,0.0,5.0,11.7,82.0,5.0
2023-08-19 21:00:00,4893.09,11.7,82.0,10.6,0.0,5.0,11.7,82.0,5.0
2023-08-19 22:00:00,4450.66,11.7,82.0,10.6,0.0,5.0,11.7,82.0,5.0
2023-08-19 23:00:00,3992.47,11.7,82.0,10.6,0.0,5.0,11.7,82.0,5.0
2023-08-20 00:00:00,3146.2400000000002,11.7,82.0,10.6,0.0,5.0,11.7,82.0,5.0
2023-08-20 01:00:00,3241.41,11.7,82.0,10.6,0.0,5.0,11.7,82.0,5.0
2023-08-20 02:00:00,3354.7599999999998,11.7,82.0,10.6,0.0,5.0,11.7,82.0,5.0
2023-08-20 03:00:00,3335.7400000000002,11.7,82.0,10.6,0.0,5.0,11.7,82.0,5.0
2023-08-20 04:00:00,3252.86,11.7,82.0,10.6,0.0,5.0,11.7,82.0,5.0
2023-08-20 05:00:00,3292.58,11.7,82.0,10.6,0.0,5.0,11.7,82.0,5.0
2023-08-20 06:00:00,3612.39,11.7,82.0,10.6,0.0,5.0,11.7,82.0,5.0
2023-08-20 07:00:00,3815.4,11.7,82.0,10.6,0.0,5.0,11.7,82.0,5.0
2023-08-20 08:00:00,4189.72,11.7,82.0,10.6,0.0,5.0,11.7,82.0,5.0
2023-08-20 09:00:00,4371.83,11.7,82.0,10.6,0.0,5.0,11.7,82.0,5.0
2023-08-20 10:00:00,4423.24,11.7,82.0,10.6,0.0,5.0,11.7,82.0,5.0
2023-08-20 11:00:00,4476.79,11.7,82.0,10.6,0.0,5.0,11.7,82.0,5.0
2023-08-20 12:00:00,4717.72,11.7,82.0,10.6,0.0,5.0,11.7,82.0,5.0
2023-08-20 13:00:00,4648.77,11.7,82.0,10.6,0.0,5.0,11.7,82.0,5.0
2023-08-20 14:00:00,4649.070000000001,11.7,82.0,10.6,0.0,5.0,11.7,82.0,5.0
2023-08-20 15:00:00,4294.07,11.7,82.0,10.6,0.0,5.0,11.7,82.0,5.0
2023-08-20 16:00:00,4436.13,11.7,82.0,10.6,0.0,5.0,11.7,82.0,5.0
2023-08-20 17:00:00,4693.15,11.7,82.0,10.6,0.0,5.0,11.7,82.0,5.0
2023-08-20 18:00:00,4981.57,11.7,82.0,10.6,0.0,5.0,11.7,82.0,5.0
2023-08-20 19:00:00,5136.91,11.7,82.0,10.6,0.0,5.0,11.7,82.0,5.0
2023-08-20 20:00:00,4970.73,11.7,82.0,10.6,0.0,5.0,11.7,82.0,5.0
2023-08-20 21:00:00,4751.9,11.7,82.0,10.6,0.0,5.0,11.7,82.0,5.0
2023-08-20 22:00:00,4062.79,11.7,82.0,10.6,0.0,5.0,11.7,82.0,5.0
2023-08-20 23:00:00,3755.5699999999997,11.7,82.0,10.6,0.0,5.0,11.7,82.0,5.0
2023-08-21 00:00:00,3473.77,11.7,82.0,10.6,0.0,5.0,11.7,82.0,5.0
2023-08-21 01:00:00,3382.7000000000003,11.7,82.0,10.6,0.0,5.0,11.7,82.0,5.0
2023-08-21 02:00:00,3698.44,11.7,82.0,10.6,0.0,5.0,11.7,82.0,5.0
2023-08-21 03:00:00,3764.4799999999996,11.7,82.0,10.6,0.0,5.0,11.7,82.0,5.0
2023-08-21 04:00:00,3610.84,11.7,82.0,10.6,0.0,5.0,11.7,82.0,5.0
2023-08-21 05:00:00,3609.0699999999997,11.7,82.0,10.6,0.0,5.0,11.7,82.0,5.0
2023-08-21 06:00:00,3906.7,11.7,82.0,10.6,0.0,5.0,11.7,82.0,5.0
2023-08-21 07:00:00,4346.14,11.7,82.0,10.6,0.0,5.0,11.7,82.0,5.0
2023-08-21 08:00:00,4654.58,11.7,82.0,10.6,0.0,5.0,11.7,82.0,5.0
2023-08-21 09:00:00,4769.6,11.7,82.0,10.6,0.0,5.0,11.7,82.0,5.0
2023-08-21 10:00:00,4764.32,11.7,82.0,10.6,0.0,5.0,11.7,82.0,5.0
2023-08-21 11:00:00,5017.16,11.7,82.0,10.6,0.0,5.0,11.7,82.0,5.0
2023-08-21 12:00:00,5095.2,11.7,82.0,10.6,0.0,5.0,11.7,82.0,5.0
2023-08-21 13:00:00,5129.56,11.7,82.0,10.6,0.0,5.0,11.7,82.0,5.0
2023-08-21 14:00:00,5232.85,11.7,82.0,10.6,0.0,5.0,11.7,82.0,5.0
2023-08-21 15:00:00,5027.33,11.7,82.0,10.6,0.0,5.0,11.7,82.0,5.0
2023-08-21 16:00:00,4912.929999999999,11.7,82.0,10.6,0.0,5.0,11.7,82.0,5.0
2023-08-21 17:00:00,5075.22,11.7,82.0,10.6,0.0,5.0,11.7,82.0,5.0
2023-08-21 18:00:00,5434.96,11.7,82.0,10.6,0.0,5.0,11.7,82.0,5.0
2023-08-21 19:00:00,5518.89,11.7,82.0,10.6,0.0,5.0,11.7,82.0,5.0
2023-08-21 20:00:00,5417.88,11.7,82.0,10.6,0.0,5.0,11.7,82.0,5.0
2023-08-21 21:00:00,5103.18,11.7,82.0,10.6,0.0,5.0,11.7,82.0,5.0
2023-08-21 22:00:00,4396.389999999999,11.7,82.0,10.6,0.0,5.0,11.7,82.0,5.0
2023-08-21 23:00:00,3965.84,11.7,82.0,10.6,0.0,5.0,11.7,82.0,5.0
2023-08-22 00:00:00,3288.79,11.7,82.0,10.6,0.0,5.0,11.7,82.0,5.0
2023-08-22 01:00:00,3393.06,11.7,82.0,10.6,0.0,5.0,11.7,82.0,5.0
2023-08-22 02:00:00,3727.42,11.7,82.0,10.6,0.0,5.0,11.7,82.0,5.0
2023-08-22 03:00:00,3666.88,11.7,82.0,10.6,0.0,5.0,11.7,82.0,5.0
2023-08-22 04:00:00,3634.44,11.7,82.0,10.6,0.0,5.0,11.7,82.0,5.0
2023-08-22 05:00:00,3596.6600000000003,11.7,82.0,10.6,0.0,5.0,11.7,82.0,5.0
2023-08-22 06:00:00,3961.8,11.7,82.0,10.6,0.0,5.0,11.7,82.0,5.0
2023-08-22 07:00:00,4284.99,11.7,82.0,10.6,0.0,5.0,11.7,82.0,5.0
2023-08-22 08:00:00,4579.3,11.7,82.0,10.6,0.0,5.0,11.7,82.0,5.0
2023-08-22 09:00:00,4882.5599999999995,11.7,82.0,10.6,0.0,5.0,11.7,82.0,5.0
2023-08-22 10:00:00,4934.15,11.7,82.0,10.6,0.0,5.0,11.7,82.0,5.0
2023-08-22 11:00:00,4954.66,11.7,82.0,10.6,0.0,5.0,11.7,82.0,5.0
2023-08-22 12:00:00,5021.91,11.7,82.0,10.6,0.0,5.0,11.7,82.0,5.0
2023-08-22 13:00:00,5267.68,11.7,82.0,10.6,0.0,5.0,11.7,82.0,5.0
2023-08-22 14:00:00,5088.97,11.7,82.0,10.6,0.0,5.0,11.7,82.0,5.0
2023-08-22 15:00:00,5052.04,11.7,82.0,10.6,0.0,5.0,11.7,82.0,5.0
2023-08-22 16:00:00,4760.86,11.7,82.0,10.6,0.0,5.0,11.7,82.0,5.0
2023-08-22 17:00:00,5231.27,11.7,82.0,10.6,0.0,5.0,11.7,82.0,5.0
2023-08-22 18:00:00,5580.09,11.7,82.0,10.6,0.0,5.0,11.7,82.0,5.0
2023-08-22 19:00:00,5560.71,11.7,82.0,10.6,0.0,5.0,11.7,82.0,5.0
2023-08-22 20:00:00,5432.79,11.7,82.0,10.6,0.0,5.0,11.7,82.0,5.0
2023-08-22 21:00:00,5059.29,11.7,82.0,10.6,0.0,5.0,11.7,82.0,5.0
2023-08-22 22:00:00,4366.65,11.7,82.0,10.6,0.0,5.0,11.7,82.0,5.0
2023-08-22 23:00:00,4099.66,11.7,82.0,10.6,0.0,5.0,11.7,82.0,5.0
2023-08-23 00:00:00,3363.8999999999996,11.7,82.0,10.6,0.0,5.0,11.7,82.0,5.0
2023-08-23 01:00:00,3403.57,11.7,82.0,10.6,0.0,5.0,11.7,82.0,5.0
2023-08-23 02:00:00,3627.32,11.7,82.0,10.6,0.0,5.0,11.7,82.0,5.0
2023-08-23 03:00:00,3595.31,11.7,82.0,10.6,0.0,5.0,11.7,82.0,5.0
2023-08-23 04:00:00,3507.63,11.7,82.0,10.6,0.0,5.0,11.7,82.0,5.0
2023-08-23 05:00:00,3553.2200000000003,11.7,82.0,10.6,0.0,5.0,11.7,82.0,5.0
2023-08-23 06:00:00,3952.63,11.7,82.0,10.6,0.0,5.0,11.7,82.0,5.0
2023-08-23 07:00:00,4245.58,11.7,82.0,10.6,0.0,5.0,11.7,82.0,5.0
2023-08-23 08:00:00,4475.39,11.7,82.0,10.6,0.0,5.0,11.7,82.0,5.0
2023-08-23 09:00:00,4738.13,11.7,82.0,10.6,0.0,5.0,11.7,82.0,5.0
2023-08-23 10:00:00,4629.44,11.7,82.0,10.6,0.0,5.0,11.7,82.0,5.0
2023-08-23 11:00:00,4958.17,11.7,82.0,10.6,0.0,5.0,11.7,82.0,5.0
2023-08-23 12:00:00,5037.79,11.7,82.0,10.6,0.0,5.0,11.7,82.0,5.0
2023-08-23 13:00:00,5035.79,11.7,82.0,10.6,0.0,5.0,11.7,82.0,5.0
2023-08-23 14:00:00,5105.8,11.7,82.0,10.6,0.0,5.0,11.7,82.0,5.0
2023-08-23 15:00:00,5006.2,11.7,82.0,10.6,0.0,5.0,11.7,82.0,5.0
2023-08-23 16:00:00,4761.01,11.7,82.0,10.6,0.0,5.0,11.7,82.0,5.0
2023-08-23 17:00:00,5275.2,11.7,82.0,10.6,0.0,5.0,11.7,82.0,5.0
2023-08-23 18:00:00,5481.71,11.7,82.0,10.6,0.0,5.0,11.7,82.0,5.0
2023-08-23 19:00:00,5560.68,11.7,82.0,10.6,0.0,5.0,11.7,82.0,5.0
2023-08-23 20:00:00,5458.74,11.7,82.0,10.6,0.0,5.0,11.7,82.0,5.0
2023-08-23 21:00:00,5071.91,11.7,82.0,10.6,0.0,5.0,11.7,82.0,5.0
2023-08-23 22:00:00,4397.99,11.7,82.0,10.6,0.0,5.0,11.7,82.0,5.0
2023-08-23 23:00:00,4050.22,11.7,82.0,10.6,0.0,5.0,11.7,82.0,5.0
2023-08-24 00:00:00,3246.45,11.7,82.0,10.6,0.0,5.0,11.7,82.0,5.0
2023-08-24 01:00:00,3352.19,11.7,82.0,10.6,0.0,5.0,11.7,82.0,5.0
2023-08-24 02:00:00,3581.18,11.7,82.0,10.6,0.0,5.0,11.7,82.0,5.0
2023-08-24 03:00:00,3654.84,11.7,82.0,10.6,0.0,5.0,11.7,82.0,5.0
2023-08-24 04:00:00,3635.3599999999997,11.7,82.0,10.6,0.0,5.0,11.7,82.0,5.0
2023-08-24 05:00:00,3744.78,11.7,82.0,10.6,0.0,5.0,11.7,82.0,5.0
2023-08-24 06:00:00,3794.6400000000003,11.7,82.0,10.6,0.0,5.0,11.7,82.0,5.0
2023-08-24 07:00:00,4247.93,11.7,82.0,10.6,0.0,5.0,11.7,82.0,5.0
2023-08-24 08:00:00,4657.57,11.7,82.0,10.6,0.0,5.0,11.7,82.0,5.0
2023-08-24 09:00:00,4721.55,11.7,82.0,10.6,0.0,5.0,11.7,82.0,5.0
2023-08-24 10:00:00,4764.3,11.7,82.0,10.6,0.0,5.0,11.7,82.0,5.0
2023-08-24 11:00:00,4984.51,11.7,82.0,10.6,0.0,5.0,11.7,82.0,5.0
2023-08-24 12:00:00,5165.78,11.7,82.0,10.6,0.0,5.0,11.7,82.0,5.0
2023-08-24 13:00:00,5098.91,11.7,82.0,10.6,0.0,5.0,11.7,82.0,5.0
2023-08-24 14:00:00,5101.22,11.7,82.0,10.6,0.0,5.0,11.7,82.0,5.0
2023-08-24 15:00:00,4786.96,11.7,82.0,10.6,0.0,5.0,11.7,82.0,5.0
2023-08-24 16:00:00,4836.0,11.7,82.0,10.6,0.0,5.0,11.7,82.0,5.0
2023-08-24 17:00:00,4918.28,11.7,82.0,10.6,0.0,5.0,11.7,82.0,5.0
2023-08-24 18:00:00,5348.7,11.7,82.0,10.6,0.0,5.0,11.7,82.0,5.0
2023-08-24 19:00:00,5407.45,11.7,82.0,10.6,0.0,5.0,11.7,82.0,5.0
2023-08-24 20:00:00,5440.21,11.7,82.0,10.6,0.0,5.0,11.7,82.0,5.0
2023-08-24 21:00:00,5053.86,11.7,82.0,10.6,0.0,5.0,11.7,82.0,5.0
2023-08-24 22:00:00,4361.32,11.7,82.0,10.6,0.0,5.0,11.7,82.0,5.0
2023-08-24 23:00:00,4000.4,11.7,82.0,10.6,0.0,5.0,11.7,82.0,5.0
2023-08-25 00:00:00,3428.78,11.7,82.0,10.6,0.0,5.0,11.7,82.0,5.0
2023-08-25 01:00:00,3450.79,11.7,82.0,10.6,0.0,5.0,11.7,82.0,5.0
2023-08-25 02:00:00,3613.42,11.7,82.0,10.6,0.0,5.0,11.7,82.0,5.0
2023-08-25 03:00:00,3614.52,11.7,82.0,10.6,0.0,5.0,11.7,82.0,5.0
2023-08-25 04:00:00,3649.73,11.7,82.0,10.6,0.0,5.0,11.7,82.0,5.0
2023-08-25 05:00:00,3612.6600000000003,11.7,82.0,10.6,0.0,5.0,11.7,82.0,5.0
2023-08-25 06:00:00,3759.98,11.7,82.0,10.6,0.0,5.0,11.7,82.0,5.0
2023-08-25 07:00:00,4029.14,11.7,82.0,10.6,0.0,5.0,11.7,82.0,5.0
2023-08-25 08:00:00,4479.57,11.7,82.0,10.6,0.0,5.0,11.7,82.0,5.0
2023-08-25 09:00:00,4739.66,11.7,82.0,10.6,0.0,5.0,11.7,82.0,5.0
2023-08-25 10:00:00,4672.6,11.7,82.0,10.6,0.0,5.0,11.7,82.0,5.0
2023-08-25 11:00:00,4903.6,11.7,82.0,10.6,0.0,5.0,11.7,82.0,5.0
2023-08-25 12:00:00,4987.6,11.7,82.0,10.6,0.0,5.0,11.7,82.0,5.0
2023-08-25 13:00:00,5066.48,11.7,82.0,10.6,0.0,5.0,11.7,82.0,5.0
2023-08-25 14:00:00,5089.26,11.7,82.0,10.6,0.0,5.0,11.7,82.0,5.0
2023-08-25 15:00:00,4916.41,11.7,82.0,10.6,0.0,5.0,11.7,82.0,5.0
2023-08-25 16:00:00,4854.91,11.7,82.0,10.6,0.0,5.0,11.7,82.0,5.0
2023-08-25 17:00:00,5133.88,11.7,82.0,10.6,0.0,5.0,11.7,82.0,5.0
2023-08-25 18:00:00,5420.27,11.7,82.0,10.6,0.0,5.0,11.7,82.0,5.0
2023-08-25 19:00:00,5417.47,11.7,82.0,10.6,0.0,5.0,11.7,82.0,5.0
2023-08-25 20:00:00,5465.3,11.7,82.0,10.6,0.0,5.0,11.7,82.0,5.0
2023-08-25 21:00:00,5023.43,11.7,82.0,10.6,0.0,5.0,11.7,82.0,5.0
2023-08-25 22:00:00,4234.25,11.7,82.0,10.6,0.0,5.0,11.7,82.0,5.0
2023-08-25 23:00:00,3940.33,11.7,82.0,10.6,0.0,5.0,11.7,82.0,5.0
2023-08-26 00:00:00,3288.54,11.7,82.0,10.6,0.0,5.0,11.7,82.0,5.0
2023-08-26 01:00:00,3316.19,11.7,82.0,10.6,0.0,5.0,11.7,82.0,5.0
2023-08-26 02:00:00,3266.23,11.7,82.0,10.6,0.0,5.0,11.7,82.0,5.0
2023-08-26 03:00:00,3432.55,11.7,82.0,10.6,0.0,5.0,11.7,82.0,5.0
2023-08-26 04:00:00,3487.42,11.7,82.0,10.6,0.0,5.0,11.7,82.0,5.0
2023-08-26 05:00:00,3476.06,11.7,82.0,10.6,0.0,5.0,11.7,82.0,5.0
2023-08-26 06:00:00,3706.26,11.7,82.0,10.6,0.0,5.0,11.7,82.0,5.0
2023-08-26 07:00:00,4037.52,11.7,82.0,10.6,0.0,5.0,11.7,82.0,5.0
2023-08-26 08:00:00,4276.82,11.7,82.0,10.6,0.0,5.0,11.7,82.0,5.0
2023-08-26 09:00:00,4732.6900000000005,11.7,82.0,10.6,0.0,5.0,11.7,82.0,5.0
2023-08-26 10:00:00,4464.17,11.7,82.0,10.6,0.0,5.0,11.7,82.0,5.0
2023-08-26 11:00:00,4580.85,11.7,82.0,10.6,0.0,5.0,11.7,82.0,5.0
2023-08-26 12:00:00,4884.09,11.7,82.0,10.6,0.0,5.0,11.7,82.0,5.0
2023-08-26 13:00:00,4774.52,11.7,82.0,10.6,0.0,5.0,11.7,82.0,5.0
2023-08-26 14:00:00,4689.08,11.7,82.0,10.6,0.0,5.0,11.7,82.0,5.0
2023-08-26 15:00:00,4820.42,11.7,82.0,10.6,0.0,5.0,11.7,82.0,5.0
2023-08-26 16:00:00,4510.599999999999,11.7,82.0,10.6,0.0,5.0,11.7,82.0,5.0
2023-08-26 17:00:00,4832.6,11.7,82.0,10.6,0.0,5.0,11.7,82.0,5.0
2023-08-26 18:00:00,5252.1900000000005,11.7,82.0,10.6,0.0,5.0,11.7,82.0,5.0
2023-08-26 19:00:00,5168.7,11.7,82.0,10.6,0.0,5.0,11.7,82.0,5.0
2023-08-26 20:00:00,4991.73,11.7,82.0,10.6,0.0,5.0,11.7,82.0,5.0
2023-08-26 21:00:00,4898.98,11.7,82.0,10.6,0.0,5.0,11.7,82.0,5.0
2023-08-26 22:00:00,4121.6,11.7,82.0,10.6,0.0,5.0,11.7,82.0,5.0
2023-08-26 23:00:00,3845.08,11.7,82.0,10.6,0.0,5.0,11.7,82.0,5.0
2023-08-27 00:00:00,3077.7,11.7,82.0,10.6,0.0,5.0,11.7,82.0,5.0
2023-08-27 01:00:00,3247.38,11.7,82.0,10.6,0.0,5.0,11.7,82.0,5.0
2023-08-27 02:00:00,3313.9300000000003,11.7,82.0,10.6,0.0,5.0,11.7,82.0,5.0
2023-08-27 03:00:00,3311.47,11.7,82.0,10.6,0.0,5.0,11.7,82.0,5.0
2023-08-27 04:00:00,3217.44,11.7,82.0,10.6,0.0,5.0,11.7,82.0,5.0
2023-08-27 05:00:00,3292.26,11.7,82.0,10.6,0.0,5.0,11.7,82.0,5.0
2023-08-27 06:00:00,3501.25,11.7,82.0,10.6,0.0,5.0,11.7,82.0,5.0
2023-08-27 07:00:00,3952.09,11.7,82.0,10.6,0.0,5.0,11.7,82.0,5.0
2023-08-27 08:00:00,4086.33,11.7,82.0,10.6,0.0,5.0,11.7,82.0,5.0
2023-08-27 09:00:00,4350.48,11.7,82.0,10.6,0.0,5.0,11.7,82.0,5.0
2023-08-27 10:00:00,4358.74,11.7,82.0,10.6,0.0,5.0,11.7,82.0,5.0
2023-08-27 11:00:00,4412.27,11.7,82.0,10.6,0.0,5.0,11.7,82.0,5.0
2023-08-27 12:00:00,4556.85,11.7,82.0,10.6,0.0,5.0,11.7,82.0,5.0
2023-08-27 13:00:00,4680.29,11.7,82.0,10.6,0.0,5.0,11.7,82.0,5.0
2023-08-27 14:00:00,4535.2699999999995,11.7,82.0,10.6,0.0,5.0,11.7,82.0,5.0
2023-08-27 15:00:00,4463.76,11.7,82.0,10.6,0.0,5.0,11.7,82.0,5.0
2023-08-27 16:00:00,4489.05,11.7,82.0,10.6,0.0,5.0,11.7,82.0,5.0
2023-08-27 17:00:00,4709.33,11.7,82.0,10.6,0.0,5.0,11.7,82.0,5.0
2023-08-27 18:00:00,4742.24,11.7,82.0,10.6,0.0,5.0,11.7,82.0,5.0
2023-08-27 19:00:00,4865.2300000000005,11.7,82.0,10.6,0.0,5.0,11.7,82.0,5.0
2023-08-27 20:00:00,4719.96,11.7,82.0,10.6,0.0,5.0,11.7,82.0,5.0
2023-08-27 21:00:00,4507.66,11.7,82.0,10.6,0.0,5.0,11.7,82.0,5.0
2023-08-27 22:00:00,3980.6600000000003,11.7,82.0,10.6,0.0,5.0,11.7,82.0,5.0
2023-08-27 23:00:00,3702.69,11.7,82.0,10.6,0.0,5.0,11.7,82.0,5.0
2023-08-28 00:00:00,3370.81,11.7,82.0,10.6,0.0,5.0,11.7,82.0,5.0
2023-08-28 01:00:00,3440.2200000000003,11.7,82.0,10.6,0.0,5.0,11.7,82.0,5.0
2023-08-28 02:00:00,3688.34,11.7,82.0,10.6,0.0,5.0,11.7,82.0,5.0
2023-08-28 03:00:00,3711.3199999999997,11.7,82.0,10.6,0.0,5.0,11.7,82.0,5.0
2023-08-28 04:00:00,3509.05,11.7,82.0,10.6,0.0,5.0,11.7,82.0,5.0
2023-08-28 05:00:00,3560.22,11.7,82.0,10.6,0.0,5.0,11.7,82.0,5.0
2023-08-28 06:00:00,3794.37,11.7,82.0,10.6,0.0,5.0,11.7,82.0,5.0
2023-08-28 07:00:00,4248.12,11.7,82.0,10.6,0.0,5.0,11.7,82.0,5.0
2023-08-28 08:00:00,4425.16,11.7,82.0,10.6,0.0,5.0,11.7,82.0,5.0
2023-08-28 09:00:00,4800.38,11.7,82.0,10.6,0.0,5.0,11.7,82.0,5.0
2023-08-28 10:00:00,4774.14,11.7,82.0,10.6,0.0,5.0,11.7,82.0,5.0
2023-08-28 11:00:00,4723.5,11.7,82.0,10.6,0.0,5.0,11.7,82.0,5.0
2023-08-28 12:00:00,4876.72,11.7,82.0,10.6,0.0,5.0,11.7,82.0,5.0
2023-08-28 13:00:00,5083.62,11.7,82.0,10.6,0.0,5.0,11.7,82.0,5.0
2023-08-28 14:00:00,4876.14,11.7,82.0,10.6,0.0,5.0,11.7,82.0,5.0
2023-08-28 15:00:00,4820.05,11.7,82.0,10.6,0.0,5.0,11.7,82.0,5.0
2023-08-28 16:00:00,4569.86,11.7,82.0,10.6,0.0,5.0,11.7,82.0,5.0
2023-08-28 17:00:00,5123.27,11.7,82.0,10.6,0.0,5.0,11.7,82.0,5.0
2023-08-28 18:00:00,5260.21,11.7,82.0,10.6,0.0,5.0,11.7,82.0,5.0
2023-08-28 19:00:00,5400.77,11.7,82.0,10.6,0.0,5.0,11.7,82.0,5.0
2023-08-28 20:00:00,5196.34,11.7,82.0,10.6,0.0,5.0,11.7,82.0,5.0
2023-08-28 21:00:00,4962.22,11.7,82.0,10.6,0.0,5.0,11.7,82.0,5.0
2023-08-28 22:00:00,4499.98,11.7,82.0,10.6,0.0,5.0,11.7,82.0,5.0
2023-08-28 23:00:00,3902.47,11.7,82.0,10.6,0.0,5.0,11.7,82.0,5.0
2023-08-29 00:00:00,3337.03,11.7,82.0,10.6,0.0,5.0,11.7,82.0,5.0
2023-08-29 01:00:00,3388.9,11.7,82.0,10.6,0.0,5.0,11.7,82.0,5.0
2023-08-29 02:00:00,3390.05,11.7,82.0,10.6,0.0,5.0,11.7,82.0,5.0
2023-08-29 03:00:00,3607.32,11.7,82.0,10.6,0.0,5.0,11.7,82.0,5.0
2023-08-29 04:00:00,3553.53,11.7,82.0,10.6,0.0,5.0,11.7,82.0,5.0
2023-08-29 05:00:00,3467.66,11.7,82.0,10.6,0.0,5.0,11.7,82.0,5.0
2023-08-29 06:00:00,3858.62,11.7,82.0,10.6,0.0,5.0,11.7,82.0,5.0
2023-08-29 07:00:00,4090.04,11.7,82.0,10.6,0.0,5.0,11.7,82.0,5.0
2023-08-29 08:00:00,4483.4,11.7,82.0,10.6,0.0,5.0,11.7,82.0,5.0
2023-08-29 09:00:00,4734.46,11.7,82.0,10.6,0.0,5.0,11.7,82.0,5.0
2023-08-29 10:00:00,4592.0,11.7,82.0,10.6,0.0,5.0,11.7,82.0,5.0
2023-08-29 11:00:00,4964.91,11.7,82.0,10.6,0.0,5.0,11.7,82.0,5.0
2023-08-29 12:00:00,5034.95,11.7,82.0,10.6,0.0,5.0,11.7,82.0,5.0
2023-08-29 13:00:00,4915.4800000000005,11.7,82.0,10.6,0.0,5.0,11.7,82.0,5.0
2023-08-29 14:00:00,4948.45,11.7,82.0,10.6,0.0,5.0,11.7,82.0,5.0
2023-08-29 15:00:00,4818.34,11.7,82.0,10.6,0.0,5.0,11.7,82.0,5.0
2023-08-29 16:00:00,4733.09,11.7,82.0,10.6,0.0,5.0,11.7,82.0,5.0
2023-08-29 17:00:00,5052.09,11.7,82.0,10.6,0.0,5.0,11.7,82.0,5.0
2023-08-29 18:00:00,5229.29,11.7,82.0,10.6,0.0,5.0,11.7,82.0,5.0
2023-08-29 19:00:00,5330.1900000000005,11.7,82.0,10.6,0.0,5.0,11.7,82.0,5.0
2023-08-29 20:00:00,5223.47,11.7,82.0,10.6,0.0,5.0,11.7,82.0,5.0
2023-08-29 21:00:00,5096.16,11.7,82.0,10.6,0.0,5.0,11.7,82.0,5.0
2023-08-29 22:00:00,4282.86,11.7,82.0,10.6,0.0,5.0,11.7,82.0,5.0
2023-08-29 23:00:00,4018.6,11.7,82.0,10.6,0.0,5.0,11.7,82.0,5.0
2023-08-30 00:00:00,3208.86,11.7,82.0,10.6,0.0,5.0,11.7,82.0,5.0
2023-08-30 01:00:00,3560.3,11.7,82.0,10.6,0.0,5.0,11.7,82.0,5.0
2023-08-30 02:00:00,3471.38,11.7,82.0,10.6,0.0,5.0,11.7,82.0,5.0
2023-08-30 03:00:00,3554.87,11.7,82.0,10.6,0.0,5.0,11.7,82.0,5.0
2023-08-30 04:00:00,3549.11,11.7,82.0,10.6,0.0,5.0,11.7,82.0,5.0
2023-08-30 05:00:00,3636.68,11.7,82.0,10.6,0.0,5.0,11.7,82.0,5.0
2023-08-30 06:00:00,3708.82,11.7,82.0,10.6,0.0,5.0,11.7,82.0,5.0
2023-08-30 07:00:00,4235.27,11.7,82.0,10.6,0.0,5.0,11.7,82.0,5.0
2023-08-30 08:00:00,4457.53,11.7,82.0,10.6,0.0,5.0,11.7,82.0,5.0
2023-08-30 09:00:00,4513.61,11.7,82.0,10.6,0.0,5.0,11.7,82.0,5.0
2023-08-30 10:00:00,4751.97,11.7,82.0,10.6,0.0,5.0,11.7,82.0,5.0
2023-08-30 11:00:00,4774.8,11.7,82.0,10.6,0.0,5.0,11.7,82.0,5.0
2023-08-30 12:00:00,4974.45,11.7,82.0,10.6,0.0,5.0,11.7,82.0,5.0
2023-08-30 13:00:00,5092.42,11.7,82.0,10.6,0.0,5.0,11.7,82.0,5.0
2023-08-30 14:00:00,4944.85,11.7,82.0,10.6,0.0,5.0,11.7,82.0,5.0
2023-08-30 15:00:00,4676.73,11.7,82.0,10.6,0.0,5.0,11.7,82.0,5.0
2023-08-30 16:00:00,4651.48,11.7,82.0,10.6,0.0,5.0,11.7,82.0,5.0
2023-08-30 17:00:00,4988.58,11.7,82.0,10.6,0.0,5.0,11.7,82.0,5.0
2023-08-30 18:00:00,5183.54,11.7,82.0,10.6,0.0,5.0,11.7,82.0,5.0
2023-08-30 19:00:00,5361.27,11.7,82.0,10.6,0.0,5.0,11.7,82.0,5.0
2023-08-30 20:00:00,5266.16,11.7,82.0,10.6,0.0,5.0,11.7,82.0,5.0
2023-08-30 21:00:00,5064.26,11.7,82.0,10.6,0.0,5.0,11.7,82.0,5.0
2023-08-30 22:00:00,4320.32,11.7,82.0,10.6,0.0,5.0,11.7,82.0,5.0
2023-08-30 23:00:00,3963.57,11.7,82.0,10.6,0.0,5.0,11.7,82.0,5.0
2023-08-31 00:00:00,3373.57,11.7,82.0,10.6,0.0,5.0,11.7,82.0,5.0
2023-08-31 01:00:00,3571.31,11.7,82.0,10.6,0.0,5.0,11.7,82.0,5.0
2023-08-31 02:00:00,3369.97,11.7,82.0,10.6,0.0,5.0,11.7,82.0,5.0
2023-08-31 03:00:00,3561.0299999999997,11.7,82.0,10.6,0.0,5.0,11.7,82.0,5.0
2023-08-31 04:00:00,3502.98,11.7,82.0,10.6,0.0,5.0,11.7,82.0,5.0
2023-08-31 05:00:00,3552.08,11.7,82.0,10.6,0.0,5.0,11.7,82.0,5.0
2023-08-31 06:00:00,3825.88,11.7,82.0,10.6,0.0,5.0,11.7,82.0,5.0
2023-08-31 07:00:00,4130.71,11.7,82.0,10.6,0.0,5.0,11.7,82.0,5.0
2023-08-31 08:00:00,4524.14,11.7,82.0,10.6,0.0,5.0,11.7,82.0,5.0
2023-08-31 09:00:00,4625.83,11.7,82.0,10.6,0.0,5.0,11.7,82.0,5.0
2023-08-31 10:00:00,4666.46,11.7,82.0,10.6,0.0,5.0,11.7,82.0,5.0
2023-08-31 11:00:00,4800.83,11.7,82.0,10.6,0.0,5.0,11.7,82.0,5.0
2023-08-31 12:00:00,4844.84,11.7,82.0,10.6,0.0,5.0,11.7,82.0,5.0
2023-08-31 13:00:00,4908.58,11.7,82.0,10.6,0.0,5.0,11.7,82.0,5.0
2023-08-31 14:00:00,4902.58,11.7,82.0,10.6,0.0,5.0,11.7,82.0,5.0
2023-08-31 15:00:00,4889.0,11.7,82.0,10.6,0.0,5.0,11.7,82.0,5.0
2023-08-31 16:00:00,4630.33,11.7,82.0,10.6,0.0,5.0,11.7,82.0,5.0
2023-08-31 17:00:00,4964.79,11.7,82.0,10.6,0.0,5.0,11.7,82.0,5.0
2023-08-31 18:00:00,5140.93,11.7,82.0,10.6,0.0,5.0,11.7,82.0,5.0
2023-08-31 19:00:00,5484.65,11.7,82.0,10.6,0.0,5.0,11.7,82.0,5.0
2023-08-31 20:00:00,5417.22,11.7,82.0,10.6,0.0,5.0,11.7,82.0,5.0
2023-08-31 21:00:00,5098.65,11.7,82.0,10.6,0.0,5.0,11.7,82.0,5.0
2023-08-31 22:00:00,4263.01,11.7,82.0,10.6,0.0,5.0,11.7,82.0,5.0
2023-08-31 23:00:00,3870.12,11.7,82.0,10.6,0.0,5.0,11.7,82.0,5.0
2023-09-01 00:00:00,3305.8199999999997,11.7,82.0,10.6,0.0,5.0,11.7,82.0,5.0
2023-09-01 01:00:00,3278.88,11.7,82.0,10.6,0.0,5.0,11.7,82.0,5.0
2023-09-01 02:00:00,3536.9700000000003,11.7,82.0,10.6,0.0,5.0,11.7,82.0,5.0
2023-09-01 03:00:00,3552.17,11.7,82.0,10.6,0.0,5.0,11.7,82.0,5.0
2023-09-01 04:00:00,3477.5,11.7,82.0,10.6,0.0,5.0,11.7,82.0,5.0
2023-09-01 05:00:00,3591.9,11.7,82.0,10.6,0.0,5.0,11.7,82.0,5.0
2023-09-01 06:00:00,3892.5,11.7,82.0,10.6,0.0,5.0,11.7,82.0,5.0
2023-09-01 07:00:00,4113.01,11.7,82.0,10.6,0.0,5.0,11.7,82.0,5.0
2023-09-01 08:00:00,4283.15,11.7,82.0,10.6,0.0,5.0,11.7,82.0,5.0
2023-09-01 09:00:00,4745.73,11.7,82.0,10.6,0.0,5.0,11.7,82.0,5.0
2023-09-01 10:00:00,4615.1900000000005,11.7,82.0,10.6,0.0,5.0,11.7,82.0,5.0
2023-09-01 11:00:00,4852.2300000000005,11.7,82.0,10.6,0.0,5.0,11.7,82.0,5.0
2023-09-01 12:00:00,4941.22,11.7,82.0,10.6,0.0,5.0,11.7,82.0,5.0
2023-09-01 13:00:00,4828.639999999999,11.7,82.0,10.6,0.0,5.0,11.7,82.0,5.0
2023-09-01 14:00:00,4811.49,11.7,82.0,10.6,0.0,5.0,11.7,82.0,5.0
2023-09-01 15:00:00,4866.66,11.7,82.0,10.6,0.0,5.0,11.7,82.0,5.0
2023-09-01 16:00:00,4542.81,11.7,82.0,10.6,0.0,5.0,11.7,82.0,5.0
2023-09-01 17:00:00,4936.39,11.7,82.0,10.6,0.0,5.0,11.7,82.0,5.0
2023-09-01 18:00:00,5285.01,11.7,82.0,10.6,0.0,5.0,11.7,82.0,5.0
2023-09-01 19:00:00,5290.39,11.7,82.0,10.6,0.0,5.0,11.7,82.0,5.0
2023-09-01 20:00:00,5060.92,11.7,82.0,10.6,0.0,5.0,11.7,82.0,5.0
2023-09-01 21:00:00,5009.0,11.7,82.0,10.6,0.0,5.0,11.7,82.0,5.0
2023-09-01 22:00:00,4298.37,11.7,82.0,10.6,0.0,5.0,11.7,82.0,5.0
2023-09-01 23:00:00,3934.5699999999997,11.7,82.0,10.6,0.0,5.0,11.7,82.0,5.0
2023-09-02 00:00:00,3252.74,11.7,82.0,10.6,0.0,5.0,11.7,82.0,5.0
2023-09-02 01:00:00,3252.77,11.7,82.0,10.6,0.0,5.0,11.7,82.0,5.0
2023-09-02 02:00:00,3343.44,11.7,82.0,10.6,0.0,5.0,11.7,82.0,5.0
2023-09-02 03:00:00,3433.6800000000003,11.7,82.0,10.6,0.0,5.0,11.7,82.0,5.0
2023-09-02 04:00:00,3236.5299999999997,11.7,82.0,10.6,0.0,5.0,11.7,82.0,5.0
2023-09-02 05:00:00,3582.23,11.7,82.0,10.6,0.0,5.0,11.7,82.0,5.0
2023-09-02 06:00:00,3657.0,11.7,82.0,10.6,0.0,5.0,11.7,82.0,5.0
2023-09-02 07:00:00,3872.3399999999997,11.7,82.0,10.6,0.0,5.0,11.7,82.0,5.0
2023-09-02 08:00:00,4146.9400000000005,11.7,82.0,10.6,0.0,5.0,11.7,82.0,5.0
2023-09-02 09:00:00,4588.15,11.7,82.0,10.6,0.0,5.0,11.7,82.0,5.0
2023-09-02 10:00:00,4424.7699999999995,11.7,82.0,10.6,0.0,5.0,11.7,82.0,5.0
2023-09-02 11:00:00,4792.39,11.7,82.0,10.6,0.0,5.0,11.7,82.0,5.0
2023-09-02 12:00:00,4612.19,11.7,82.0,10.6,0.0,5.0,11.7,82.0,5.0
2023-09-02 13:00:00,4774.0599999999995,11.7,82.0,10.6,0.0,5.0,11.7,82.0,5.0
2023-09-02 14:00:00,4634.15,11.7,82.0,10.6,0.0,5.0,11.7,82.0,5.0
2023-09-02 15:00:00,4632.93,11.7,82.0,10.6,0.0,5.0,11.7,82.0,5.0
2023-09-02 16:00:00,4361.26,11.7,82.0,10.6,0.0,5.0,11.7,82.0,5.0
2023-09-02 17:00:00,4828.62,11.7,82.0,10.6,0.0,5.0,11.7,82.0,5.0
2023-09-02 18:00:00,4996.53,11.7,82.0,10.6,0.0,5.0,11.7,82.0,5.0
2023-09-02 19:00:00,5247.97,11.7,82.0,10.6,0.0,5.0,11.7,82.0,5.0
2023-09-02 20:00:00,4935.9,11.7,82.0,10.6,0.0,5.0,11.7,82.0,5.0
2023-09-02 21:00:00,4613.4,11.7,82.0,10.6,0.0,5.0,11.7,82.0,5.0
2023-09-02 22:00:00,4414.42,11.7,82.0,10.6,0.0,5.0,11.7,82.0,5.0
2023-09-02 23:00:00,3881.44,11.7,82.0,10.6,0.0,5.0,11.7,82.0,5.0
2023-09-03 00:00:00,3120.53,11.7,82.0,10.6,0.0,5.0,11.7,82.0,5.0
2023-09-03 01:00:00,3105.63,11.7,82.0,10.6,0.0,5.0,11.7,82.0,5.0
2023-09-03 02:00:00,3256.11,11.7,82.0,10.6,0.0,5.0,11.7,82.0,5.0
2023-09-03 03:00:00,3245.65,11.7,82.0,10.6,0.0,5.0,11.7,82.0,5.0
2023-09-03 04:00:00,3182.1,11.7,82.0,10.6,0.0,5.0,11.7,82.0,5.0
2023-09-03 05:00:00,3166.71,11.7,82.0,10.6,0.0,5.0,11.7,82.0,5.0
2023-09-03 06:00:00,3486.7400000000002,11.7,82.0,10.6,0.0,5.0,11.7,82.0,5.0
2023-09-03 07:00:00,3709.12,11.7,82.0,10.6,0.0,5.0,11.7,82.0,5.0
2023-09-03 08:00:00,4069.44,11.7,82.0,10.6,0.0,5.0,11.7,82.0,5.0
2023-09-03 09:00:00,4082.9300000000003,11.7,82.0,10.6,0.0,5.0,11.7,82.0,5.0
2023-09-03 10:00:00,4104.57,11.7,82.0,10.6,0.0,5.0,11.7,82.0,5.0
2023-09-03 11:00:00,4317.33,11.7,82.0,10.6,0.0,5.0,11.7,82.0,5.0
2023-09-03 12:00:00,4414.4400000000005,11.7,82.0,10.6,0.0,5.0,11.7,82.0,5.0
2023-09-03 13:00:00,4346.08,11.7,82.0,10.6,0.0,5.0,11.7,82.0,5.0
2023-09-03 14:00:00,4428.53,11.7,82.0,10.6,0.0,5.0,11.7,82.0,5.0
2023-09-03 15:00:00,4214.38,11.7,82.0,10.6,0.0,5.0,11.7,82.0,5.0
2023-09-03 16:00:00,4166.6,11.7,82.0,10.6,0.0,5.0,11.7,82.0,5.0
2023-09-03 17:00:00,4445.8,11.7,82.0,10.6,0.0,5.0,11.7,82.0,5.0
2023-09-03 18:00:00,4701.22,11.7,82.0,10.6,0.0,5.0,11.7,82.0,5.0
2023-09-03 19:00:00,4909.7300000000005,11.7,82.0,10.6,0.0,5.0,11.7,82.0,5.0
2023-09-03 20:00:00,4786.84,11.7,82.0,10.6,0.0,5.0,11.7,82.0,5.0
2023-09-03 21:00:00,4593.8,11.7,82.0,10.6,0.0,5.0,11.7,82.0,5.0
2023-09-03 22:00:00,3797.1499999999996,11.7,82.0,10.6,0.0,5.0,11.7,82.0,5.0
2023-09-03 23:00:00,3542.3,11.7,82.0,10.6,0.0,5.0,11.7,82.0,5.0
2023-09-04 00:00:00,3203.92,11.7,82.0,10.6,0.0,5.0,11.7,82.0,5.0
2023-09-04 01:00:00,3306.38,11.7,82.0,10.6,0.0,5.0,11.7,82.0,5.0
2023-09-04 02:00:00,3555.82,11.7,82.0,10.6,0.0,5.0,11.7,82.0,5.0
2023-09-04 03:00:00,3468.58,11.7,82.0,10.6,0.0,5.0,11.7,82.0,5.0
2023-09-04 04:00:00,3357.58,11.7,82.0,10.6,0.0,5.0,11.7,82.0,5.0
2023-09-04 05:00:00,3501.2000000000003,11.7,82.0,10.6,0.0,5.0,11.7,82.0,5.0
2023-09-04 06:00:00,3880.94,11.7,82.0,10.6,0.0,5.0,11.7,82.0,5.0
2023-09-04 07:00:00,4091.28,11.7,82.0,10.6,0.0,5.0,11.7,82.0,5.0
2023-09-04 08:00:00,4468.51,11.7,82.0,10.6,0.0,5.0,11.7,82.0,5.0
2023-09-04 09:00:00,4759.83,11.7,82.0,10.6,0.0,5.0,11.7,82.0,5.0
2023-09-04 10:00:00,4652.41,11.7,82.0,10.6,0.0,5.0,11.7,82.0,5.0
2023-09-04 11:00:00,4884.1,11.7,82.0,10.6,0.0,5.0,11.7,82.0,5.0
2023-09-04 12:00:00,4877.7,11.7,82.0,10.6,0.0,5.0,11.7,82.0,5.0
2023-09-04 13:00:00,4801.11,11.7,82.0,10.6,0.0,5.0,11.7,82.0,5.0
2023-09-04 14:00:00,4790.25,11.7,82.0,10.6,0.0,5.0,11.7,82.0,5.0
2023-09-04 15:00:00,4679.14,11.7,82.0,10.6,0.0,5.0,11.7,82.0,5.0
2023-09-04 16:00:00,4666.58,11.7,82.0,10.6,0.0,5.0,11.7,82.0,5.0
2023-09-04 17:00:00,4798.63,11.7,82.0,10.6,0.0,5.0,11.7,82.0,5.0
2023-09-04 18:00:00,5180.57,11.7,82.0,10.6,0.0,5.0,11.7,82.0,5.0
2023-09-04 19:00:00,5354.89,11.7,82.0,10.6,0.0,5.0,11.7,82.0,5.0
2023-09-04 20:00:00,5307.78,11.7,82.0,10.6,0.0,5.0,11.7,82.0,5.0
2023-09-04 21:00:00,4951.11,11.7,82.0,10.6,0.0,5.0,11.7,82.0,5.0
2023-09-04 22:00:00,4280.72,11.7,82.0,10.6,0.0,5.0,11.7,82.0,5.0
2023-09-04 23:00:00,3900.85,11.7,82.0,10.6,0.0,5.0,11.7,82.0,5.0
2023-09-05 00:00:00,3173.48,11.7,82.0,10.6,0.0,5.0,11.7,82.0,5.0
2023-09-05 01:00:00,3406.71,11.7,82.0,10.6,0.0,5.0,11.7,82.0,5.0
2023-09-05 02:00:00,3571.3,11.7,82.0,10.6,0.0,5.0,11.7,82.0,5.0
2023-09-05 03:00:00,3679.4700000000003,11.7,82.0,10.6,0.0,5.0,11.7,82.0,5.0
2023-09-05 04:00:00,3502.95,11.7,82.0,10.6,0.0,5.0,11.7,82.0,5.0
2023-09-05 05:00:00,3389.67,11.7,82.0,10.6,0.0,5.0,11.7,82.0,5.0
2023-09-05 06:00:00,3816.77,11.7,82.0,10.6,0.0,5.0,11.7,82.0,5.0
2023-09-05 07:00:00,4055.09,11.7,82.0,10.6,0.0,5.0,11.7,82.0,5.0
2023-09-05 08:00:00,4419.87,11.7,82.0,10.6,0.0,5.0,11.7,82.0,5.0
2023-09-05 09:00:00,4639.97,11.7,82.0,10.6,0.0,5.0,11.7,82.0,5.0
2023-09-05 10:00:00,4734.67,11.7,82.0,10.6,0.0,5.0,11.7,82.0,5.0
2023-09-05 11:00:00,4788.54,11.7,82.0,10.6,0.0,5.0,11.7,82.0,5.0
2023-09-05 12:00:00,4962.7,11.7,82.0,10.6,0.0,5.0,11.7,82.0,5.0
2023-09-05 13:00:00,4864.76,11.7,82.0,10.6,0.0,5.0,11.7,82.0,5.0
2023-09-05 14:00:00,4825.67,11.7,82.0,10.6,0.0,5.0,11.7,82.0,5.0
2023-09-05 15:00:00,4688.8,11.7,82.0,10.6,0.0,5.0,11.7,82.0,5.0
2023-09-05 16:00:00,4568.13,11.7,82.0,10.6,0.0,5.0,11.7,82.0,5.0
2023-09-05 17:00:00,4986.37,11.7,82.0,10.6,0.0,5.0,11.7,82.0,5.0
2023-09-05 18:00:00,5182.0599999999995,11.7,82.0,10.6,0.0,5.0,11.7,82.0,5.0
2023-09-05 19:00:00,5272.88,11.7,82.0,10.6,0.0,5.0,11.7,82.0,5.0
2023-09-05 20:00:00,5237.43,11.7,82.0,10.6,0.0,5.0,11.7,82.0,5.0
2023-09-05 21:00:00,4907.35,11.7,82.0,10.6,0.0,5.0,11.7,82.0,5.0
2023-09-05 22:00:00,4230.02,11.7,82.0,10.6,0.0,5.0,11.7,82.0,5.0
2023-09-05 23:00:00,3860.06,11.7,82.0,10.6,0.0,5.0,11.7,82.0,5.0
2023-09-06 00:00:00,3353.95,11.7,82.0,10.6,0.0,5.0,11.7,82.0,5.0
2023-09-06 01:00:00,3310.84,11.7,82.0,10.6,0.0,5.0,11.7,82.0,5.0
2023-09-06 02:00:00,3555.7200000000003,11.7,82.0,10.6,0.0,5.0,11.7,82.0,5.0
2023-09-06 03:00:00,3460.4,11.7,82.0,10.6,0.0,5.0,11.7,82.0,5.0
2023-09-06 04:00:00,3413.41,11.7,82.0,10.6,0.0,5.0,11.7,82.0,5.0
2023-09-06 05:00:00,3576.54,11.7,82.0,10.6,0.0,5.0,11.7,82.0,5.0
2023-09-06 06:00:00,3722.91,11.7,82.0,10.6,0.0,5.0,11.7,82.0,5.0
2023-09-06 07:00:00,4075.73,11.7,82.0,10.6,0.0,5.0,11.7,82.0,5.0
2023-09-06 08:00:00,4282.35,11.7,82.0,10.6,0.0,5.0,11.7,82.0,5.0
2023-09-06 09:00:00,4530.0,11.7,82.0,10.6,0.0,5.0,11.7,82.0,5.0
2023-09-06 10:00:00,4576.86,11.7,82.0,10.6,0.0,5.0,11.7,82.0,5.0
2023-09-06 11:00:00,4752.9400000000005,11.7,82.0,10.6,0.0,5.0,11.7,82.0,5.0
2023-09-06 12:00:00,4882.12,11.7,82.0,10.6,0.0,5.0,11.7,82.0,5.0
2023-09-06 13:00:00,5009.2699999999995,11.7,82.0,10.6,0.0,5.0,11.7,82.0,5.0
2023-09-06 14:00:00,4853.34,11.7,82.0,10.6,0.0,5.0,11.7,82.0,5.0
2023-09-06 15:00:00,4791.1900000000005,11.7,82.0,10.6,0.0,5.0,11.7,82.0,5.0
2023-09-06 16:00:00,4731.13,11.7,82.0,10.6,0.0,5.0,11.7,82.0,5.0
2023-09-06 17:00:00,5011.3099999999995,11.7,82.0,10.6,0.0,5.0,11.7,82.0,5.0
2023-09-06 18:00:00,5270.5,11.7,82.0,10.6,0.0,5.0,11.7,82.0,5.0
2023-09-06 19:00:00,5309.37,11.7,82.0,10.6,0.0,5.0,11.7,82.0,5.0
2023-09-06 20:00:00,5251.02,11.7,82.0,10.6,0.0,5.0,11.7,82.0,5.0
2023-09-06 21:00:00,4855.48,11.7,82.0,10.6,0.0,5.0,11.7,82.0,5.0
2023-09-06 22:00:00,4174.52,11.7,82.0,10.6,0.0,5.0,11.7,82.0,5.0
2023-09-06 23:00:00,3941.03,11.7,82.0,10.6,0.0,5.0,11.7,82.0,5.0
2023-09-07 00:00:00,3318.37,11.7,82.0,10.6,0.0,5.0,11.7,82.0,5.0
2023-09-07 01:00:00,3424.98,11.7,82.0,10.6,0.0,5.0,11.7,82.0,5.0
2023-09-07 02:00:00,3520.34,11.7,82.0,10.6,0.0,5.0,11.7,82.0,5.0
2023-09-07 03:00:00,3502.7599999999998,11.7,82.0,10.6,0.0,5.0,11.7,82.0,5.0
2023-09-07 04:00:00,3593.99,11.7,82.0,10.6,0.0,5.0,11.7,82.0,5.0
2023-09-07 05:00:00,3555.55,11.7,82.0,10.6,0.0,5.0,11.7,82.0,5.0
2023-09-07 06:00:00,3825.13,11.7,82.0,10.6,0.0,5.0,11.7,82.0,5.0
2023-09-07 07:00:00,4074.2,11.7,82.0,10.6,0.0,5.0,11.7,82.0,5.0
2023-09-07 08:00:00,4186.83,11.7,82.0,10.6,0.0,5.0,11.7,82.0,5.0
2023-09-07 09:00:00,4382.1900000000005,11.7,82.0,10.6,0.0,5.0,11.7,82.0,5.0
2023-09-07 10:00:00,4474.72,11.7,82.0,10.6,0.0,5.0,11.7,82.0,5.0
2023-09-07 11:00:00,4789.61,11.7,82.0,10.6,0.0,5.0,11.7,82.0,5.0
2023-09-07 12:00:00,4929.719999999999,11.7,82.0,10.6,0.0,5.0,11.7,82.0,5.0
2023-09-07 13:00:00,4731.4,11.7,82.0,10.6,0.0,5.0,11.7,82.0,5.0
2023-09-07 14:00:00,4924.65,11.7,82.0,10.6,0.0,5.0,11.7,82.0,5.0
2023-09-07 15:00:00,4629.610000000001,11.7,82.0,10.6,0.0,5.0,11.7,82.0,5.0
2023-09-07 16:00:00,4747.6,11.7,82.0,10.6,0.0,5.0,11.7,82.0,5.0
2023-09-07 17:00:00,4841.17,11.7,82.0,10.6,0.0,5.0,11.7,82.0,5.0
2023-09-07 18:00:00,5010.73,11.7,82.0,10.6,0.0,5.0,11.7,82.0,5.0
2023-09-07 19:00:00,5340.65,11.7,82.0,10.6,0.0,5.0,11.7,82.0,5.0
2023-09-07 20:00:00,5085.1,11.7,82.0,10.6,0.0,5.0,11.7,82.0,5.0
2023-09-07 21:00:00,4859.6,11.7,82.0,10.6,0.0,5.0,11.7,82.0,5.0
2023-09-07 22:00:00,4328.34,11.7,82.0,10.6,0.0,5.0,11.7,82.0,5.0
2023-09-07 23:00:00,3919.13,11.7,82.0,10.6,0.0,5.0,11.7,82.0,5.0
2023-09-08 00:00:00,3237.5299999999997,11.7,82.0,10.6,0.0,5.0,11.7,82.0,5.0
2023-09-08 01:00:00,3431.89,11.7,82.0,10.6,0.0,5.0,11.7,82.0,5.0
2023-09-08 02:00:00,3378.28,11.7,82.0,10.6,0.0,5.0,11.7,82.0,5.0
2023-09-08 03:00:00,3528.74,11.7,82.0,10.6,0.0,5.0,11.7,82.0,5.0
2023-09-08 04:00:00,3485.01,11.7,82.0,10.6,0.0,5.0,11.7,82.0,5.0
2023-09-08 05:00:00,3369.42,11.7,82.0,10.6,0.0,5.0,11.7,82.0,5.0
2023-09-08 06:00:00,3739.31,11.7,82.0,10.6,0.0,5.0,11.7,82.0,5.0
2023-09-08 07:00:00,4006.4,11.7,82.0,10.6,0.0,5.0,11.7,82.0,5.0
2023-09-08 08:00:00,4339.91,11.7,82.0,10.6,0.0,5.0,11.7,82.0,5.0
2023-09-08 09:00:00,4670.639999999999,11.7,82.0,10.6,0.0,5.0,11.7,82.0,5.0
2023-09-08 10:00:00,4655.889999999999,11.7,82.0,10.6,0.0,5.0,11.7,82.0,5.0
2023-09-08 11:00:00,4801.84,11.7,82.0,10.6,0.0,5.0,11.7,82.0,5.0
2023-09-08 12:00:00,4874.34,11.7,82.0,10.6,0.0,5.0,11.7,82.0,5.0
2023-09-08 13:00:00,4881.2,11.7,82.0,10.6,0.0,5.0,11.7,82.0,5.0
2023-09-08 14:00:00,4867.56,11.7,82.0,10.6,0.0,5.0,11.7,82.0,5.0
2023-09-08 15:00:00,4705.59,11.7,82.0,10.6,0.0,5.0,11.7,82.0,5.0
2023-09-08 16:00:00,4663.52,11.7,82.0,10.6,0.0,5.0,11.7,82.0,5.0
2023-09-08 17:00:00,4887.68,11.7,82.0,10.6,0.0,5.0,11.7,82.0,5.0
2023-09-08 18:00:00,5173.39,11.7,82.0,10.6,0.0,5.0,11.7,82.0,5.0
2023-09-08 19:00:00,5180.51,11.7,82.0,10.6,0.0,5.0,11.7,82.0,5.0
2023-09-08 20:00:00,5155.37,11.7,82.0,10.6,0.0,5.0,11.7,82.0,5.0
2023-09-08 21:00:00,4825.01,11.7,82.0,10.6,0.0,5.0,11.7,82.0,5.0
2023-09-08 22:00:00,4149.13,11.7,82.0,10.6,0.0,5.0,11.7,82.0,5.0
2023-09-08 23:00:00,3694.88,11.7,82.0,10.6,0.0,5.0,11.7,82.0,5.0
2023-09-09 00:00:00,3126.31,11.7,82.0,10.6,0.0,5.0,11.7,82.0,5.0
2023-09-09 01:00:00,3165.12,11.7,82.0,10.6,0.0,5.0,11.7,82.0,5.0
2023-09-09 02:00:00,3307.31,11.7,82.0,10.6,0.0,5.0,11.7,82.0,5.0
2023-09-09 03:00:00,3451.46,11.7,82.0,10.6,0.0,5.0,11.7,82.0,5.0
2023-09-09 04:00:00,3363.9,11.7,82.0,10.6,0.0,5.0,11.7,82.0,5.0
2023-09-09 05:00:00,3260.83,11.7,82.0,10.6,0.0,5.0,11.7,82.0,5.0
2023-09-09 06:00:00,3561.5699999999997,11.7,82.0,10.6,0.0,5.0,11.7,82.0,5.0
2023-09-09 07:00:00,3868.61,11.7,82.0,10.6,0.0,5.0,11.7,82.0,5.0
2023-09-09 08:00:00,4157.16,11.7,82.0,10.6,0.0,5.0,11.7,82.0,5.0
2023-09-09 09:00:00,4421.49,11.7,82.0,10.6,0.0,5.0,11.7,82.0,5.0
2023-09-09 10:00:00,4458.66,11.7,82.0,10.6,0.0,5.0,11.7,82.0,5.0
2023-09-09 11:00:00,4462.32,11.7,82.0,10.6,0.0,5.0,11.7,82.0,5.0
2023-09-09 12:00:00,4621.45,11.7,82.0,10.6,0.0,5.0,11.7,82.0,5.0
2023-09-09 13:00:00,4739.79,11.7,82.0,10.6,0.0,5.0,11.7,82.0,5.0
2023-09-09 14:00:00,4721.47,11.7,82.0,10.6,0.0,5.0,11.7,82.0,5.0
2023-09-09 15:00:00,4611.13,11.7,82.0,10.6,0.0,5.0,11.7,82.0,5.0
2023-09-09 16:00:00,4389.66,11.7,82.0,10.6,0.0,5.0,11.7,82.0,5.0
2023-09-09 17:00:00,4662.01,11.7,82.0,10.6,0.0,5.0,11.7,82.0,5.0
2023-09-09 18:00:00,4923.85,11.7,82.0,10.6,0.0,5.0,11.7,82.0,5.0
2023-09-09 19:00:00,5087.6900000000005,11.7,82.0,10.6,0.0,5.0,11.7,82.0,5.0
2023-09-09 20:00:00,5110.03,11.7,82.0,10.6,0.0,5.0,11.7,82.0,5.0
2023-09-09 21:00:00,4843.75,11.7,82.0,10.6,0.0,5.0,11.7,82.0,5.0
2023-09-09 22:00:00,3968.9900000000002,11.7,82.0,10.6,0.0,5.0,11.7,82.0,5.0
2023-09-09 23:00:00,3837.58,11.7,82.0,10.6,0.0,5.0,11.7,82.0,5.0
2023-09-10 00:00:00,2994.83,11.7,82.0,10.6,0.0,5.0,11.7,82.0,5.0
2023-09-10 01:00:00,3019.96,11.7,82.0,10.6,0.0,5.0,11.7,82.0,5.0
2023-09-10 02:00:00,3264.71,11.7,82.0,10.6,0.0,5.0,11.7,82.0,5.0
2023-09-10 03:00:00,3067.13,11.7,82.0,10.6,0.0,5.0,11.7,82.0,5.0
2023-09-10 04:00:00,3357.9,11.7,82.0,10.6,0.0,5.0,11.7,82.0,5.0
2023-09-10 05:00:00,3280.98,11.7,82.0,10.6,0.0,5.0,11.7,82.0,5.0
2023-09-10 06:00:00,3479.2799999999997,11.7,82.0,10.6,0.0,5.0,11.7,82.0,5.0
2023-09-10 07:00:00,3743.49,11.7,82.0,10.6,0.0,5.0,11.7,82.0,5.0
2023-09-10 08:00:00,3914.19,11.7,82.0,10.6,0.0,5.0,11.7,82.0,5.0
2023-09-10 09:00:00,4169.91,11.7,82.0,10.6,0.0,5.0,11.7,82.0,5.0
2023-09-10 10:00:00,4222.59,11.7,82.0,10.6,0.0,5.0,11.7,82.0,5.0
2023-09-10 11:00:00,4301.16,11.7,82.0,10.6,0.0,5.0,11.7,82.0,5.0
2023-09-10 12:00:00,4406.78,11.7,82.0,10.6,0.0,5.0,11.7,82.0,5.0
2023-09-10 13:00:00,4482.42,11.7,82.0,10.6,0.0,5.0,11.7,82.0,5.0
2023-09-10 14:00:00,4177.45,11.7,82.0,10.6,0.0,5.0,11.7,82.0,5.0
2023-09-10 15:00:00,4298.83,11.7,82.0,10.6,0.0,5.0,11.7,82.0,5.0
2023-09-10 16:00:00,4202.59,11.7,82.0,10.6,0.0,5.0,11.7,82.0,5.0
2023-09-10 17:00:00,4470.06,11.7,82.0,10.6,0.0,5.0,11.7,82.0,5.0
2023-09-10 18:00:00,4734.13,11.7,82.0,10.6,0.0,5.0,11.7,82.0,5.0
2023-09-10 19:00:00,4827.89,11.7,82.0,10.6,0.0,5.0,11.7,82.0,5.0
2023-09-10 20:00:00,4630.26,11.7,82.0,10.6,0.0,5.0,11.7,82.0,5.0
2023-09-10 21:00:00,4450.93,11.7,82.0,10.6,0.0,5.0,11.7,82.0,5.0
2023-09-10 22:00:00,3800.4,11.7,82.0,10.6,0.0,5.0,11.7,82.0,5.0
2023-09-10 23:00:00,3475.07,11.7,82.0,10.6,0.0,5.0,11.7,82.0,5.0
2023-09-11 00:00:00,3206.17,11.7,82.0,10.6,0.0,5.0,11.7,82.0,5.0
2023-09-11 01:00:00,3266.92,11.7,82.0,10.6,0.0,5.0,11.7,82.0,5.0
2023-09-11 02:00:00,3445.14,11.7,82.0,10.6,0.0,5.0,11.7,82.0,5.0
2023-09-11 03:00:00,3476.34,11.7,82.0,10.6,0.0,5.0,11.7,82.0,5.0
2023-09-11 04:00:00,3381.49,11.7,82.0,10.6,0.0,5.0,11.7,82.0,5.0
2023-09-11 05:00:00,3430.6,11.7,82.0,10.6,0.0,5.0,11.7,82.0,5.0
2023-09-11 06:00:00,3628.3900000000003,11.7,82.0,10.6,0.0,5.0,11.7,82.0,5.0
2023-09-11 07:00:00,4093.93,11.7,82.0,10.6,0.0,5.0,11.7,82.0,5.0
2023-09-11 08:00:00,4445.49,11.7,82.0,10.6,0.0,5.0,11.7,82.0,5.0
2023-09-11 09:00:00,4588.91,11.7,82.0,10.6,0.0,5.0,11.7,82.0,5.0
2023-09-11 10:00:00,4433.06,11.7,82.0,10.6,0.0,5.0,11.7,82.0,5.0
2023-09-11 11:00:00,4783.48,11.7,82.0,10.6,0.0,5.0,11.7,82.0,5.0
2023-09-11 12:00:00,4846.92,11.7,82.0,10.6,0.0,5.0,11.7,82.0,5.0
2023-09-11 13:00:00,4902.73,11.7,82.0,10.6,0.0,5.0,11.7,82.0,5.0
2023-09-11 14:00:00,4780.89,11.7,82.0,10.6,0.0,5.0,11.7,82.0,5.0
2023-09-11 15:00:00,4666.38,11.7,82.0,10.6,0.0,5.0,11.7,82.0,5.0
2023-09-11 16:00:00,4532.51,11.7,82.0,10.6,0.0,5.0,11.7,82.0,5.0
2023-09-11 17:00:00,5013.37,11.7,82.0,10.6,0.0,5.0,11.7,82.0,5.0
2023-09-11 18:00:00,5038.5,11.7,82.0,10.6,0.0,5.0,11.7,82.0,5.0
2023-09-11 19:00:00,5242.75,11.7,82.0,10.6,0.0,5.0,11.7,82.0,5.0
2023-09-11 20:00:00,4907.24,11.7,82.0,10.6,0.0,5.0,11.7,82.0,5.0
2023-09-11 21:00:00,4847.64,11.7,82.0,10.6,0.0,5.0,11.7,82.0,5.0
2023-09-11 22:00:00,4340.78,11.7,82.0,10.6,0.0,5.0,11.7,82.0,5.0
2023-09-11 23:00:00,3880.92,11.7,82.0,10.6,0.0,5.0,11.7,82.0,5.0
2023-09-12 00:00:00,3131.77,11.7,82.0,10.6,0.0,5.0,11.7,82.0,5.0
2023-09-12 01:00:00,3443.07,11.7,82.0,10.6,0.0,5.0,11.7,82.0,5.0
2023-09-12 02:00:00,3573.82,11.7,82.0,10.6,0.0,5.0,11.7,82.0,5.0
2023-09-12 03:00:00,3361.49,11.7,82.0,10.6,0.0,5.0,11.7,82.0,5.0
2023-09-12 04:00:00,3354.32,11.7,82.0,10.6,0.0,5.0,11.7,82.0,5.0
2023-09-12 05:00:00,3471.01,11.7,82.0,10.6,0.0,5.0,11.7,82.0,5.0
2023-09-12 06:00:00,3630.51,11.7,82.0,10.6,0.0,5.0,11.7,82.0,5.0
2023-09-12 07:00:00,4115.11,11.7,82.0,10.6,0.0,5.0,11.7,82.0,5.0
2023-09-12 08:00:00,4260.87,11.7,82.0,10.6,0.0,5.0,11.7,82.0,5.0
2023-09-12 09:00:00,4566.9,11.7,82.0,10.6,0.0,5.0,11.7,82.0,5.0
2023-09-12 10:00:00,4645.11,11.7,82.0,10.6,0.0,5.0,11.7,82.0,5.0
2023-09-12 11:00:00,4717.13,11.7,82.0,10.6,0.0,5.0,11.7,82.0,5.0
2023-09-12 12:00:00,4764.72,11.7,82.0,10.6,0.0,5.0,11.7,82.0,5.0
2023-09-12 13:00:00,4705.35,11.7,82.0,10.6,0.0,5.0,11.7,82.0,5.0
2023-09-12 14:00:00,4755.62,11.7,82.0,10.6,0.0,5.0,11.7,82.0,5.0
2023-09-12 15:00:00,4653.66,11.7,82.0,10.6,0.0,5.0,11.7,82.0,5.0
2023-09-12 16:00:00,4509.65,11.7,82.0,10.6,0.0,5.0,11.7,82.0,5.0
2023-09-12 17:00:00,4780.07,11.7,82.0,10.6,0.0,5.0,11.7,82.0,5.0
2023-09-12 18:00:00,5079.4800000000005,11.7,82.0,10.6,0.0,5.0,11.7,82.0,5.0
2023-09-12 19:00:00,5184.76,11.7,82.0,10.6,0.0,5.0,11.7,82.0,5.0
2023-09-12 20:00:00,5001.47,11.7,82.0,10.6,0.0,5.0,11.7,82.0,5.0
2023-09-12 21:00:00,4898.5599999999995,11.7,82.0,10.6,0.0,5.0,11.7,82.0,5.0
2023-09-12 22:00:00,4154.09,11.7,82.0,10.6,0.0,5.0,11.7,82.0,5.0
2023-09-12 23:00:00,3852.37,11.7,82.0,10.6,0.0,5.0,11.7,82.0,5.0
2023-09-13 00:00:00,3273.43,11.7,82.0,10.6,0.0,5.0,11.7,82.0,5.0
2023-09-13 01:00:00,3184.79,11.7,82.0,10.6,0.0,5.0,11.7,82.0,5.0
2023-09-13 02:00:00,3288.23,11.7,82.0,10.6,0.0,5.0,11.7,82.0,5.0
2023-09-13 03:00:00,3469.0,11.7,82.0,10.6,0.0,5.0,11.7,82.0,5.0
2023-09-13 04:00:00,3416.69,11.7,82.0,10.6,0.0,5.0,11.7,82.0,5.0
2023-09-13 05:00:00,3357.8,11.7,82.0,10.6,0.0,5.0,11.7,82.0,5.0
2023-09-13 06:00:00,3762.6099999999997,11.7,82.0,10.6,0.0,5.0,11.7,82.0,5.0
2023-09-13 07:00:00,3871.05,11.7,82.0,10.6,0.0,5.0,11.7,82.0,5.0
2023-09-13 08:00:00,4191.95,11.7,82.0,10.6,0.0,5.0,11.7,82.0,5.0
2023-09-13 09:00:00,4524.92,11.7,82.0,10.6,0.0,5.0,11.7,82.0,5.0
2023-09-13 10:00:00,4550.62,11.7,82.0,10.6,0.0,5.0,11.7,82.0,5.0
2023-09-13 11:00:00,4655.860000000001,11.7,82.0,10.6,0.0,5.0,11.7,82.0,5.0
2023-09-13 12:00:00,4688.85,11.7,82.0,10.6,0.0,5.0,11.7,82.0,5.0
2023-09-13 13:00:00,4808.2699999999995,11.7,82.0,10.6,0.0,5.0,11.7,82.0,5.0
2023-09-13 14:00:00,4821.21,11.7,82.0,10.6,0.0,5.0,11.7,82.0,5.0
2023-09-13 15:00:00,4614.94,11.7,82.0,10.6,0.0,5.0,11.7,82.0,5.0
2023-09-13 16:00:00,4493.72,11.7,82.0,10.6,0.0,5.0,11.7,82.0,5.0
2023-09-13 17:00:00,4769.75,11.7,82.0,10.6,0.0,5.0,11.7,82.0,5.0
2023-09-13 18:00:00,5223.22,11.7,82.0,10.6,0.0,5.0,11.7,82.0,5.0
2023-09-13 19:00:00,5177.41,11.7,82.0,10.6,0.0,5.0,11.7,82.0,5.0
2023-09-13 20:00:00,5118.47,11.7,82.0,10.6,0.0,5.0,11.7,82.0,5.0
2023-09-13 21:00:00,4806.69,11.7,82.0,10.6,0.0,5.0,11.7,82.0,5.0
2023-09-13 22:00:00,4281.6900000000005,11.7,82.0,10.6,0.0,5.0,11.7,82.0,5.0
2023-09-13 23:00:00,3749.97,11.7,82.0,10.6,0.0,5.0,11.7,82.0,5.0
2023-09-14 00:00:00,3310.8,11.7,82.0,10.6,0.0,5.0,11.7,82.0,5.0
2023-09-14 01:00:00,3266.21,11.7,82.0,10.6,0.0,5.0,11.7,82.0,5.0
2023-09-14 02:00:00,3332.68,11.7,82.0,10.6,0.0,5.0,11.7,82.0,5.0
2023-09-14 03:00:00,3276.97,11.7,82.0,10.6,0.0,5.0,11.7,82.0,5.0
2023-09-14 04:00:00,3385.2,11.7,82.0,10.6,0.0,5.0,11.7,82.0,5.0
2023-09-14 05:00:00,3346.8,11.7,82.0,10.6,0.0,5.0,11.7,82.0,5.0
2023-09-14 06:00:00,3670.56,11.7,82.0,10.6,0.0,5.0,11.7,82.0,5.0
2023-09-14 07:00:00,3992.3,11.7,82.0,10.6,0.0,5.0,11.7,82.0,5.0
2023-09-14 08:00:00,4091.84,11.7,82.0,10.6,0.0,5.0,11.7,82.0,5.0
2023-09-14 09:00:00,4517.2,11.7,82.0,10.6,0.0,5.0,11.7,82.0,5.0
2023-09-14 10:00:00,4470.45,11.7,82.0,10.6,0.0,5.0,11.7,82.0,5.0
2023-09-14 11:00:00,4610.8,11.7,82.0,10.6,0.0,5.0,11.7,82.0,5.0
2023-09-14 12:00:00,4617.54,11.7,82.0,10.6,0.0,5.0,11.7,82.0,5.0
2023-09-14 13:00:00,4812.32,11.7,82.0,10.6,0.0,5.0,11.7,82.0,5.0
2023-09-14 14:00:00,4899.1,11.7,82.0,10.6,0.0,5.0,11.7,82.0,5.0
2023-09-14 15:00:00,4818.49,11.7,82.0,10.6,0.0,5.0,11.7,82.0,5.0
2023-09-14 16:00:00,4345.61,11.7,82.0,10.6,0.0,5.0,11.7,82.0,5.0
2023-09-14 17:00:00,4738.46,11.7,82.0,10.6,0.0,5.0,11.7,82.0,5.0
2023-09-14 18:00:00,5172.5199999999995,11.7,82.0,10.6,0.0,5.0,11.7,82.0,5.0
2023-09-14 19:00:00,5244.58,11.7,82.0,10.6,0.0,5.0,11.7,82.0,5.0
2023-09-14 20:00:00,5141.17,11.7,82.0,10.6,0.0,5.0,11.7,82.0,5.0
2023-09-14 21:00:00,4894.14,11.7,82.0,10.6,0.0,5.0,11.7,82.0,5.0
2023-09-14 22:00:00,4173.41,11.7,82.0,10.6,0.0,5.0,11.7,82.0,5.0
2023-09-14 23:00:00,3713.46,11.7,82.0,10.6,0.0,5.0,11.7,82.0,5.0
2023-09-15 00:00:00,2980.9,11.7,82.0,10.6,0.0,5.0,11.7,82.0,5.0
2023-09-15 01:00:00,3246.79,11.7,82.0,10.6,0.0,5.0,11.7,82.0,5.0
2023-09-15 02:00:00,3596.14,11.7,82.0,10.6,0.0,5.0,11.7,82.0,5.0
2023-09-15 03:00:00,3513.87,11.7,82.0,10.6,0.0,5.0,11.7,82.0,5.0
2023-09-15 04:00:00,3416.36,11.7,82.0,10.6,0.0,5.0,11.7,82.0,5.0
2023-09-15 05:00:00,3384.0699999999997,11.7,82.0,10.6,0.0,5.0,11.7,82.0,5.0
2023-09-15 06:00:00,3658.36,11.7,82.0,10.6,0.0,5.0,11.7,82.0,5.0
2023-09-15 07:00:00,3989.5499999999997,11.7,82.0,10.6,0.0,5.0,11.7,82.0,5.0
2023-09-15 08:00:00,4179.55,11.7,82.0,10.6,0.0,5.0,11.7,82.0,5.0
2023-09-15 09:00:00,4445.6,11.7,82.0,10.6,0.0,5.0,11.7,82.0,5.0
2023-09-15 10:00:00,4527.72,11.7,82.0,10.6,0.0,5.0,11.7,82.0,5.0
2023-09-15 11:00:00,4684.54,11.7,82.0,10.6,0.0,5.0,11.7,82.0,5.0
2023-09-15 12:00:00,4692.31,11.7,82.0,10.6,0.0,5.0,11.7,82.0,5.0
2023-09-15 13:00:00,4851.0,11.7,82.0,10.6,0.0,5.0,11.7,82.0,5.0
2023-09-15 14:00:00,4732.03,11.7,82.0,10.6,0.0,5.0,11.7,82.0,5.0
2023-09-15 15:00:00,4671.33,11.7,82.0,10.6,0.0,5.0,11.7,82.0,5.0
2023-09-15 16:00:00,4528.86,11.7,82.0,10.6,0.0,5.0,11.7,82.0,5.0
2023-09-15 17:00:00,4815.2699999999995,11.7,82.0,10.6,0.0,5.0,11.7,82.0,5.0
2023-09-15 18:00:00,5137.33,11.7,82.0,10.6,0.0,5.0,11.7,82.0,5.0
2023-09-15 19:00:00,5288.97,11.7,82.0,10.6,0.0,5.0,11.7,82.0,5.0
2023-09-15 20:00:00,5014.23,11.7,82.0,10.6,0.0,5.0,11.7,82.0,5.0
2023-09-15 21:00:00,4815.400000000001,11.7,82.0,10.6,0.0,5.0,11.7,82.0,5.0
2023-09-15 22:00:00,4178.97,11.7,82.0,10.6,0.0,5.0,11.7,82.0,5.0
2023-09-15 23:00:00,3736.7,11.7,82.0,10.6,0.0,5.0,11.7,82.0,5.0
2023-09-16 00:00:00,3172.41,11.7,82.0,10.6,0.0,5.0,11.7,82.0,5.0
2023-09-16 01:00:00,3073.94,11.7,82.0,10.6,0.0,5.0,11.7,82.0,5.0
2023-09-16 02:00:00,3196.62,11.7,82.0,10.6,0.0,5.0,11.7,82.0,5.0
2023-09-16 03:00:00,3351.09,11.7,82.0,10.6,0.0,5.0,11.7,82.0,5.0
2023-09-16 04:00:00,3165.76,11.7,82.0,10.6,0.0,5.0,11.7,82.0,5.0
2023-09-16 05:00:00,3200.42,11.7,82.0,10.6,0.0,5.0,11.7,82.0,5.0
2023-09-16 06:00:00,3591.06,11.7,82.0,10.6,0.0,5.0,11.7,82.0,5.0
2023-09-16 07:00:00,3662.13,11.7,82.0,10.6,0.0,5.0,11.7,82.0,5.0
2023-09-16 08:00:00,4033.85,11.7,82.0,10.6,0.0,5.0,11.7,82.0,5.0
2023-09-16 09:00:00,4375.56,11.7,82.0,10.6,0.0,5.0,11.7,82.0,5.0
2023-09-16 10:00:00,4406.2,11.7,82.0,10.6,0.0,5.0,11.7,82.0,5.0
2023-09-16 11:00:00,4498.16,11.7,82.0,10.6,0.0,5.0,11.7,82.0,5.0
2023-09-16 12:00:00,4445.29,11.7,82.0,10.6,0.0,5.0,11.7,82.0,5.0
2023-09-16 13:00:00,4681.7300000000005,11.7,82.0,10.6,0.0,5.0,11.7,82.0,5.0
2023-09-16 14:00:00,4577.3,11.7,82.0,10.6,0.0,5.0,11.7,82.0,5.0
2023-09-16 15:00:00,4501.25,11.7,82.0,10.6,0.0,5.0,11.7,82.0,5.0
2023-09-16 16:00:00,4288.12,11.7,82.0,10.6,0.0,5.0,11.7,82.0,5.0
2023-09-16 17:00:00,4481.59,11.7,82.0,10.6,0.0,5.0,11.7,82.0,5.0
2023-09-16 18:00:00,4838.97,11.7,82.0,10.6,0.0,5.0,11.7,82.0,5.0
2023-09-16 19:00:00,4952.85,11.7,82.0,10.6,0.0,5.0,11.7,82.0,5.0
2023-09-16 20:00:00,4899.82,11.7,82.0,10.6,0.0,5.0,11.7,82.0,5.0
2023-09-16 21:00:00,4640.43,11.7,82.0,10.6,0.0,5.0,11.7,82.0,5.0
2023-09-16 22:00:00,3993.23,11.7,82.0,10.6,0.0,5.0,11.7,82.0,5.0
2023-09-16 23:00:00,3674.5299999999997,11.7,82.0,10.6,0.0,5.0,11.7,82.0,5.0
2023-09-17 00:00:00,3023.01,11.7,82.0,10.6,0.0,5.0,11.7,82.0,5.0
2023-09-17 01:00:00,3083.28,11.7,82.0,10.6,0.0,5.0,11.7,82.0,5.0
2023-09-17 02:00:00,3034.61,11.7,82.0,10.6,0.0,5.0,11.7,82.0,5.0
2023-09-17 03:00:00,3075.31,11.7,82.0,10.6,0.0,5.0,11.7,82.0,5.0
2023-09-17 04:00:00,3001.32,11.7,82.0,10.6,0.0,5.0,11.7,82.0,5.0
2023-09-17 05:00:00,3152.23,11.7,82.0,10.6,0.0,5.0,11.7,82.0,5.0
2023-09-17 06:00:00,3347.59,11.7,82.0,10.6,0.0,5.0,11.7,82.0,5.0
2023-09-17 07:00:00,3454.14,11.7,82.0,10.6,0.0,5.0,11.7,82.0,5.0
2023-09-17 08:00:00,3732.01,11.7,82.0,10.6,0.0,5.0,11.7,82.0,5.0
2023-09-17 09:00:00,3988.61,11.7,82.0,10.6,0.0,5.0,11.7,82.0,5.0
2023-09-17 10:00:00,4046.21,11.7,82.0,10.6,0.0,5.0,11.7,82.0,5.0
2023-09-17 11:00:00,4157.17,11.7,82.0,10.6,0.0,5.0,11.7,82.0,5.0
2023-09-17 12:00:00,4285.98,11.7,82.0,10.6,0.0,5.0,11.7,82.0,5.0
2023-09-17 13:00:00,4359.61,11.7,82.0,10.6,0.0,5.0,11.7,82.0,5.0
2023-09-17 14:00:00,4293.88,11.7,82.0,10.6,0.0,5.0,11.7,82.0,5.0
2023-09-17 15:00:00,4127.87,11.7,82.0,10.6,0.0,5.0,11.7,82.0,5.0
2023-09-17 16:00:00,4101.39,11.7,82.0,10.6,0.0,5.0,11.7,82.0,5.0
2023-09-17 17:00:00,4354.77,11.7,82.0,10.6,0.0,5.0,11.7,82.0,5.0
2023-09-17 18:00:00,4557.91,11.7,82.0,10.6,0.0,5.0,11.7,82.0,5.0
2023-09-17 19:00:00,4700.5,11.7,82.0,10.6,0.0,5.0,11.7,82.0,5.0
2023-09-17 20:00:00,4707.42,11.7,82.0,10.6,0.0,5.0,11.7,82.0,5.0
2023-09-17 21:00:00,4417.51,11.7,82.0,10.6,0.0,5.0,11.7,82.0,5.0
2023-09-17 22:00:00,3693.1,11.7,82.0,10.6,0.0,5.0,11.7,82.0,5.0
2023-09-17 23:00:00,3391.8399999999997,11.7,82.0,10.6,0.0,5.0,11.7,82.0,5.0
2023-09-18 00:00:00,3130.97,11.7,82.0,10.6,0.0,5.0,11.7,82.0,5.0
2023-09-18 01:00:00,3244.51,11.7,82.0,10.6,0.0,5.0,11.7,82.0,5.0
2023-09-18 02:00:00,3287.63,11.7,82.0,10.6,0.0,5.0,11.7,82.0,5.0
2023-09-18 03:00:00,3371.67,11.7,82.0,10.6,0.0,5.0,11.7,82.0,5.0
2023-09-18 04:00:00,3314.21,11.7,82.0,10.6,0.0,5.0,11.7,82.0,5.0
2023-09-18 05:00:00,3310.74,11.7,82.0,10.6,0.0,5.0,11.7,82.0,5.0
2023-09-18 06:00:00,3492.9500000000003,11.7,82.0,10.6,0.0,5.0,11.7,82.0,5.0
2023-09-18 07:00:00,3959.7700000000004,11.7,82.0,10.6,0.0,5.0,11.7,82.0,5.0
2023-09-18 08:00:00,4123.4,11.7,82.0,10.6,0.0,5.0,11.7,82.0,5.0
2023-09-18 09:00:00,4387.07,11.7,82.0,10.6,0.0,5.0,11.7,82.0,5.0
2023-09-18 10:00:00,4503.7699999999995,11.7,82.0,10.6,0.0,5.0,11.7,82.0,5.0
2023-09-18 11:00:00,4594.66,11.7,82.0,10.6,0.0,5.0,11.7,82.0,5.0
2023-09-18 12:00:00,4798.9,11.7,82.0,10.6,0.0,5.0,11.7,82.0,5.0
2023-09-18 13:00:00,4928.86,11.7,82.0,10.6,0.0,5.0,11.7,82.0,5.0
2023-09-18 14:00:00,4628.63,11.7,82.0,10.6,0.0,5.0,11.7,82.0,5.0
2023-09-18 15:00:00,4596.27,11.7,82.0,10.6,0.0,5.0,11.7,82.0,5.0
2023-09-18 16:00:00,4640.08,11.7,82.0,10.6,0.0,5.0,11.7,82.0,5.0
2023-09-18 17:00:00,4844.4800000000005,11.7,82.0,10.6,0.0,5.0,11.7,82.0,5.0
2023-09-18 18:00:00,4976.78,11.7,82.0,10.6,0.0,5.0,11.7,82.0,5.0
2023-09-18 19:00:00,5076.849999999999,11.7,82.0,10.6,0.0,5.0,11.7,82.0,5.0
2023-09-18 20:00:00,5072.95,11.7,82.0,10.6,0.0,5.0,11.7,82.0,5.0
2023-09-18 21:00:00,4937.14,11.7,82.0,10.6,0.0,5.0,11.7,82.0,5.0
2023-09-18 22:00:00,4242.56,11.7,82.0,10.6,0.0,5.0,11.7,82.0,5.0
2023-09-18 23:00:00,3701.17,11.7,82.0,10.6,0.0,5.0,11.7,82.0,5.0
2023-09-19 00:00:00,3081.62,11.7,82.0,10.6,0.0,5.0,11.7,82.0,5.0
2023-09-19 01:00:00,3225.22,11.7,82.0,10.6,0.0,5.0,11.7,82.0,5.0
2023-09-19 02:00:00,3309.15,11.7,82.0,10.6,0.0,5.0,11.7,82.0,5.0
2023-09-19 03:00:00,3422.2599999999998,11.7,82.0,10.6,0.0,5.0,11.7,82.0,5.0
2023-09-19 04:00:00,3520.02,11.7,82.0,10.6,0.0,5.0,11.7,82.0,5.0
2023-09-19 05:00:00,3375.27,11.7,82.0,10.6,0.0,5.0,11.7,82.0,5.0
2023-09-19 06:00:00,3643.75,11.7,82.0,10.6,0.0,5.0,11.7,82.0,5.0
2023-09-19 07:00:00,3951.65,11.7,82.0,10.6,0.0,5.0,11.7,82.0,5.0
2023-09-19 08:00:00,4388.14,11.7,82.0,10.6,0.0,5.0,11.7,82.0,5.0
2023-09-19 09:00:00,4621.52,11.7,82.0,10.6,0.0,5.0,11.7,82.0,5.0
2023-09-19 10:00:00,4369.86,11.7,82.0,10.6,0.0,5.0,11.7,82.0,5.0
2023-09-19 11:00:00,4630.15,11.7,82.0,10.6,0.0,5.0,11.7,82.0,5.0
2023-09-19 12:00:00,4634.11,11.7,82.0,10.6,0.0,5.0,11.7,82.0,5.0
2023-09-19 13:00:00,4842.05,11.7,82.0,10.6,0.0,5.0,11.7,82.0,5.0
2023-09-19 14:00:00,4746.85,11.7,82.0,10.6,0.0,5.0,11.7,82.0,5.0
2023-09-19 15:00:00,4592.16,11.7,82.0,10.6,0.0,5.0,11.7,82.0,5.0
2023-09-19 16:00:00,4443.5599999999995,11.7,82.0,10.6,0.0,5.0,11.7,82.0,5.0
2023-09-19 17:00:00,4633.7300000000005,11.7,82.0,10.6,0.0,5.0,11.7,82.0,5.0
2023-09-19 18:00:00,5219.25,11.7,82.0,10.6,0.0,5.0,11.7,82.0,5.0
2023-09-19 19:00:00,5074.48,11.7,82.0,10.6,0.0,5.0,11.7,82.0,5.0
2023-09-19 20:00:00,5075.889999999999,11.7,82.0,10.6,0.0,5.0,11.7,82.0,5.0
2023-09-19 21:00:00,4868.87,11.7,82.0,10.6,0.0,5.0,11.7,82.0,5.0
2023-09-19 22:00:00,4128.39,11.7,82.0,10.6,0.0,5.0,11.7,82.0,5.0
2023-09-19 23:00:00,3817.7200000000003,11.7,82.0,10.6,0.0,5.0,11.7,82.0,5.0
2023-09-20 00:00:00,3117.2400000000002,11.7,82.0,10.6,0.0,5.0,11.7,82.0,5.0
2023-09-20 01:00:00,3204.69,11.7,82.0,10.6,0.0,5.0,11.7,82.0,5.0
2023-09-20 02:00:00,3392.58,11.7,82.0,10.6,0.0,5.0,11.7,82.0,5.0
2023-09-20 03:00:00,3476.6,11.7,82.0,10.6,0.0,5.0,11.7,82.0,5.0
2023-09-20 04:00:00,3299.77,11.7,82.0,10.6,0.0,5.0,11.7,82.0,5.0
2023-09-20 05:00:00,3463.66,11.7,82.0,10.6,0.0,5.0,11.7,82.0,5.0
2023-09-20 06:00:00,3841.43,11.7,82.0,10.6,0.0,5.0,11.7,82.0,5.0
2023-09-20 07:00:00,3851.7200000000003,11.7,82.0,10.6,0.0,5.0,11.7,82.0,5.0
2023-09-20 08:00:00,4233.9800000000005,11.7,82.0,10.6,0.0,5.0,11.7,82.0,5.0
2023-09-20 09:00:00,4454.68,11.7,82.0,10.6,0.0,5.0,11.7,82.0,5.0
2023-09-20 10:00:00,4476.08,11.7,82.0,10.6,0.0,5.0,11.7,82.0,5.0
2023-09-20 11:00:00,4568.14,11.7,82.0,10.6,0.0,5.0,11.7,82.0,5.0
2023-09-20 12:00:00,4529.99,11.7,82.0,10.6,0.0,5.0,11.7,82.0,5.0
2023-09-20 13:00:00,4715.52,11.7,82.0,10.6,0.0,5.0,11.7,82.0,5.0
2023-09-20 14:00:00,4651.64,11.7,82.0,10.6,0.0,5.0,11.7,82.0,5.0
2023-09-20 15:00:00,4541.46,11.7,82.0,10.6,0.0,5.0,11.7,82.0,5.0
2023-09-20 16:00:00,4378.64,11.7,82.0,10.6,0.0,5.0,11.7,82.0,5.0
2023-09-20 17:00:00,4717.19,11.7,82.0,10.6,0.0,5.0,11.7,82.0,5.0
2023-09-20 18:00:00,5002.13,11.7,82.0,10.6,0.0,5.0,11.7,82.0,5.0
2023-09-20 19:00:00,5209.88,11.7,82.0,10.6,0.0,5.0,11.7,82.0,5.0
2023-09-20 20:00:00,5071.4800000000005,11.7,82.0,10.6,0.0,5.0,11.7,82.0,5.0
2023-09-20 21:00:00,4736.58,11.7,82.0,10.6,0.0,5.0,11.7,82.0,5.0
2023-09-20 22:00:00,4154.5199999999995,11.7,82.0,10.6,0.0,5.0,11.7,82.0,5.0
2023-09-20 23:00:00,3703.15,11.7,82.0,10.6,0.0,5.0,11.7,82.0,5.0
2023-09-21 00:00:00,2994.43,11.7,82.0,10.6,0.0,5.0,11.7,82.0,5.0
2023-09-21 01:00:00,3243.86,11.7,82.0,10.6,0.0,5.0,11.7,82.0,5.0
2023-09-21 02:00:00,3304.48,11.7,82.0,10.6,0.0,5.0,11.7,82.0,5.0
2023-09-21 03:00:00,3539.5099999999998,11.7,82.0,10.6,0.0,5.0,11.7,82.0,5.0
2023-09-21 04:00:00,3353.23,11.7,82.0,10.6,0.0,5.0,11.7,82.0,5.0
2023-09-21 05:00:00,3520.24,11.7,82.0,10.6,0.0,5.0,11.7,82.0,5.0
2023-09-21 06:00:00,3633.58,11.7,82.0,10.6,0.0,5.0,11.7,82.0,5.0
2023-09-21 07:00:00,3997.04,11.7,82.0,10.6,0.0,5.0,11.7,82.0,5.0
2023-09-21 08:00:00,4134.4800000000005,11.7,82.0,10.6,0.0,5.0,11.7,82.0,5.0
2023-09-21 09:00:00,4461.139999999999,11.7,82.0,10.6,0.0,5.0,11.7,82.0,5.0
2023-09-21 10:00:00,4371.61,11.7,82.0,10.6,0.0,5.0,11.7,82.0,5.0
2023-09-21 11:00:00,4704.81,11.7,82.0,10.6,0.0,5.0,11.7,82.0,5.0
2023-09-21 12:00:00,4786.33,11.7,82.0,10.6,0.0,5.0,11.7,82.0,5.0
2023-09-21 13:00:00,4649.84,11.7,82.0,10.6,0.0,5.0,11.7,82.0,5.0
2023-09-21 14:00:00,4585.7,11.7,82.0,10.6,0.0,5.0,11.7,82.0,5.0
2023-09-21 15:00:00,4417.37,11.7,82.0,10.6,0.0,5.0,11.7,82.0,5.0
2023-09-21 16:00:00,4448.84,11.7,82.0,10.6,0.0,5.0,11.7,82.0,5.0
2023-09-21 17:00:00,4702.82,11.7,82.0,10.6,0.0,5.0,11.7,82.0,5.0
2023-09-21 18:00:00,5081.99,11.7,82.0,10.6,0.0,5.0,11.7,82.0,5.0
2023-09-21 19:00:00,5124.81,11.7,82.0,10.6,0.0,5.0,11.7,82.0,5.0
2023-09-21 20:00:00,5056.47,11.7,82.0,10.6,0.0,5.0,11.7,82.0,5.0
2023-09-21 21:00:00,4750.21,11.7,82.0,10.6,0.0,5.0,11.7,82.0,5.0
2023-09-21 22:00:00,3922.19,11.7,82.0,10.6,0.0,5.0,11.7,82.0,5.0
2023-09-21 23:00:00,3817.2799999999997,11.7,82.0,10.6,0.0,5.0,11.7,82.0,5.0
2023-09-22 00:00:00,3278.0299999999997,11.7,82.0,10.6,0.0,5.0,11.7,82.0,5.0
2023-09-22 01:00:00,3326.67,11.7,82.0,10.6,0.0,5.0,11.7,82.0,5.0
2023-09-22 02:00:00,3379.3300000000004,11.7,82.0,10.6,0.0,5.0,11.7,82.0,5.0
2023-09-22 03:00:00,3408.41,11.7,82.0,10.6,0.0,5.0,11.7,82.0,5.0
2023-09-22 04:00:00,3255.7799999999997,11.7,82.0,10.6,0.0,5.0,11.7,82.0,5.0
2023-09-22 05:00:00,3479.82,11.7,82.0,10.6,0.0,5.0,11.7,82.0,5.0
2023-09-22 06:00:00,3654.98,11.7,82.0,10.6,0.0,5.0,11.7,82.0,5.0
2023-09-22 07:00:00,4110.35,11.7,82.0,10.6,0.0,5.0,11.7,82.0,5.0
2023-09-22 08:00:00,4128.41,11.7,82.0,10.6,0.0,5.0,11.7,82.0,5.0
2023-09-22 09:00:00,4318.82,11.7,82.0,10.6,0.0,5.0,11.7,82.0,5.0
2023-09-22 10:00:00,4561.87,11.7,82.0,10.6,0.0,5.0,11.7,82.0,5.0
2023-09-22 11:00:00,4503.04,11.7,82.0,10.6,0.0,5.0,11.7,82.0,5.0
2023-09-22 12:00:00,4482.4400000000005,11.7,82.0,10.6,0.0,5.0,11.7,82.0,5.0
2023-09-22 13:00:00,4798.37,11.7,82.0,10.6,0.0,5.0,11.7,82.0,5.0
2023-09-22 14:00:00,4541.5599999999995,11.7,82.0,10.6,0.0,5.0,11.7,82.0,5.0
2023-09-22 15:00:00,4552.8099999999995,11.7,82.0,10.6,0.0,5.0,11.7,82.0,5.0
2023-09-22 16:00:00,4536.3099999999995,11.7,82.0,10.6,0.0,5.0,11.7,82.0,5.0
2023-09-22 17:00:00,4698.95,11.7,82.0,10.6,0.0,5.0,11.7,82.0,5.0
2023-09-22 18:00:00,5057.28,11.7,82.0,10.6,0.0,5.0,11.7,82.0,5.0
2023-09-22 19:00:00,5165.5,11.7,82.0,10.6,0.0,5.0,11.7,82.0,5.0
2023-09-22 20:00:00,4983.31,11.7,82.0,10.6,0.0,5.0,11.7,82.0,5.0
2023-09-22 21:00:00,4748.86,11.7,82.0,10.6,0.0,5.0,11.7,82.0,5.0
2023-09-22 22:00:00,4109.88,11.7,82.0,10.6,0.0,5.0,11.7,82.0,5.0
2023-09-22 23:00:00,3877.47,11.7,82.0,10.6,0.0,5.0,11.7,82.0,5.0
2023-09-23 00:00:00,3064.57,11.7,82.0,10.6,0.0,5.0,11.7,82.0,5.0
2023-09-23 01:00:00,3096.59,11.7,82.0,10.6,0.0,5.0,11.7,82.0,5.0
2023-09-23 02:00:00,3187.89,11.7,82.0,10.6,0.0,5.0,11.7,82.0,5.0
2023-09-23 03:00:00,3166.39,11.7,82.0,10.6,0.0,5.0,11.7,82.0,5.0
2023-09-23 04:00:00,3156.63,11.7,82.0,10.6,0.0,5.0,11.7,82.0,5.0
2023-09-23 05:00:00,3285.51,11.7,82.0,10.6,0.0,5.0,11.7,82.0,5.0
2023-09-23 06:00:00,3576.3500000000004,11.7,82.0,10.6,0.0,5.0,11.7,82.0,5.0
2023-09-23 07:00:00,3643.81,11.7,82.0,10.6,0.0,5.0,11.7,82.0,5.0
2023-09-23 08:00:00,4045.75,11.7,82.0,10.6,0.0,5.0,11.7,82.0,5.0
2023-09-23 09:00:00,4170.49,11.7,82.0,10.6,0.0,5.0,11.7,82.0,5.0
2023-09-23 10:00:00,4096.26,11.7,82.0,10.6,0.0,5.0,11.7,82.0,5.0
2023-09-23 11:00:00,4383.3099999999995,11.7,82.0,10.6,0.0,5.0,11.7,82.0,5.0
2023-09-23 12:00:00,4393.389999999999,11.7,82.0,10.6,0.0,5.0,11.7,82.0,5.0
2023-09-23 13:00:00,4577.48,11.7,82.0,10.6,0.0,5.0,11.7,82.0,5.0
2023-09-23 14:00:00,4541.62,11.7,82.0,10.6,0.0,5.0,11.7,82.0,5.0
2023-09-23 15:00:00,4377.6,11.7,82.0,10.6,0.0,5.0,11.7,82.0,5.0
2023-09-23 16:00:00,4216.82,11.7,82.0,10.6,0.0,5.0,11.7,82.0,5.0
2023-09-23 17:00:00,4453.47,11.7,82.0,10.6,0.0,5.0,11.7,82.0,5.0
2023-09-23 18:00:00,4869.9,11.7,82.0,10.6,0.0,5.0,11.7,82.0,5.0
2023-09-23 19:00:00,4891.8,11.7,82.0,10.6,0.0,5.0,11.7,82.0,5.0
2023-09-23 20:00:00,4866.21,11.7,82.0,10.6,0.0,5.0,11.7,82.0,5.0
2023-09-23 21:00:00,4609.72,11.7,82.0,10.6,0.0,5.0,11.7,82.0,5.0
2023-09-23 22:00:00,4008.84,11.7,82.0,10.6,0.0,5.0,11.7,82.0,5.0
2023-09-23 23:00:00,3735.34,11.7,82.0,10.6,0.0,5.0,11.7,82.0,5.0
2023-09-24 00:00:00,2985.83,11.7,82.0,10.6,0.0,5.0,11.7,82.0,5.0
2023-09-24 01:00:00,2947.4900000000002,11.7,82.0,10.6,0.0,5.0,11.7,82.0,5.0
2023-09-24 02:00:00,2963.89,11.7,82.0,10.6,0.0,5.0,11.7,82.0,5.0
2023-09-24 03:00:00,2989.84,11.7,82.0,10.6,0.0,5.0,11.7,82.0,5.0
2023-09-24 04:00:00,3068.87,11.7,82.0,10.6,0.0,5.0,11.7,82.0,5.0
2023-09-24 05:00:00,3059.76,11.7,82.0,10.6,0.0,5.0,11.7,82.0,5.0
2023-09-24 06:00:00,3362.44,11.7,82.0,10.6,0.0,5.0,11.7,82.0,5.0
2023-09-24 07:00:00,3718.86,11.7,82.0,10.6,0.0,5.0,11.7,82.0,5.0
2023-09-24 08:00:00,3915.2,11.7,82.0,10.6,0.0,5.0,11.7,82.0,5.0
2023-09-24 09:00:00,3996.74,11.7,82.0,10.6,0.0,5.0,11.7,82.0,5.0
2023-09-24 10:00:00,4051.87,11.7,82.0,10.6,0.0,5.0,11.7,82.0,5.0
2023-09-24 11:00:00,4217.32,11.7,82.0,10.6,0.0,5.0,11.7,82.0,5.0
2023-09-24 12:00:00,4219.1,11.7,82.0,10.6,0.0,5.0,11.7,82.0,5.0
2023-09-24 13:00:00,4432.13,11.7,82.0,10.6,0.0,5.0,11.7,82.0,5.0
2023-09-24 14:00:00,4131.78,11.7,82.0,10.6,0.0,5.0,11.7,82.0,5.0
2023-09-24 15:00:00,4126.7,11.7,82.0,10.6,0.0,5.0,11.7,82.0,5.0
2023-09-24 16:00:00,4066.6,11.7,82.0,10.6,0.0,5.0,11.7,82.0,5.0
2023-09-24 17:00:00,4384.75,11.7,82.0,10.6,0.0,5.0,11.7,82.0,5.0
2023-09-24 18:00:00,4396.42,11.7,82.0,10.6,0.0,5.0,11.7,82.0,5.0
2023-09-24 19:00:00,4667.1,11.7,82.0,10.6,0.0,5.0,11.7,82.0,5.0
2023-09-24 20:00:00,4492.08,11.7,82.0,10.6,0.0,5.0,11.7,82.0,5.0
2023-09-24 21:00:00,4347.37,11.7,82.0,10.6,0.0,5.0,11.7,82.0,5.0
2023-09-24 22:00:00,3598.52,11.7,82.0,10.6,0.0,5.0,11.7,82.0,5.0
2023-09-24 23:00:00,3391.96,11.7,82.0,10.6,0.0,5.0,11.7,82.0,5.0
2023-09-25 00:00:00,3273.39,11.7,82.0,10.6,0.0,5.0,11.7,82.0,5.0
2023-09-25 01:00:00,3339.47,11.7,82.0,10.6,0.0,5.0,11.7,82.0,5.0
2023-09-25 02:00:00,3405.2,11.7,82.0,10.6,0.0,5.0,11.7,82.0,5.0
2023-09-25 03:00:00,3386.3,11.7,82.0,10.6,0.0,5.0,11.7,82.0,5.0
2023-09-25 04:00:00,3395.06,11.7,82.0,10.6,0.0,5.0,11.7,82.0,5.0
2023-09-25 05:00:00,3372.44,11.7,82.0,10.6,0.0,5.0,11.7,82.0,5.0
2023-09-25 06:00:00,3643.04,11.7,82.0,10.6,0.0,5.0,11.7,82.0,5.0
2023-09-25 07:00:00,3930.74,11.7,82.0,10.6,0.0,5.0,11.7,82.0,5.0
2023-09-25 08:00:00,4066.28,11.7,82.0,10.6,0.0,5.0,11.7,82.0,5.0
2023-09-25 09:00:00,4389.33,11.7,82.0,10.6,0.0,5.0,11.7,82.0,5.0
2023-09-25 10:00:00,4299.17,11.7,82.0,10.6,0.0,5.0,11.7,82.0,5.0
2023-09-25 11:00:00,4621.62,11.7,82.0,10.6,0.0,5.0,11.7,82.0,5.0
2023-09-25 12:00:00,4663.46,11.7,82.0,10.6,0.0,5.0,11.7,82.0,5.0
2023-09-25 13:00:00,4658.43,11.7,82.0,10.6,0.0,5.0,11.7,82.0,5.0
2023-09-25 14:00:00,4584.74,11.7,82.0,10.6,0.0,5.0,11.7,82.0,5.0
2023-09-25 15:00:00,4461.429999999999,11.7,82.0,10.6,0.0,5.0,11.7,82.0,5.0
2023-09-25 16:00:00,4492.89,11.7,82.0,10.6,0.0,5.0,11.7,82.0,5.0
2023-09-25 17:00:00,4693.29,11.7,82.0,10.6,0.0,5.0,11.7,82.0,5.0
2023-09-25 18:00:00,5085.9,11.7,82.0,10.6,0.0,5.0,11.7,82.0,5.0
2023-09-25 19:00:00,5223.9400000000005,11.7,82.0,10.6,0.0,5.0,11.7,82.0,5.0
2023-09-25 20:00:00,4974.13,11.7,82.0,10.6,0.0,5.0,11.7,82.0,5.0
2023-09-25 21:00:00,4677.7699999999995,11.7,82.0,10.6,0.0,5.0,11.7,82.0,5.0
2023-09-25 22:00:00,4157.24,11.7,82.0,10.6,0.0,5.0,11.7,82.0,5.0
2023-09-25 23:00:00,3855.58,11.7,82.0,10.6,0.0,5.0,11.7,82.0,5.0
2023-09-26 00:00:00,3084.83,11.7,82.0,10.6,0.0,5.0,11.7,82.0,5.0
2023-09-26 01:00:00,3294.56,11.7,82.0,10.6,0.0,5.0,11.7,82.0,5.0
2023-09-26 02:00:00,3145.2799999999997,11.7,82.0,10.6,0.0,5.0,11.7,82.0,5.0
2023-09-26 03:00:00,3267.5299999999997,11.7,82.0,10.6,0.0,5.0,11.7,82.0,5.0
2023-09-26 04:00:00,3326.97,11.7,82.0,10.6,0.0,5.0,11.7,82.0,5.0
2023-09-26 05:00:00,3429.21,11.7,82.0,10.6,0.0,5.0,11.7,82.0,5.0
2023-09-26 06:00:00,3638.37,11.7,82.0,10.6,0.0,5.0,11.7,82.0,5.0
2023-09-26 07:00:00,3914.21,11.7,82.0,10.6,0.0,5.0,11.7,82.0,5.0
2023-09-26 08:00:00,4295.86,11.7,82.0,10.6,0.0,5.0,11.7,82.0,5.0
2023-09-26 09:00:00,4238.71,11.7,82.0,10.6,0.0,5.0,11.7,82.0,5.0
2023-09-26 10:00:00,4390.32,11.7,82.0,10.6,0.0,5.0,11.7,82.0,5.0
2023-09-26 11:00:00,4595.49,11.7,82.0,10.6,0.0,5.0,11.7,82.0,5.0
2023-09-26 12:00:00,4584.29,11.7,82.0,10.6,0.0,5.0,11.7,82.0,5.0
2023-09-26 13:00:00,4703.4,11.7,82.0,10.6,0.0,5.0,11.7,82.0,5.0
2023-09-26 14:00:00,4764.26,11.7,82.0,10.6,0.0,5.0,11.7,82.0,5.0
2023-09-26 15:00:00,4663.47,11.7,82.0,10.6,0.0,5.0,11.7,82.0,5.0
2023-09-26 16:00:00,4449.69,11.7,82.0,10.6,0.0,5.0,11.7,82.0,5.0
2023-09-26 17:00:00,4606.11,11.7,82.0,10.6,0.0,5.0,11.7,82.0,5.0
2023-09-26 18:00:00,5075.85,11.7,82.0,10.6,0.0,5.0,11.7,82.0,5.0
2023-09-26 19:00:00,5022.42,11.7,82.0,10.6,0.0,5.0,11.7,82.0,5.0
2023-09-26 20:00:00,4845.2300000000005,11.7,82.0,10.6,0.0,5.0,11.7,82.0,5.0
2023-09-26 21:00:00,4624.9,11.7,82.0,10.6,0.0,5.0,11.7,82.0,5.0
2023-09-26 22:00:00,4023.61,11.7,82.0,10.6,0.0,5.0,11.7,82.0,5.0
2023-09-26 23:00:00,3543.92,11.7,82.0,10.6,0.0,5.0,11.7,82.0,5.0
2023-09-27 00:00:00,3152.86,11.7,82.0,10.6,0.0,5.0,11.7,82.0,5.0
2023-09-27 01:00:00,3234.65,11.7,82.0,10.6,0.0,5.0,11.7,82.0,5.0
2023-09-27 02:00:00,3524.87,11.7,82.0,10.6,0.0,5.0,11.7,82.0,5.0
2023-09-27 03:00:00,3466.8,11.7,82.0,10.6,0.0,5.0,11.7,82.0,5.0
2023-09-27 04:00:00,3385.09,11.7,82.0,10.6,0.0,5.0,11.7,82.0,5.0
2023-09-27 05:00:00,3384.94,11.7,82.0,10.6,0.0,5.0,11.7,82.0,5.0
2023-09-27 06:00:00,3635.76,11.7,82.0,10.6,0.0,5.0,11.7,82.0,5.0
2023-09-27 07:00:00,3807.94,11.7,82.0,10.6,0.0,5.0,11.7,82.0,5.0
2023-09-27 08:00:00,4253.05,11.7,82.0,10.6,0.0,5.0,11.7,82.0,5.0
2023-09-27 09:00:00,4454.21,11.7,82.0,10.6,0.0,5.0,11.7,82.0,5.0
2023-09-27 10:00:00,4273.62,11.7,82.0,10.6,0.0,5.0,11.7,82.0,5.0
2023-09-27 11:00:00,4603.14,11.7,82.0,10.6,0.0,5.0,11.7,82.0,5.0
2023-09-27 12:00:00,4714.38,11.7,82.0,10.6,0.0,5.0,11.7,82.0,5.0
2023-09-27 13:00:00,4519.74,11.7,82.0,10.6,0.0,5.0,11.7,82.0,5.0
2023-09-27 14:00:00,4550.21,11.7,82.0,10.6,0.0,5.0,11.7,82.0,5.0
2023-09-27 15:00:00,4557.110000000001,11.7,82.0,10.6,0.0,5.0,11.7,82.0,5.0
2023-09-27 16:00:00,4255.17,11.7,82.0,10.6,0.0,5.0,11.7,82.0,5.0
2023-09-27 17:00:00,4762.32,11.7,82.0,10.6,0.0,5.0,11.7,82.0,5.0
2023-09-27 18:00:00,5038.5199999999995,11.7,82.0,10.6,0.0,5.0,11.7,82.0,5.0
2023-09-27 19:00:00,5052.8,11.7,82.0,10.6,0.0,5.0,11.7,82.0,5.0
2023-09-27 20:00:00,4892.5599999999995,11.7,82.0,10.6,0.0,5.0,11.7,82.0,5.0
2023-09-27 21:00:00,4687.4800000000005,11.7,82.0,10.6,0.0,5.0,11.7,82.0,5.0
2023-09-27 22:00:00,4079.1499999999996,11.7,82.0,10.6,0.0,5.0,11.7,82.0,5.0
2023-09-27 23:00:00,3790.15,11.7,82.0,10.6,0.0,5.0,11.7,82.0,5.0
2023-09-28 00:00:00,3163.58,11.7,82.0,10.6,0.0,5.0,11.7,82.0,5.0
2023-09-28 01:00:00,3229.2000000000003,11.7,82.0,10.6,0.0,5.0,11.7,82.0,5.0
2023-09-28 02:00:00,3388.49,11.7,82.0,10.6,0.0,5.0,11.7,82.0,5.0
2023-09-28 03:00:00,3501.25,11.7,82.0,10.6,0.0,5.0,11.7,82.0,5.0
2023-09-28 04:00:00,3379.11,11.7,82.0,10.6,0.0,5.0,11.7,82.0,5.0
2023-09-28 05:00:00,3467.13,11.7,82.0,10.6,0.0,5.0,11.7,82.0,5.0
2023-09-28 06:00:00,3566.1,11.7,82.0,10.6,0.0,5.0,11.7,82.0,5.0
2023-09-28 07:00:00,3941.61,11.7,82.0,10.6,0.0,5.0,11.7,82.0,5.0
2023-09-28 08:00:00,4028.7,11.7,82.0,10.6,0.0,5.0,11.7,82.0,5.0
2023-09-28 09:00:00,4561.57,11.7,82.0,10.6,0.0,5.0,11.7,82.0,5.0
2023-09-28 10:00:00,4377.05,11.7,82.0,10.6,0.0,5.0,11.7,82.0,5.0
2023-09-28 11:00:00,4390.77,11.7,82.0,10.6,0.0,5.0,11.7,82.0,5.0
2023-09-28 12:00:00,4831.49,11.7,82.0,10.6,0.0,5.0,11.7,82.0,5.0
2023-09-28 13:00:00,4679.53,11.7,82.0,10.6,0.0,5.0,11.7,82.0,5.0
2023-09-28 14:00:00,4668.95,11.7,82.0,10.6,0.0,5.0,11.7,82.0,5.0
2023-09-28 15:00:00,4599.78,11.7,82.0,10.6,0.0,5.0,11.7,82.0,5.0
2023-09-28 16:00:00,4324.63,11.7,82.0,10.6,0.0,5.0,11.7,82.0,5.0
2023-09-28 17:00:00,4828.17,11.7,82.0,10.6,0.0,5.0,11.7,82.0,5.0
2023-09-28 18:00:00,4944.13,11.7,82.0,10.6,0.0,5.0,11.7,82.0,5.0
2023-09-28 19:00:00,5087.93,11.7,82.0,10.6,0.0,5.0,11.7,82.0,5.0
2023-09-28 20:00:00,4985.24,11.7,82.0,10.6,0.0,5.0,11.7,82.0,5.0
2023-09-28 21:00:00,4720.03,11.7,82.0,10.6,0.0,5.0,11.7,82.0,5.0
2023-09-28 22:00:00,3883.0,11.7,82.0,10.6,0.0,5.0,11.7,82.0,5.0
2023-09-28 23:00:00,3635.5299999999997,11.7,82.0,10.6,0.0,5.0,11.7,82.0,5.0
2023-09-29 00:00:00,3117.9,11.7,82.0,10.6,0.0,5.0,11.7,82.0,5.0
2023-09-29 01:00:00,3146.96,11.7,82.0,10.6,0.0,5.0,11.7,82.0,5.0
2023-09-29 02:00:00,3240.85,11.7,82.0,10.6,0.0,5.0,11.7,82.0,5.0
2023-09-29 03:00:00,3397.77,11.7,82.0,10.6,0.0,5.0,11.7,82.0,5.0
2023-09-29 04:00:00,3339.07,11.7,82.0,10.6,0.0,5.0,11.7,82.0,5.0
2023-09-29 05:00:00,3166.02,11.7,82.0,10.6,0.0,5.0,11.7,82.0,5.0
2023-09-29 06:00:00,3625.18,11.7,82.0,10.6,0.0,5.0,11.7,82.0,5.0
2023-09-29 07:00:00,3757.68,11.7,82.0,10.6,0.0,5.0,11.7,82.0,5.0
2023-09-29 08:00:00,4194.23,11.7,82.0,10.6,0.0,5.0,11.7,82.0,5.0
2023-09-29 09:00:00,4168.09,11.7,82.0,10.6,0.0,5.0,11.7,82.0,5.0
2023-09-29 10:00:00,4326.179999999999,11.7,82.0,10.6,0.0,5.0,11.7,82.0,5.0
2023-09-29 11:00:00,4529.3099999999995,11.7,82.0,10.6,0.0,5.0,11.7,82.0,5.0
2023-09-29 12:00:00,4771.82,11.7,82.0,10.6,0.0,5.0,11.7,82.0,5.0
2023-09-29 13:00:00,4731.96,11.7,82.0,10.6,0.0,5.0,11.7,82.0,5.0
2023-09-29 14:00:00,4604.32,11.7,82.0,10.6,0.0,5.0,11.7,82.0,5.0
2023-09-29 15:00:00,4539.27,11.7,82.0,10.6,0.0,5.0,11.7,82.0,5.0
2023-09-29 16:00:00,4387.58,11.7,82.0,10.6,0.0,5.0,11.7,82.0,5.0
2023-09-29 17:00:00,4576.89,11.7,82.0,10.6,0.0,5.0,11.7,82.0,5.0
2023-09-29 18:00:00,5034.28,11.7,82.0,10.6,0.0,5.0,11.7,82.0,5.0
2023-09-29 19:00:00,4976.6,11.7,82.0,10.6,0.0,5.0,11.7,82.0,5.0
2023-09-29 20:00:00,4954.72,11.7,82.0,10.6,0.0,5.0,11.7,82.0,5.0
2023-09-29 21:00:00,4736.49,11.7,82.0,10.6,0.0,5.0,11.7,82.0,5.0
2023-09-29 22:00:00,4067.62,11.7,82.0,10.6,0.0,5.0,11.7,82.0,5.0
2023-09-29 23:00:00,3865.54,11.7,82.0,10.6,0.0,5.0,11.7,82.0,5.0
2023-09-30 00:00:00,3017.61,11.7,82.0,10.6,0.0,5.0,11.7,82.0,5.0
2023-09-30 01:00:00,3043.81,11.7,82.0,10.6,0.0,5.0,11.7,82.0,5.0
2023-09-30 02:00:00,3126.7599999999998,11.7,82.0,10.6,0.0,5.0,11.7,82.0,5.0
2023-09-30 03:00:00,3121.43,11.7,82.0,10.6,0.0,5.0,11.7,82.0,5.0
2023-09-30 04:00:00,3208.96,11.7,82.0,10.6,0.0,5.0,11.7,82.0,5.0
2023-09-30 05:00:00,3375.0099999999998,11.7,82.0,10.6,0.0,5.0,11.7,82.0,5.0
2023-09-30 06:00:00,3399.08,11.7,82.0,10.6,0.0,5.0,11.7,82.0,5.0
2023-09-30 07:00:00,3803.66,11.7,82.0,10.6,0.0,5.0,11.7,82.0,5.0
2023-09-30 08:00:00,3969.94,11.7,82.0,10.6,0.0,5.0,11.7,82.0,5.0
2023-09-30 09:00:00,4218.24,11.7,82.0,10.6,0.0,5.0,11.7,82.0,5.0
2023-09-30 10:00:00,4366.2300000000005,11.7,82.0,10.6,0.0,5.0,11.7,82.0,5.0
2023-09-30 11:00:00,4369.16,11.7,82.0,10.6,0.0,5.0,11.7,82.0,5.0
2023-09-30 12:00:00,4427.83,11.7,82.0,10.6,0.0,5.0,11.7,82.0,5.0
2023-09-30 13:00:00,4551.34,11.7,82.0,10.6,0.0,5.0,11.7,82.0,5.0
2023-09-30 14:00:00,4458.66,11.7,82.0,10.6,0.0,5.0,11.7,82.0,5.0
2023-09-30 15:00:00,4352.25,11.7,82.0,10.6,0.0,5.0,11.7,82.0,5.0
2023-09-30 16:00:00,4287.9,11.7,82.0,10.6,0.0,5.0,11.7,82.0,5.0
2023-09-30 17:00:00,4420.49,11.7,82.0,10.6,0.0,5.0,11.7,82.0,5.0
2023-09-30 18:00:00,4659.13,11.7,82.0,10.6,0.0,5.0,11.7,82.0,5.0
2023-09-30 19:00:00,4765.6,11.7,82.0,10.6,0.0,5.0,11.7,82.0,5.0
2023-09-30 20:00:00,4746.06,11.7,82.0,10.6,0.0,5.0,11.7,82.0,5.0
2023-09-30 21:00:00,4408.7,11.7,82.0,10.6,0.0,5.0,11.7,82.0,5.0
2023-09-30 22:00:00,3921.5,11.7,82.0,10.6,0.0,5.0,11.7,82.0,5.0
2023-09-30 23:00:00,3562.1,11.7,82.0,10.6,0.0,5.0,11.7,82.0,5.0
2023-10-01 00:00:00,2947.6,11.7,82.0,10.6,0.0,5.0,11.7,82.0,5.0
2023-10-01 01:00:00,3009.21,11.7,82.0,10.6,0.0,5.0,11.7,82.0,5.0
2023-10-01 02:00:00,3036.48,11.7,82.0,10.6,0.0,5.0,11.7,82.0,5.0
2023-10-01 03:00:00,3197.81,11.7,82.0,10.6,0.0,5.0,11.7,82.0,5.0
2023-10-01 04:00:00,3048.32,11.7,82.0,10.6,0.0,5.0,11.7,82.0,5.0
2023-10-01 05:00:00,3038.71,11.7,82.0,10.6,0.0,5.0,11.7,82.0,5.0
2023-10-01 06:00:00,3136.12,11.7,82.0,10.6,0.0,5.0,11.7,82.0,5.0
2023-10-01 07:00:00,3557.67,11.7,82.0,10.6,0.0,5.0,11.7,82.0,5.0
2023-10-01 08:00:00,3829.87,11.7,82.0,10.6,0.0,5.0,11.7,82.0,5.0
2023-10-01 09:00:00,3950.82,11.7,82.0,10.6,0.0,5.0,11.7,82.0,5.0
2023-10-01 10:00:00,3963.86,11.7,82.0,10.6,0.0,5.0,11.7,82.0,5.0
2023-10-01 11:00:00,4091.71,11.7,82.0,10.6,0.0,5.0,11.7,82.0,5.0
2023-10-01 12:00:00,4242.9,11.7,82.0,10.6,0.0,5.0,11.7,82.0,5.0
2023-10-01 13:00:00,4131.15,11.7,82.0,10.6,0.0,5.0,11.7,82.0,5.0
2023-10-01 14:00:00,4296.62,11.7,82.0,10.6,0.0,5.0,11.7,82.0,5.0
2023-10-01 15:00:00,4324.76,11.7,82.0,10.6,0.0,5.0,11.7,82.0,5.0
2023-10-01 16:00:00,4152.95,11.7,82.0,10.6,0.0,5.0,11.7,82.0,5.0
2023-10-01 17:00:00,4285.91,11.7,82.0,10.6,0.0,5.0,11.7,82.0,5.0
2023-10-01 18:00:00,4296.4800000000005,11.7,82.0,10.6,0.0,5.0,11.7,82.0,5.0
2023-10-01 19:00:00,4632.93,11.7,82.0,10.6,0.0,5.0,11.7,82.0,5.0
2023-10-01 20:00:00,4420.35,11.7,82.0,10.6,0.0,5.0,11.7,82.0,5.0
2023-10-01 21:00:00,4226.32,11.7,82.0,10.6,0.0,5.0,11.7,82.0,5.0
2023-10-01 22:00:00,3636.34,11.7,82.0,10.6,0.0,5.0,11.7,82.0,5.0
2023-10-01 23:00:00,3410.58,11.7,82.0,10.6,0.0,5.0,11.7,82.0,5.0
2023-10-02 00:00:00,3150.2,11.7,82.0,10.6,0.0,5.0,11.7,82.0,5.0
2023-10-02 01:00:00,3213.42,11.7,82.0,10.6,0.0,5.0,11.7,82.0,5.0
2023-10-02 02:00:00,3209.64,11.7,82.0,10.6,0.0,5.0,11.7,82.0,5.0
2023-10-02 03:00:00,3374.64,11.7,82.0,10.6,0.0,5.0,11.7,82.0,5.0
2023-10-02 04:00:00,3235.91,11.7,82.0,10.6,0.0,5.0,11.7,82.0,5.0
2023-10-02 05:00:00,3397.43,11.7,82.0,10.6,0.0,5.0,11.7,82.0,5.0
2023-10-02 06:00:00,3632.45,11.7,82.0,10.6,0.0,5.0,11.7,82.0,5.0
2023-10-02 07:00:00,3836.85,11.7,82.0,10.6,0.0,5.0,11.7,82.0,5.0
2023-10-02 08:00:00,4115.41,11.7,82.0,10.6,0.0,5.0,11.7,82.0,5.0
2023-10-02 09:00:00,4328.7,11.7,82.0,10.6,0.0,5.0,11.7,82.0,5.0
2023-10-02 10:00:00,4308.23,11.7,82.0,10.6,0.0,5.0,11.7,82.0,5.0
2023-10-02 11:00:00,4415.49,11.7,82.0,10.6,0.0,5.0,11.7,82.0,5.0
2023-10-02 12:00:00,4608.14,11.7,82.0,10.6,0.0,5.0,11.7,82.0,5.0
2023-10-02 13:00:00,4583.8,11.7,82.0,10.6,0.0,5.0,11.7,82.0,5.0
2023-10-02 14:00:00,4601.44,11.7,82.0,10.6,0.0,5.0,11.7,82.0,5.0
2023-10-02 15:00:00,4495.11,11.7,82.0,10.6,0.0,5.0,11.7,82.0,5.0
2023-10-02 16:00:00,4245.29,11.7,82.0,10.6,0.0,5.0,11.7,82.0,5.0
2023-10-02 17:00:00,4694.95,11.7,82.0,10.6,0.0,5.0,11.7,82.0,5.0
2023-10-02 18:00:00,4839.25,11.7,82.0,10.6,0.0,5.0,11.7,82.0,5.0
2023-10-02 19:00:00,4945.15,11.7,82.0,10.6,0.0,5.0,11.7,82.0,5.0
2023-10-02 20:00:00,4959.24,11.7,82.0,10.6,0.0,5.0,11.7,82.0,5.0
2023-10-02 21:00:00,4653.67,11.7,82.0,10.6,0.0,5.0,11.7,82.0,5.0
2023-10-02 22:00:00,3996.13,11.7,82.0,10.6,0.0,5.0,11.7,82.0,5.0
2023-10-02 23:00:00,3703.6400000000003,11.7,82.0,10.6,0.0,5.0,11.7,82.0,5.0
2023-10-03 00:00:00,3126.9700000000003,11.7,82.0,10.6,0.0,5.0,11.7,82.0,5.0
2023-10-03 01:00:00,3245.0499999999997,11.7,82.0,10.6,0.0,5.0,11.7,82.0,5.0
2023-10-03 02:00:00,3523.97,11.7,82.0,10.6,0.0,5.0,11.7,82.0,5.0
2023-10-03 03:00:00,3261.41,11.7,82.0,10.6,0.0,5.0,11.7,82.0,5.0
2023-10-03 04:00:00,3262.0099999999998,11.7,82.0,10.6,0.0,5.0,11.7,82.0,5.0
2023-10-03 05:00:00,3189.51,11.7,82.0,10.6,0.0,5.0,11.7,82.0,5.0
2023-10-03 06:00:00,3625.37,11.7,82.0,10.6,0.0,5.0,11.7,82.0,5.0
2023-10-03 07:00:00,3829.7599999999998,11.7,82.0,10.6,0.0,5.0,11.7,82.0,5.0
2023-10-03 08:00:00,4075.17,11.7,82.0,10.6,0.0,5.0,11.7,82.0,5.0
2023-10-03 09:00:00,4293.42,11.7,82.0,10.6,0.0,5.0,11.7,82.0,5.0
2023-10-03 10:00:00,4603.3,11.7,82.0,10.6,0.0,5.0,11.7,82.0,5.0
2023-10-03 11:00:00,4630.3,11.7,82.0,10.6,0.0,5.0,11.7,82.0,5.0
2023-10-03 12:00:00,4589.46,11.7,82.0,10.6,0.0,5.0,11.7,82.0,5.0
2023-10-03 13:00:00,4576.47,11.7,82.0,10.6,0.0,5.0,11.7,82.0,5.0
2023-10-03 14:00:00,4476.76,11.7,82.0,10.6,0.0,5.0,11.7,82.0,5.0
2023-10-03 15:00:00,4590.99,11.7,82.0,10.6,0.0,5.0,11.7,82.0,5.0
2023-10-03 16:00:00,4334.28,11.7,82.0,10.6,0.0,5.0,11.7,82.0,5.0
2023-10-03 17:00:00,4539.92,11.7,82.0,10.6,0.0,5.0,11.7,82.0,5.0
2023-10-03 18:00:00,4932.04,11.7,82.0,10.6,0.0,5.0,11.7,82.0,5.0
2023-10-03 19:00:00,4913.58,11.7,82.0,10.6,0.0,5.0,11.7,82.0,5.0
2023-10-03 20:00:00,4835.15,11.7,82.0,10.6,0.0,5.0,11.7,82.0,5.0
2023-10-03 21:00:00,4660.84,11.7,82.0,10.6,0.0,5.0,11.7,82.0,5.0
2023-10-03 22:00:00,4007.58,11.7,82.0,10.6,0.0,5.0,11.7,82.0,5.0
2023-10-03 23:00:00,3513.42,11.7,82.0,10.6,0.0,5.0,11.7,82.0,5.0
2023-10-04 00:00:00,3157.18,11.7,82.0,10.6,0.0,5.0,11.7,82.0,5.0
2023-10-04 01:00:00,3165.93,11.7,82.0,10.6,0.0,5.0,11.7,82.0,5.0
2023-10-04 02:00:00,3157.39,11.7,82.0,10.6,0.0,5.0,11.7,82.0,5.0
2023-10-04 03:00:00,3312.76,11.7,82.0,10.6,0.0,5.0,11.7,82.0,5.0
2023-10-04 04:00:00,3209.55,11.7,82.0,10.6,0.0,5.0,11.7,82.0,5.0
2023-10-04 05:00:00,3392.78,11.7,82.0,10.6,0.0,5.0,11.7,82.0,5.0
2023-10-04 06:00:00,3601.77,11.7,82.0,10.6,0.0,5.0,11.7,82.0,5.0
2023-10-04 07:00:00,3759.71,11.7,82.0,10.6,0.0,5.0,11.7,82.0,5.0
2023-10-04 08:00:00,3994.0099999999998,11.7,82.0,10.6,0.0,5.0,11.7,82.0,5.0
2023-10-04 09:00:00,4291.14,11.7,82.0,10.6,0.0,5.0,11.7,82.0,5.0
2023-10-04 10:00:00,4455.34,11.7,82.0,10.6,0.0,5.0,11.7,82.0,5.0
2023-10-04 11:00:00,4565.63,11.7,82.0,10.6,0.0,5.0,11.7,82.0,5.0
2023-10-04 12:00:00,4697.51,11.7,82.0,10.6,0.0,5.0,11.7,82.0,5.0
2023-10-04 13:00:00,4537.46,11.7,82.0,10.6,0.0,5.0,11.7,82.0,5.0
2023-10-04 14:00:00,4478.79,11.7,82.0,10.6,0.0,5.0,11.7,82.0,5.0
2023-10-04 15:00:00,4462.03,11.7,82.0,10.6,0.0,5.0,11.7,82.0,5.0
2023-10-04 16:00:00,4256.0,11.7,82.0,10.6,0.0,5.0,11.7,82.0,5.0
2023-10-04 17:00:00,4614.76,11.7,82.0,10.6,0.0,5.0,11.7,82.0,5.0
2023-10-04 18:00:00,5095.09,11.7,82.0,10.6,0.0,5.0,11.7,82.0,5.0
2023-10-04 19:00:00,5140.75,11.7,82.0,10.6,0.0,5.0,11.7,82.0,5.0
2023-10-04 20:00:00,4920.3,11.7,82.0,10.6,0.0,5.0,11.7,82.0,5.0
2023-10-04 21:00:00,4701.94,11.7,82.0,10.6,0.0,5.0,11.7,82.0,5.0
2023-10-04 22:00:00,4033.5699999999997,11.7,82.0,10.6,0.0,5.0,11.7,82.0,5.0
2023-10-04 23:00:00,3687.31,11.7,82.0,10.6,0.0,5.0,11.7,82.0,5.0
2023-10-05 00:00:00,3129.52,11.7,82.0,10.6,0.0,5.0,11.7,82.0,5.0
2023-10-05 01:00:00,3318.98,11.7,82.0,10.6,0.0,5.0,11.7,82.0,5.0
2023-10-05 02:00:00,3336.88,11.7,82.0,10.6,0.0,5.0,11.7,82.0,5.0
2023-10-05 03:00:00,3300.7,11.7,82.0,10.6,0.0,5.0,11.7,82.0,5.0
2023-10-05 04:00:00,3158.68,11.7,82.0,10.6,0.0,5.0,11.7,82.0,5.0
2023-10-05 05:00:00,3381.66,11.7,82.0,10.6,0.0,5.0,11.7,82.0,5.0
2023-10-05 06:00:00,3600.07,11.7,82.0,10.6,0.0,5.0,11.7,82.0,5.0
2023-10-05 07:00:00,3847.51,11.7,82.0,10.6,0.0,5.0,11.7,82.0,5.0
2023-10-05 08:00:00,4053.43,11.7,82.0,10.6,0.0,5.0,11.7,82.0,5.0
2023-10-05 09:00:00,4246.75,11.7,82.0,10.6,0.0,5.0,11.7,82.0,5.0
2023-10-05 10:00:00,4274.6,11.7,82.0,10.6,0.0,5.0,11.7,82.0,5.0
2023-10-05 11:00:00,4424.33,11.7,82.0,10.6,0.0,5.0,11.7,82.0,5.0
2023-10-05 12:00:00,4693.54,11.7,82.0,10.6,0.0,5.0,11.7,82.0,5.0
2023-10-05 13:00:00,4734.34,11.7,82.0,10.6,0.0,5.0,11.7,82.0,5.0
2023-10-05 14:00:00,4577.16,11.7,82.0,10.6,0.0,5.0,11.7,82.0,5.0
2023-10-05 15:00:00,4569.19,11.7,82.0,10.6,0.0,5.0,11.7,82.0,5.0
2023-10-05 16:00:00,4348.37,11.7,82.0,10.6,0.0,5.0,11.7,82.0,5.0
2023-10-05 17:00:00,4671.53,11.7,82.0,10.6,0.0,5.0,11.7,82.0,5.0
2023-10-05 18:00:00,4803.2,11.7,82.0,10.6,0.0,5.0,11.7,82.0,5.0
2023-10-05 19:00:00,5002.4800000000005,11.7,82.0,10.6,0.0,5.0,11.7,82.0,5.0
2023-10-05 20:00:00,4860.79,11.7,82.0,10.6,0.0,5.0,11.7,82.0,5.0
2023-10-05 21:00:00,4575.28,11.7,82.0,10.6,0.0,5.0,11.7,82.0,5.0
2023-10-05 22:00:00,4046.71,11.7,82.0,10.6,0.0,5.0,11.7,82.0,5.0
2023-10-05 23:00:00,3576.06,11.7,82.0,10.6,0.0,5.0,11.7,82.0,5.0
2023-10-06 00:00:00,3044.57,11.7,82.0,10.6,0.0,5.0,11.7,82.0,5.0
2023-10-06 01:00:00,3122.02,11.7,82.0,10.6,0.0,5.0,11.7,82.0,5.0
2023-10-06 02:00:00,3259.29,11.7,82.0,10.6,0.0,5.0,11.7,82.0,5.0
2023-10-06 03:00:00,3277.38,11.7,82.0,10.6,0.0,5.0,11.7,82.0,5.0
2023-10-06 04:00:00,3252.68,11.7,82.0,10.6,0.0,5.0,11.7,82.0,5.0
2023-10-06 05:00:00,3457.14,11.7,82.0,10.6,0.0,5.0,11.7,82.0,5.0
2023-10-06 06:00:00,3511.44,11.7,82.0,10.6,0.0,5.0,11.7,82.0,5.0
2023-10-06 07:00:00,3959.8599999999997,11.7,82.0,10.6,0.0,5.0,11.7,82.0,5.0
2023-10-06 08:00:00,4022.91,11.7,82.0,10.6,0.0,5.0,11.7,82.0,5.0
2023-10-06 09:00:00,4317.31,11.7,82.0,10.6,0.0,5.0,11.7,82.0,5.0
2023-10-06 10:00:00,4403.41,11.7,82.0,10.6,0.0,5.0,11.7,82.0,5.0
2023-10-06 11:00:00,4513.73,11.7,82.0,10.6,0.0,5.0,11.7,82.0,5.0
2023-10-06 12:00:00,4520.71,11.7,82.0,10.6,0.0,5.0,11.7,82.0,5.0
2023-10-06 13:00:00,4611.11,11.7,82.0,10.6,0.0,5.0,11.7,82.0,5.0
2023-10-06 14:00:00,4640.95,11.7,82.0,10.6,0.0,5.0,11.7,82.0,5.0
2023-10-06 15:00:00,4523.06,11.7,82.0,10.6,0.0,5.0,11.7,82.0,5.0
2023-10-06 16:00:00,4298.65,11.7,82.0,10.6,0.0,5.0,11.7,82.0,5.0
2023-10-06 17:00:00,4544.93,11.7,82.0,10.6,0.0,5.0,11.7,82.0,5.0
2023-10-06 18:00:00,5076.34,11.7,82.0,10.6,0.0,5.0,11.7,82.0,5.0
2023-10-06 19:00:00,4993.4800000000005,11.7,82.0,10.6,0.0,5.0,11.7,82.0,5.0
2023-10-06 20:00:00,5033.35,11.7,82.0,10.6,0.0,5.0,11.7,82.0,5.0
2023-10-06 21:00:00,4763.48,11.7,82.0,10.6,0.0,5.0,11.7,82.0,5.0
2023-10-06 22:00:00,3951.9700000000003,11.7,82.0,10.6,0.0,5.0,11.7,82.0,5.0
2023-10-06 23:00:00,3704.9300000000003,11.7,82.0,10.6,0.0,5.0,11.7,82.0,5.0
2023-10-07 00:00:00,3000.13,11.7,82.0,10.6,0.0,5.0,11.7,82.0,5.0
2023-10-07 01:00:00,3235.44,11.7,82.0,10.6,0.0,5.0,11.7,82.0,5.0
2023-10-07 02:00:00,3075.9900000000002,11.7,82.0,10.6,0.0,5.0,11.7,82.0,5.0
2023-10-07 03:00:00,2972.83,11.7,82.0,10.6,0.0,5.0,11.7,82.0,5.0
2023-10-07 04:00:00,3228.34,11.7,82.0,10.6,0.0,5.0,11.7,82.0,5.0
2023-10-07 05:00:00,3333.58,11.7,82.0,10.6,0.0,5.0,11.7,82.0,5.0
2023-10-07 06:00:00,3520.29,11.7,82.0,10.6,0.0,5.0,11.7,82.0,5.0
2023-10-07 07:00:00,3819.12,11.7,82.0,10.6,0.0,5.0,11.7,82.0,5.0
2023-10-07 08:00:00,3882.39,11.7,82.0,10.6,0.0,5.0,11.7,82.0,5.0
2023-10-07 09:00:00,4215.83,11.7,82.0,10.6,0.0,5.0,11.7,82.0,5.0
2023-10-07 10:00:00,4292.77,11.7,82.0,10.6,0.0,5.0,11.7,82.0,5.0
2023-10-07 11:00:00,4363.07,11.7,82.0,10.6,0.0,5.0,11.7,82.0,5.0
2023-10-07 12:00:00,4487.45,11.7,82.0,10.6,0.0,5.0,11.7,82.0,5.0
2023-10-07 13:00:00,4451.05,11.7,82.0,10.6,0.0,5.0,11.7,82.0,5.0
2023-10-07 14:00:00,4447.36,11.7,82.0,10.6,0.0,5.0,11.7,82.0,5.0
2023-10-07 15:00:00,4480.68,11.7,82.0,10.6,0.0,5.0,11.7,82.0,5.0
2023-10-07 16:00:00,4159.25,11.7,82.0,10.6,0.0,5.0,11.7,82.0,5.0
2023-10-07 17:00:00,4422.889999999999,11.7,82.0,10.6,0.0,5.0,11.7,82.0,5.0
2023-10-07 18:00:00,4793.96,11.7,82.0,10.6,0.0,5.0,11.7,82.0,5.0
2023-10-07 19:00:00,4735.5599999999995,11.7,82.0,10.6,0.0,5.0,11.7,82.0,5.0
2023-10-07 20:00:00,4671.32,11.7,82.0,10.6,0.0,5.0,11.7,82.0,5.0
2023-10-07 21:00:00,4407.9,11.7,82.0,10.6,0.0,5.0,11.7,82.0,5.0
2023-10-07 22:00:00,3772.33,11.7,82.0,10.6,0.0,5.0,11.7,82.0,5.0
2023-10-07 23:00:00,3583.73,11.7,82.0,10.6,0.0,5.0,11.7,82.0,5.0
2023-10-08 00:00:00,2965.54,11.7,82.0,10.6,0.0,5.0,11.7,82.0,5.0
2023-10-08 01:00:00,2936.36,11.7,82.0,10.6,0.0,5.0,11.7,82.0,5.0
2023-10-08 02:00:00,2944.39,11.7,82.0,10.6,0.0,5.0,11.7,82.0,5.0
2023-10-08 03:00:00,2975.56,11.7,82.0,10.6,0.0,5.0,11.7,82.0,5.0
2023-10-08 04:00:00,3082.1,11.7,82.0,10.6,0.0,5.0,11.7,82.0,5.0
2023-10-08 05:00:00,3022.0,11.7,82.0,10.6,0.0,5.0,11.7,82.0,5.0
2023-10-08 06:00:00,3194.47,11.7,82.0,10.6,0.0,5.0,11.7,82.0,5.0
2023-10-08 07:00:00,3671.0699999999997,11.7,82.0,10.6,0.0,5.0,11.7,82.0,5.0
2023-10-08 08:00:00,3923.66,11.7,82.0,10.6,0.0,5.0,11.7,82.0,5.0
2023-10-08 09:00:00,3952.01,11.7,82.0,10.6,0.0,5.0,11.7,82.0,5.0
2023-10-08 10:00:00,4015.26,11.7,82.0,10.6,0.0,5.0,11.7,82.0,5.0
2023-10-08 11:00:00,4120.349999999999,11.7,82.0,10.6,0.0,5.0,11.7,82.0,5.0
2023-10-08 12:00:00,4092.3599999999997,11.7,82.0,10.6,0.0,5.0,11.7,82.0,5.0
2023-10-08 13:00:00,4249.74,11.7,82.0,10.6,0.0,5.0,11.7,82.0,5.0
2023-10-08 14:00:00,4166.1,11.7,82.0,10.6,0.0,5.0,11.7,82.0,5.0
2023-10-08 15:00:00,4205.19,11.7,82.0,10.6,0.0,5.0,11.7,82.0,5.0
2023-10-08 16:00:00,3930.2599999999998,11.7,82.0,10.6,0.0,5.0,11.7,82.0,5.0
2023-10-08 17:00:00,4131.28,11.7,82.0,10.6,0.0,5.0,11.7,82.0,5.0
2023-10-08 18:00:00,4578.41,11.7,82.0,10.6,0.0,5.0,11.7,82.0,5.0
2023-10-08 19:00:00,4542.49,11.7,82.0,10.6,0.0,5.0,11.7,82.0,5.0
2023-10-08 20:00:00,4350.13,11.7,82.0,10.6,0.0,5.0,11.7,82.0,5.0
2023-10-08 21:00:00,4173.87,11.7,82.0,10.6,0.0,5.0,11.7,82.0,5.0
2023-10-08 22:00:00,3656.32,11.7,82.0,10.6,0.0,5.0,11.7,82.0,5.0
2023-10-08 23:00:00,3274.9700000000003,11.7,82.0,10.6,0.0,5.0,11.7,82.0,5.0
2023-10-09 00:00:00,3124.41,11.7,82.0,10.6,0.0,5.0,11.7,82.0,5.0
2023-10-09 01:00:00,3258.35,11.7,82.0,10.6,0.0,5.0,11.7,82.0,5.0
2023-10-09 02:00:00,3425.25,11.7,82.0,10.6,0.0,5.0,11.7,82.0,5.0
2023-10-09 03:00:00,3227.12,11.7,82.0,10.6,0.0,5.0,11.7,82.0,5.0
2023-10-09 04:00:00,3110.25,11.7,82.0,10.6,0.0,5.0,11.7,82.0,5.0
2023-10-09 05:00:00,3365.29,11.7,82.0,10.6,0.0,5.0,11.7,82.0,5.0
2023-10-09 06:00:00,3516.31,11.7,82.0,10.6,0.0,5.0,11.7,82.0,5.0
2023-10-09 07:00:00,3868.58,11.7,82.0,10.6,0.0,5.0,11.7,82.0,5.0
2023-10-09 08:00:00,3970.58,11.7,82.0,10.6,0.0,5.0,11.7,82.0,5.0
2023-10-09 09:00:00,4409.08,11.7,82.0,10.6,0.0,5.0,11.7,82.0,5.0
2023-10-09 10:00:00,4445.65,11.7,82.0,10.6,0.0,5.0,11.7,82.0,5.0
2023-10-09 11:00:00,4318.64,11.7,82.0,10.6,0.0,5.0,11.7,82.0,5.0
2023-10-09 12:00:00,4548.6,11.7,82.0,10.6,0.0,5.0,11.7,82.0,5.0
2023-10-09 13:00:00,4747.6,11.7,82.0,10.6,0.0,5.0,11.7,82.0,5.0
2023-10-09 14:00:00,4668.08,11.7,82.0,10.6,0.0,5.0,11.7,82.0,5.0
2023-10-09 15:00:00,4587.87,11.7,82.0,10.6,0.0,5.0,11.7,82.0,5.0
2023-10-09 16:00:00,4494.43,11.7,82.0,10.6,0.0,5.0,11.7,82.0,5.0
2023-10-09 17:00:00,4624.29,11.7,82.0,10.6,0.0,5.0,11.7,82.0,5.0
2023-10-09 18:00:00,4724.6,11.7,82.0,10.6,0.0,5.0,11.7,82.0,5.0
2023-10-09 19:00:00,4932.889999999999,11.7,82.0,10.6,0.0,5.0,11.7,82.0,5.0
2023-10-09 20:00:00,4987.46,11.7,82.0,10.6,0.0,5.0,11.7,82.0,5.0
2023-10-09 21:00:00,4714.41,11.7,82.0,10.6,0.0,5.0,11.7,82.0,5.0
2023-10-09 22:00:00,4156.35,11.7,82.0,10.6,0.0,5.0,11.7,82.0,5.0
2023-10-09 23:00:00,3601.54,11.7,82.0,10.6,0.0,5.0,11.7,82.0,5.0
2023-10-10 00:00:00,3143.83,11.7,82.0,10.6,0.0,5.0,11.7,82.0,5.0
2023-10-10 01:00:00,3226.7599999999998,11.7,82.0,10.6,0.0,5.0,11.7,82.0,5.0
2023-10-10 02:00:00,3310.82,11.7,82.0,10.6,0.0,5.0,11.7,82.0,5.0
2023-10-10 03:00:00,3377.48,11.7,82.0,10.6,0.0,5.0,11.7,82.0,5.0
2023-10-10 04:00:00,3310.9500000000003,11.7,82.0,10.6,0.0,5.0,11.7,82.0,5.0
2023-10-10 05:00:00,3166.3,11.7,82.0,10.6,0.0,5.0,11.7,82.0,5.0
2023-10-10 06:00:00,3369.22,11.7,82.0,10.6,0.0,5.0,11.7,82.0,5.0
2023-10-10 07:00:00,3742.59,11.7,82.0,10.6,0.0,5.0,11.7,82.0,5.0
2023-10-10 08:00:00,4177.7,11.7,82.0,10.6,0.0,5.0,11.7,82.0,5.0
2023-10-10 09:00:00,4398.55,11.7,82.0,10.6,0.0,5.0,11.7,82.0,5.0
2023-10-10 10:00:00,4452.099999999999,11.7,82.0,10.6,0.0,5.0,11.7,82.0,5.0
2023-10-10 11:00:00,4456.86,11.7,82.0,10.6,0.0,5.0,11.7,82.0,5.0
2023-10-10 12:00:00,4724.85,11.7,82.0,10.6,0.0,5.0,11.7,82.0,5.0
2023-10-10 13:00:00,4539.49,11.7,82.0,10.6,0.0,5.0,11.7,82.0,5.0
2023-10-10 14:00:00,4622.139999999999,11.7,82.0,10.6,0.0,5.0,11.7,82.0,5.0
2023-10-10 15:00:00,4452.900000000001,11.7,82.0,10.6,0.0,5.0,11.7,82.0,5.0
2023-10-10 16:00:00,4282.0,11.7,82.0,10.6,0.0,5.0,11.7,82.0,5.0
2023-10-10 17:00:00,4709.55,11.7,82.0,10.6,0.0,5.0,11.7,82.0,5.0
2023-10-10 18:00:00,4934.98,11.7,82.0,10.6,0.0,5.0,11.7,82.0,5.0
2023-10-10 19:00:00,4943.68,11.7,82.0,10.6,0.0,5.0,11.7,82.0,5.0
2023-10-10 20:00:00,4928.63,11.7,82.0,10.6,0.0,5.0,11.7,82.0,5.0
2023-10-10 21:00:00,4625.81,11.7,82.0,10.6,0.0,5.0,11.7,82.0,5.0
2023-10-10 22:00:00,3851.27,11.7,82.0,10.6,0.0,5.0,11.7,82.0,5.0
2023-10-10 23:00:00,3695.19,11.7,82.0,10.6,0.0,5.0,11.7,82.0,5.0
2023-10-11 00:00:00,3022.2,11.7,82.0,10.6,0.0,5.0,11.7,82.0,5.0
2023-10-11 01:00:00,3193.41,11.7,82.0,10.6,0.0,5.0,11.7,82.0,5.0
2023-10-11 02:00:00,3127.02,11.7,82.0,10.6,0.0,5.0,11.7,82.0,5.0
2023-10-11 03:00:00,3419.42,11.7,82.0,10.6,0.0,5.0,11.7,82.0,5.0
2023-10-11 04:00:00,3333.81,11.7,82.0,10.6,0.0,5.0,11.7,82.0,5.0
2023-10-11 05:00:00,3224.46,11.7,82.0,10.6,0.0,5.0,11.7,82.0,5.0
2023-10-11 06:00:00,3653.74,11.7,82.0,10.6,0.0,5.0,11.7,82.0,5.0
2023-10-11 07:00:00,3865.14,11.7,82.0,10.6,0.0,5.0,11.7,82.0,5.0
2023-10-11 08:00:00,4086.95,11.7,82.0,10.6,0.0,5.0,11.7,82.0,5.0
2023-10-11 09:00:00,4342.1,11.7,82.0,10.6,0.0,5.0,11.7,82.0,5.0
2023-10-11 10:00:00,4351.9800000000005,11.7,82.0,10.6,0.0,5.0,11.7,82.0,5.0
2023-10-11 11:00:00,4621.51,11.7,82.0,10.6,0.0,5.0,11.7,82.0,5.0
2023-10-11 12:00:00,4541.03,11.7,82.0,10.6,0.0,5.0,11.7,82.0,5.0
2023-10-11 13:00:00,4529.71,11.7,82.0,10.6,0.0,5.0,11.7,82.0,5.0
2023-10-11 14:00:00,4583.01,11.7,82.0,10.6,0.0,5.0,11.7,82.0,5.0
2023-10-11 15:00:00,4519.29,11.7,82.0,10.6,0.0,5.0,11.7,82.0,5.0
2023-10-11 16:00:00,4388.06,11.7,82.0,10.6,0.0,5.0,11.7,82.0,5.0
2023-10-11 17:00:00,4462.650000000001,11.7,82.0,10.6,0.0,5.0,11.7,82.0,5.0
2023-10-11 18:00:00,4922.2699999999995,11.7,82.0,10.6,0.0,5.0,11.7,82.0,5.0
2023-10-11 19:00:00,5060.38,11.7,82.0,10.6,0.0,5.0,11.7,82.0,5.0
2023-10-11 20:00:00,4887.84,11.7,82.0,10.6,0.0,5.0,11.7,82.0,5.0
2023-10-11 21:00:00,4624.26,11.7,82.0,10.6,0.0,5.0,11.7,82.0,5.0
2023-10-11 22:00:00,4093.37,11.7,82.0,10.6,0.0,5.0,11.7,82.0,5.0
2023-10-11 23:00:00,3795.94,11.7,82.0,10.6,0.0,5.0,11.7,82.0,5.0
2023-10-12 00:00:00,3084.0,11.7,82.0,10.6,0.0,5.0,11.7,82.0,5.0
2023-10-12 01:00:00,3218.06,11.7,82.0,10.6,0.0,5.0,11.7,82.0,5.0
2023-10-12 02:00:00,3270.0099999999998,11.7,82.0,10.6,0.0,5.0,11.7,82.0,5.0
2023-10-12 03:00:00,3267.51,11.7,82.0,10.6,0.0,5.0,11.7,82.0,5.0
2023-10-12 04:00:00,3279.66,11.7,82.0,10.6,0.0,5.0,11.7,82.0,5.0
2023-10-12 05:00:00,3208.19,11.7,82.0,10.6,0.0,5.0,11.7,82.0,5.0
2023-10-12 06:00:00,3636.55,11.7,82.0,10.6,0.0,5.0,11.7,82.0,5.0
2023-10-12 07:00:00,3808.02,11.7,82.0,10.6,0.0,5.0,11.7,82.0,5.0
2023-10-12 08:00:00,4116.6,11.7,82.0,10.6,0.0,5.0,11.7,82.0,5.0
2023-10-12 09:00:00,4490.64,11.7,82.0,10.6,0.0,5.0,11.7,82.0,5.0
2023-10-12 10:00:00,4371.18,11.7,82.0,10.6,0.0,5.0,11.7,82.0,5.0
2023-10-12 11:00:00,4477.84,11.7,82.0,10.6,0.0,5.0,11.7,82.0,5.0
2023-10-12 12:00:00,4553.0199999999995,11.7,82.0,10.6,0.0,5.0,11.7,82.0,5.0
2023-10-12 13:00:00,4390.21,11.7,82.0,10.6,0.0,5.0,11.7,82.0,5.0
2023-10-12 14:00:00,4482.360000000001,11.7,82.0,10.6,0.0,5.0,11.7,82.0,5.0
2023-10-12 15:00:00,4467.47,11.7,82.0,10.6,0.0,5.0,11.7,82.0,5.0
2023-10-12 16:00:00,4427.87,11.7,82.0,10.6,0.0,5.0,11.7,82.0,5.0
2023-10-12 17:00:00,4747.33,11.7,82.0,10.6,0.0,5.0,11.7,82.0,5.0
2023-10-12 18:00:00,4842.59,11.7,82.0,10.6,0.0,5.0,11.7,82.0,5.0
2023-10-12 19:00:00,4887.56,11.7,82.0,10.6,0.0,5.0,11.7,82.0,5.0
2023-10-12 20:00:00,4822.43,11.7,82.0,10.6,0.0,5.0,11.7,82.0,5.0
2023-10-12 21:00:00,4579.4400000000005,11.7,82.0,10.6,0.0,5.0,11.7,82.0,5.0
2023-10-12 22:00:00,3966.76,11.7,82.0,10.6,0.0,5.0,11.7,82.0,5.0
2023-10-12 23:00:00,3697.89,11.7,82.0,10.6,0.0,5.0,11.7,82.0,5.0
2023-10-13 00:00:00,3023.9,11.7,82.0,10.6,0.0,5.0,11.7,82.0,5.0
2023-10-13 01:00:00,3102.08,11.7,82.0,10.6,0.0,5.0,11.7,82.0,5.0
2023-10-13 02:00:00,3185.46,11.7,82.0,10.6,0.0,5.0,11.7,82.0,5.0
2023-10-13 03:00:00,3376.42,11.7,82.0,10.6,0.0,5.0,11.7,82.0,5.0
2023-10-13 04:00:00,3169.46,11.7,82.0,10.6,0.0,5.0,11.7,82.0,5.0
2023-10-13 05:00:00,3379.94,11.7,82.0,10.6,0.0,5.0,11.7,82.0,5.0
2023-10-13 06:00:00,3441.4,11.7,82.0,10.6,0.0,5.0,11.7,82.0,5.0
2023-10-13 07:00:00,3850.52,11.7,82.0,10.6,0.0,5.0,11.7,82.0,5.0
2023-10-13 08:00:00,4125.92,11.7,82.0,10.6,0.0,5.0,11.7,82.0,5.0
2023-10-13 09:00:00,4508.14,11.7,82.0,10.6,0.0,5.0,11.7,82.0,5.0
2023-10-13 10:00:00,4328.05,11.7,82.0,10.6,0.0,5.0,11.7,82.0,5.0
2023-10-13 11:00:00,4561.67,11.7,82.0,10.6,0.0,5.0,11.7,82.0,5.0
2023-10-13 12:00:00,4655.43,11.7,82.0,10.6,0.0,5.0,11.7,82.0,5.0
2023-10-13 13:00:00,4570.24,11.7,82.0,10.6,0.0,5.0,11.7,82.0,5.0
2023-10-13 14:00:00,4435.24,11.7,82.0,10.6,0.0,5.0,11.7,82.0,5.0
2023-10-13 15:00:00,4426.87,11.7,82.0,10.6,0.0,5.0,11.7,82.0,5.0
2023-10-13 16:00:00,4338.61,11.7,82.0,10.6,0.0,5.0,11.7,82.0,5.0
2023-10-13 17:00:00,4501.150000000001,11.7,82.0,10.6,0.0,5.0,11.7,82.0,5.0
2023-10-13 18:00:00,4967.76,11.7,82.0,10.6,0.0,5.0,11.7,82.0,5.0
2023-10-13 19:00:00,4848.78,11.7,82.0,10.6,0.0,5.0,11.7,82.0,5.0
2023-10-13 20:00:00,4689.85,11.7,82.0,10.6,0.0,5.0,11.7,82.0,5.0
2023-10-13 21:00:00,4768.46,11.7,82.0,10.6,0.0,5.0,11.7,82.0,5.0
2023-10-13 22:00:00,3921.46,11.7,82.0,10.6,0.0,5.0,11.7,82.0,5.0
2023-10-13 23:00:00,3793.03,11.7,82.0,10.6,0.0,5.0,11.7,82.0,5.0
2023-10-14 00:00:00,3040.79,11.7,82.0,10.6,0.0,5.0,11.7,82.0,5.0
2023-10-14 01:00:00,3030.44,11.7,82.0,10.6,0.0,5.0,11.7,82.0,5.0
2023-10-14 02:00:00,3114.46,11.7,82.0,10.6,0.0,5.0,11.7,82.0,5.0
2023-10-14 03:00:00,3167.62,11.7,82.0,10.6,0.0,5.0,11.7,82.0,5.0
2023-10-14 04:00:00,3149.58,11.7,82.0,10.6,0.0,5.0,11.7,82.0,5.0
2023-10-14 05:00:00,3148.51,11.7,82.0,10.6,0.0,5.0,11.7,82.0,5.0
2023-10-14 06:00:00,3183.87,11.7,82.0,10.6,0.0,5.0,11.7,82.0,5.0
2023-10-14 07:00:00,3630.4700000000003,11.7,82.0,10.6,0.0,5.0,11.7,82.0,5.0
2023-10-14 08:00:00,3862.75,11.7,82.0,10.6,0.0,5.0,11.7,82.0,5.0
2023-10-14 09:00:00,4147.21,11.7,82.0,10.6,0.0,5.0,11.7,82.0,5.0
2023-10-14 10:00:00,4093.6400000000003,11.7,82.0,10.6,0.0,5.0,11.7,82.0,5.0
2023-10-14 11:00:00,4130.12,11.7,82.0,10.6,0.0,5.0,11.7,82.0,5.0
2023-10-14 12:00:00,4407.58,11.7,82.0,10.6,0.0,5.0,11.7,82.0,5.0
2023-10-14 13:00:00,4505.48,11.7,82.0,10.6,0.0,5.0,11.7,82.0,5.0
2023-10-14 14:00:00,4359.91,11.7,82.0,10.6,0.0,5.0,11.7,82.0,5.0
2023-10-14 15:00:00,4423.25,11.7,82.0,10.6,0.0,5.0,11.7,82.0,5.0
2023-10-14 16:00:00,4066.56,11.7,82.0,10.6,0.0,5.0,11.7,82.0,5.0
2023-10-14 17:00:00,4439.87,11.7,82.0,10.6,0.0,5.0,11.7,82.0,5.0
2023-10-14 18:00:00,4697.87,11.7,82.0,10.6,0.0,5.0,11.7,82.0,5.0
2023-10-14 19:00:00,4995.5199999999995,11.7,82.0,10.6,0.0,5.0,11.7,82.0,5.0
2023-10-14 20:00:00,4637.25,11.7,82.0,10.6,0.0,5.0,11.7,82.0,5.0
2023-10-14 21:00:00,4502.22,11.7,82.0,10.6,0.0,5.0,11.7,82.0,5.0
2023-10-14 22:00:00,3764.65,11.7,82.0,10.6,0.0,5.0,11.7,82.0,5.0
2023-10-14 23:00:00,3609.9700000000003,11.7,82.0,10.6,0.0,5.0,11.7,82.0,5.0
2023-10-15 00:00:00,2954.92,11.7,82.0,10.6,0.0,5.0,11.7,82.0,5.0
2023-10-15 01:00:00,2988.65,11.7,82.0,10.6,0.0,5.0,11.7,82.0,5.0
2023-10-15 02:00:00,3023.95,11.7,82.0,10.6,0.0,5.0,11.7,82.0,5.0
2023-10-15 03:00:00,3103.83,11.7,82.0,10.6,0.0,5.0,11.7,82.0,5.0
2023-10-15 04:00:00,3002.5299999999997,11.7,82.0,10.6,0.0,5.0,11.7,82.0,5.0
2023-10-15 05:00:00,2981.06,11.7,82.0,10.6,0.0,5.0,11.7,82.0,5.0
2023-10-15 06:00:00,3294.84,11.7,82.0,10.6,0.0,5.0,11.7,82.0,5.0
2023-10-15 07:00:00,3461.78,11.7,82.0,10.6,0.0,5.0,11.7,82.0,5.0
2023-10-15 08:00:00,3679.18,11.7,82.0,10.6,0.0,5.0,11.7,82.0,5.0
2023-10-15 09:00:00,3923.25,11.7,82.0,10.6,0.0,5.0,11.7,82.0,5.0
2023-10-15 10:00:00,4066.65,11.7,82.0,10.6,0.0,5.0,11.7,82.0,5.0
2023-10-15 11:00:00,3965.17,11.7,82.0,10.6,0.0,5.0,11.7,82.0,5.0
2023-10-15 12:00:00,3927.83,11.7,82.0,10.6,0.0,5.0,11.7,82.0,5.0
2023-10-15 13:00:00,4137.3099999999995,11.7,82.0,10.6,0.0,5.0,11.7,82.0,5.0
2023-10-15 14:00:00,4081.51,11.7,82.0,10.6,0.0,5.0,11.7,82.0,5.0
2023-10-15 15:00:00,4221.78,11.7,82.0,10.6,0.0,5.0,11.7,82.0,5.0
2023-10-15 16:00:00,3720.7,11.7,82.0,10.6,0.0,5.0,11.7,82.0,5.0
2023-10-15 17:00:00,4048.4,11.7,82.0,10.6,0.0,5.0,11.7,82.0,5.0
2023-10-15 18:00:00,4478.5,11.7,82.0,10.6,0.0,5.0,11.7,82.0,5.0
2023-10-15 19:00:00,4529.56,11.7,82.0,10.6,0.0,5.0,11.7,82.0,5.0
2023-10-15 20:00:00,4334.75,11.7,82.0,10.6,0.0,5.0,11.7,82.0,5.0
2023-10-15 21:00:00,4201.29,11.7,82.0,10.6,0.0,5.0,11.7,82.0,5.0
2023-10-15 22:00:00,3647.33,11.7,82.0,10.6,0.0,5.0,11.7,82.0,5.0
2023-10-15 23:00:00,3347.08,11.7,82.0,10.6,0.0,5.0,11.7,82.0,5.0
2023-10-16 00:00:00,3144.81,11.7,82.0,10.6,0.0,5.0,11.7,82.0,5.0
2023-10-16 01:00:00,3167.37,11.7,82.0,10.6,0.0,5.0,11.7,82.0,5.0
2023-10-16 02:00:00,3076.6800000000003,11.7,82.0,10.6,0.0,5.0,11.7,82.0,5.0
2023-10-16 03:00:00,3353.92,11.7,82.0,10.6,0.0,5.0,11.7,82.0,5.0
2023-10-16 04:00:00,3260.69,11.7,82.0,10.6,0.0,5.0,11.7,82.0,5.0
2023-10-16 05:00:00,3213.94,11.7,82.0,10.6,0.0,5.0,11.7,82.0,5.0
2023-10-16 06:00:00,3424.43,11.7,82.0,10.6,0.0,5.0,11.7,82.0,5.0
2023-10-16 07:00:00,3793.8399999999997,11.7,82.0,10.6,0.0,5.0,11.7,82.0,5.0
2023-10-16 08:00:00,3996.8,11.7,82.0,10.6,0.0,5.0,11.7,82.0,5.0
2023-10-16 09:00:00,4236.67,11.7,82.0,10.6,0.0,5.0,11.7,82.0,5.0
2023-10-16 10:00:00,4228.79,11.7,82.0,10.6,0.0,5.0,11.7,82.0,5.0
2023-10-16 11:00:00,4382.51,11.7,82.0,10.6,0.0,5.0,11.7,82.0,5.0
2023-10-16 12:00:00,4528.2300000000005,11.7,82.0,10.6,0.0,5.0,11.7,82.0,5.0
2023-10-16 13:00:00,4600.87,11.7,82.0,10.6,0.0,5.0,11.7,82.0,5.0
2023-10-16 14:00:00,4521.08,11.7,82.0,10.6,0.0,5.0,11.7,82.0,5.0
2023-10-16 15:00:00,4476.24,11.7,82.0,10.6,0.0,5.0,11.7,82.0,5.0
2023-10-16 16:00:00,4303.61,11.7,82.0,10.6,0.0,5.0,11.7,82.0,5.0
2023-10-16 17:00:00,4542.99,11.7,82.0,10.6,0.0,5.0,11.7,82.0,5.0
2023-10-16 18:00:00,4792.15,11.7,82.0,10.6,0.0,5.0,11.7,82.0,5.0
2023-10-16 19:00:00,5010.2699999999995,11.7,82.0,10.6,0.0,5.0,11.7,82.0,5.0
2023-10-16 20:00:00,4832.95,11.7,82.0,10.6,0.0,5.0,11.7,82.0,5.0
2023-10-16 21:00:00,4515.4,11.7,82.0,10.6,0.0,5.0,11.7,82.0,5.0
2023-10-16 22:00:00,3884.8199999999997,11.7,82.0,10.6,0.0,5.0,11.7,82.0,5.0
2023-10-16 23:00:00,3646.34,11.7,82.0,10.6,0.0,5.0,11.7,82.0,5.0
2023-10-17 00:00:00,3046.95,11.7,82.0,10.6,0.0,5.0,11.7,82.0,5.0
2023-10-17 01:00:00,3153.35,11.7,82.0,10.6,0.0,5.0,11.7,82.0,5.0
2023-10-17 02:00:00,3200.1,11.7,82.0,10.6,0.0,5.0,11.7,82.0,5.0
2023-10-17 03:00:00,3366.52,11.7,82.0,10.6,0.0,5.0,11.7,82.0,5.0
2023-10-17 04:00:00,3192.13,11.7,82.0,10.6,0.0,5.0,11.7,82.0,5.0
2023-10-17 05:00:00,3229.96,11.7,82.0,10.6,0.0,5.0,11.7,82.0,5.0
2023-10-17 06:00:00,3520.7,11.7,82.0,10.6,0.0,5.0,11.7,82.0,5.0
2023-10-17 07:00:00,3881.13,11.7,82.0,10.6,0.0,5.0,11.7,82.0,5.0
2023-10-17 08:00:00,3916.0699999999997,11.7,82.0,10.6,0.0,5.0,11.7,82.0,5.0
2023-10-17 09:00:00,4257.42,11.7,82.0,10.6,0.0,5.0,11.7,82.0,5.0
2023-10-17 10:00:00,4297.62,11.7,82.0,10.6,0.0,5.0,11.7,82.0,5.0
2023-10-17 11:00:00,4361.16,11.7,82.0,10.6,0.0,5.0,11.7,82.0,5.0
2023-10-17 12:00:00,4572.59,11.7,82.0,10.6,0.0,5.0,11.7,82.0,5.0
2023-10-17 13:00:00,4633.9,11.7,82.0,10.6,0.0,5.0,11.7,82.0,5.0
2023-10-17 14:00:00,4587.55,11.7,82.0,10.6,0.0,5.0,11.7,82.0,5.0
2023-10-17 15:00:00,4452.77,11.7,82.0,10.6,0.0,5.0,11.7,82.0,5.0
2023-10-17 16:00:00,4246.15,11.7,82.0,10.6,0.0,5.0,11.7,82.0,5.0
2023-10-17 17:00:00,4537.49,11.7,82.0,10.6,0.0,5.0,11.7,82.0,5.0
2023-10-17 18:00:00,4828.31,11.7,82.0,10.6,0.0,5.0,11.7,82.0,5.0
2023-10-17 19:00:00,5008.94,11.7,82.0,10.6,0.0,5.0,11.7,82.0,5.0
2023-10-17 20:00:00,4988.12,11.7,82.0,10.6,0.0,5.0,11.7,82.0,5.0
2023-10-17 21:00:00,4648.23,11.7,82.0,10.6,0.0,5.0,11.7,82.0,5.0
2023-10-17 22:00:00,3881.61,11.7,82.0,10.6,0.0,5.0,11.7,82.0,5.0
2023-10-17 23:00:00,3610.41,11.7,82.0,10.6,0.0,5.0,11.7,82.0,5.0
2023-10-18 00:00:00,3056.9700000000003,11.7,82.0,10.6,0.0,5.0,11.7,82.0,5.0
2023-10-18 01:00:00,3155.49,11.7,82.0,10.6,0.0,5.0,11.7,82.0,5.0
2023-10-18 02:00:00,3283.34,11.7,82.0,10.6,0.0,5.0,11.7,82.0,5.0
2023-10-18 03:00:00,3286.2,11.7,82.0,10.6,0.0,5.0,11.7,82.0,5.0
2023-10-18 04:00:00,3254.6899999999996,11.7,82.0,10.6,0.0,5.0,11.7,82.0,5.0
2023-10-18 05:00:00,3259.3199999999997,11.7,82.0,10.6,0.0,5.0,11.7,82.0,5.0
2023-10-18 06:00:00,3685.6,11.7,82.0,10.6,0.0,5.0,11.7,82.0,5.0
2023-10-18 07:00:00,3654.4500000000003,11.7,82.0,10.6,0.0,5.0,11.7,82.0,5.0
2023-10-18 08:00:00,4029.95,11.7,82.0,10.6,0.0,5.0,11.7,82.0,5.0
2023-10-18 09:00:00,4256.9,11.7,82.0,10.6,0.0,5.0,11.7,82.0,5.0
2023-10-18 10:00:00,4398.91,11.7,82.0,10.6,0.0,5.0,11.7,82.0,5.0
2023-10-18 11:00:00,4443.86,11.7,82.0,10.6,0.0,5.0,11.7,82.0,5.0
2023-10-18 12:00:00,4585.65,11.7,82.0,10.6,0.0,5.0,11.7,82.0,5.0
2023-10-18 13:00:00,4790.86,11.7,82.0,10.6,0.0,5.0,11.7,82.0,5.0
2023-10-18 14:00:00,4536.67,11.7,82.0,10.6,0.0,5.0,11.7,82.0,5.0
2023-10-18 15:00:00,4467.45,11.7,82.0,10.6,0.0,5.0,11.7,82.0,5.0
2023-10-18 16:00:00,4257.84,11.7,82.0,10.6,0.0,5.0,11.7,82.0,5.0
2023-10-18 17:00:00,4653.59,11.7,82.0,10.6,0.0,5.0,11.7,82.0,5.0
2023-10-18 18:00:00,4584.58,11.7,82.0,10.6,0.0,5.0,11.7,82.0,5.0
2023-10-18 19:00:00,4910.28,11.7,82.0,10.6,0.0,5.0,11.7,82.0,5.0
2023-10-18 20:00:00,5043.16,11.7,82.0,10.6,0.0,5.0,11.7,82.0,5.0
2023-10-18 21:00:00,4547.64,11.7,82.0,10.6,0.0,5.0,11.7,82.0,5.0
2023-10-18 22:00:00,4022.0,11.7,82.0,10.6,0.0,5.0,11.7,82.0,5.0
2023-10-18 23:00:00,3664.71,11.7,82.0,10.6,0.0,5.0,11.7,82.0,5.0
2023-10-19 00:00:00,3157.85,11.7,82.0,10.6,0.0,5.0,11.7,82.0,5.0
2023-10-19 01:00:00,3237.98,11.7,82.0,10.6,0.0,5.0,11.7,82.0,5.0
2023-10-19 02:00:00,3129.12,11.7,82.0,10.6,0.0,5.0,11.7,82.0,5.0
2023-10-19 03:00:00,3285.31,11.7,82.0,10.6,0.0,5.0,11.7,82.0,5.0
2023-10-19 04:00:00,3065.34,11.7,82.0,10.6,0.0,5.0,11.7,82.0,5.0
2023-10-19 05:00:00,3222.19,11.7,82.0,10.6,0.0,5.0,11.7,82.0,5.0
2023-10-19 06:00:00,3450.92,11.7,82.0,10.6,0.0,5.0,11.7,82.0,5.0
2023-10-19 07:00:00,3671.23,11.7,82.0,10.6,0.0,5.0,11.7,82.0,5.0
2023-10-19 08:00:00,4058.32,11.7,82.0,10.6,0.0,5.0,11.7,82.0,5.0
2023-10-19 09:00:00,4332.09,11.7,82.0,10.6,0.0,5.0,11.7,82.0,5.0
2023-10-19 10:00:00,4376.66,11.7,82.0,10.6,0.0,5.0,11.7,82.0,5.0
2023-10-19 11:00:00,4416.82,11.7,82.0,10.6,0.0,5.0,11.7,82.0,5.0
2023-10-19 12:00:00,4534.36,11.7,82.0,10.6,0.0,5.0,11.7,82.0,5.0
2023-10-19 13:00:00,4536.24,11.7,82.0,10.6,0.0,5.0,11.7,82.0,5.0
2023-10-19 14:00:00,4500.74,11.7,82.0,10.6,0.0,5.0,11.7,82.0,5.0
2023-10-19 15:00:00,4413.98,11.7,82.0,10.6,0.0,5.0,11.7,82.0,5.0
2023-10-19 16:00:00,4205.2300000000005,11.7,82.0,10.6,0.0,5.0,11.7,82.0,5.0
2023-10-19 17:00:00,4637.51,11.7,82.0,10.6,0.0,5.0,11.7,82.0,5.0
2023-10-19 18:00:00,4787.86,11.7,82.0,10.6,0.0,5.0,11.7,82.0,5.0
2023-10-19 19:00:00,5020.61,11.7,82.0,10.6,0.0,5.0,11.7,82.0,5.0
2023-10-19 20:00:00,5041.360000000001,11.7,82.0,10.6,0.0,5.0,11.7,82.0,5.0
2023-10-19 21:00:00,4744.49,11.7,82.0,10.6,0.0,5.0,11.7,82.0,5.0
2023-10-19 22:00:00,3995.13,11.7,82.0,10.6,0.0,5.0,11.7,82.0,5.0
2023-10-19 23:00:00,3566.58,11.7,82.0,10.6,0.0,5.0,11.7,82.0,5.0
2023-10-20 00:00:00,2989.1,11.7,82.0,10.6,0.0,5.0,11.7,82.0,5.0
2023-10-20 01:00:00,3199.97,11.7,82.0,10.6,0.0,5.0,11.7,82.0,5.0
2023-10-20 02:00:00,3201.21,11.7,82.0,10.6,0.0,5.0,11.7,82.0,5.0
2023-10-20 03:00:00,3265.2799999999997,11.7,82.0,10.6,0.0,5.0,11.7,82.0,5.0
2023-10-20 04:00:00,3406.41,11.7,82.0,10.6,0.0,5.0,11.7,82.0,5.0
2023-10-20 05:00:00,3271.06,11.7,82.0,10.6,0.0,5.0,11.7,82.0,5.0
2023-10-20 06:00:00,3626.36,11.7,82.0,10.6,0.0,5.0,11.7,82.0,5.0
2023-10-20 07:00:00,3712.64,11.7,82.0,10.6,0.0,5.0,11.7,82.0,5.0
2023-10-20 08:00:00,3984.31,11.7,82.0,10.6,0.0,5.0,11.7,82.0,5.0
2023-10-20 09:00:00,4309.24,11.7,82.0,10.6,0.0,5.0,11.7,82.0,5.0
2023-10-20 10:00:00,4364.110000000001,11.7,82.0,10.6,0.0,5.0,11.7,82.0,5.0
2023-10-20 11:00:00,4418.55,11.7,82.0,10.6,0.0,5.0,11.7,82.0,5.0
2023-10-20 12:00:00,4515.93,11.7,82.0,10.6,0.0,5.0,11.7,82.0,5.0
2023-10-20 13:00:00,4439.67,11.7,82.0,10.6,0.0,5.0,11.7,82.0,5.0
2023-10-20 14:00:00,4530.33,11.7,82.0,10.6,0.0,5.0,11.7,82.0,5.0
2023-10-20 15:00:00,4460.65,11.7,82.0,10.6,0.0,5.0,11.7,82.0,5.0
2023-10-20 16:00:00,4345.03,11.7,82.0,10.6,0.0,5.0,11.7,82.0,5.0
2023-10-20 17:00:00,4610.07,11.7,82.0,10.6,0.0,5.0,11.7,82.0,5.0
2023-10-20 18:00:00,4741.76,11.7,82.0,10.6,0.0,5.0,11.7,82.0,5.0
2023-10-20 19:00:00,5021.96,11.7,82.0,10.6,0.0,5.0,11.7,82.0,5.0
2023-10-20 20:00:00,4865.26,11.7,82.0,10.6,0.0,5.0,11.7,82.0,5.0
2023-10-20 21:00:00,4601.41,11.7,82.0,10.6,0.0,5.0,11.7,82.0,5.0
2023-10-20 22:00:00,3942.36,11.7,82.0,10.6,0.0,5.0,11.7,82.0,5.0
2023-10-20 23:00:00,3642.24,11.7,82.0,10.6,0.0,5.0,11.7,82.0,5.0
2023-10-21 00:00:00,3032.23,11.7,82.0,10.6,0.0,5.0,11.7,82.0,5.0
2023-10-21 01:00:00,3171.52,11.7,82.0,10.6,0.0,5.0,11.7,82.0,5.0
2023-10-21 02:00:00,3082.53,11.7,82.0,10.6,0.0,5.0,11.7,82.0,5.0
2023-10-21 03:00:00,3025.0,11.7,82.0,10.6,0.0,5.0,11.7,82.0,5.0
2023-10-21 04:00:00,3156.34,11.7,82.0,10.6,0.0,5.0,11.7,82.0,5.0
2023-10-21 05:00:00,3204.37,11.7,82.0,10.6,0.0,5.0,11.7,82.0,5.0
2023-10-21 06:00:00,3318.12,11.7,82.0,10.6,0.0,5.0,11.7,82.0,5.0
2023-10-21 07:00:00,3686.43,11.7,82.0,10.6,0.0,5.0,11.7,82.0,5.0
2023-10-21 08:00:00,3915.08,11.7,82.0,10.6,0.0,5.0,11.7,82.0,5.0
2023-10-21 09:00:00,4201.62,11.7,82.0,10.6,0.0,5.0,11.7,82.0,5.0
2023-10-21 10:00:00,3985.76,11.7,82.0,10.6,0.0,5.0,11.7,82.0,5.0
2023-10-21 11:00:00,4200.79,11.7,82.0,10.6,0.0,5.0,11.7,82.0,5.0
2023-10-21 12:00:00,4298.37,11.7,82.0,10.6,0.0,5.0,11.7,82.0,5.0
2023-10-21 13:00:00,4318.37,11.7,82.0,10.6,0.0,5.0,11.7,82.0,5.0
2023-10-21 14:00:00,4409.59,11.7,82.0,10.6,0.0,5.0,11.7,82.0,5.0
2023-10-21 15:00:00,4278.3,11.7,82.0,10.6,0.0,5.0,11.7,82.0,5.0
2023-10-21 16:00:00,4035.6,11.7,82.0,10.6,0.0,5.0,11.7,82.0,5.0
2023-10-21 17:00:00,4467.24,11.7,82.0,10.6,0.0,5.0,11.7,82.0,5.0
2023-10-21 18:00:00,4497.38,11.7,82.0,10.6,0.0,5.0,11.7,82.0,5.0
2023-10-21 19:00:00,4672.01,11.7,82.0,10.6,0.0,5.0,11.7,82.0,5.0
2023-10-21 20:00:00,4633.93,11.7,82.0,10.6,0.0,5.0,11.7,82.0,5.0
2023-10-21 21:00:00,4399.1,11.7,82.0,10.6,0.0,5.0,11.7,82.0,5.0
2023-10-21 22:00:00,3828.29,11.7,82.0,10.6,0.0,5.0,11.7,82.0,5.0
2023-10-21 23:00:00,3595.85,11.7,82.0,10.6,0.0,5.0,11.7,82.0,5.0
2023-10-22 00:00:00,2952.9,11.7,82.0,10.6,0.0,5.0,11.7,82.0,5.0
2023-10-22 01:00:00,2996.12,11.7,82.0,10.6,0.0,5.0,11.7,82.0,5.0
2023-10-22 02:00:00,2966.71,11.7,82.0,10.6,0.0,5.0,11.7,82.0,5.0
2023-10-22 03:00:00,2982.72,11.7,82.0,10.6,0.0,5.0,11.7,82.0,5.0
2023-10-22 04:00:00,2986.94,11.7,82.0,10.6,0.0,5.0,11.7,82.0,5.0
2023-10-22 05:00:00,3149.65,11.7,82.0,10.6,0.0,5.0,11.7,82.0,5.0
2023-10-22 06:00:00,3304.64,11.7,82.0,10.6,0.0,5.0,11.7,82.0,5.0
2023-10-22 07:00:00,3459.94,11.7,82.0,10.6,0.0,5.0,11.7,82.0,5.0
2023-10-22 08:00:00,3684.67,11.7,82.0,10.6,0.0,5.0,11.7,82.0,5.0
2023-10-22 09:00:00,3872.1800000000003,11.7,82.0,10.6,0.0,5.0,11.7,82.0,5.0
2023-10-22 10:00:00,4032.87,11.7,82.0,10.6,0.0,5.0,11.7,82.0,5.0
2023-10-22 11:00:00,4017.99,11.7,82.0,10.6,0.0,5.0,11.7,82.0,5.0
2023-10-22 12:00:00,3970.89,11.7,82.0,10.6,0.0,5.0,11.7,82.0,5.0
2023-10-22 13:00:00,4226.84,11.7,82.0,10.6,0.0,5.0,11.7,82.0,5.0
2023-10-22 14:00:00,4244.17,11.7,82.0,10.6,0.0,5.0,11.7,82.0,5.0
2023-10-22 15:00:00,3958.6600000000003,11.7,82.0,10.6,0.0,5.0,11.7,82.0,5.0
2023-10-22 16:00:00,3940.88,11.7,82.0,10.6,0.0,5.0,11.7,82.0,5.0
2023-10-22 17:00:00,4125.58,11.7,82.0,10.6,0.0,5.0,11.7,82.0,5.0
2023-10-22 18:00:00,4273.1,11.7,82.0,10.6,0.0,5.0,11.7,82.0,5.0
2023-10-22 19:00:00,4516.5199999999995,11.7,82.0,10.6,0.0,5.0,11.7,82.0,5.0
2023-10-22 20:00:00,4533.2699999999995,11.7,82.0,10.6,0.0,5.0,11.7,82.0,5.0
2023-10-22 21:00:00,4044.28,11.7,82.0,10.6,0.0,5.0,11.7,82.0,5.0
2023-10-22 22:00:00,3600.19,11.7,82.0,10.6,0.0,5.0,11.7,82.0,5.0
2023-10-22 23:00:00,3269.32,11.7,82.0,10.6,0.0,5.0,11.7,82.0,5.0
2023-10-23 00:00:00,2973.89,11.7,82.0,10.6,0.0,5.0,11.7,82.0,5.0
2023-10-23 01:00:00,3207.24,11.7,82.0,10.6,0.0,5.0,11.7,82.0,5.0
2023-10-23 02:00:00,3265.9700000000003,11.7,82.0,10.6,0.0,5.0,11.7,82.0,5.0
2023-10-23 03:00:00,3219.2599999999998,11.7,82.0,10.6,0.0,5.0,11.7,82.0,5.0
2023-10-23 04:00:00,3321.94,11.7,82.0,10.6,0.0,5.0,11.7,82.0,5.0
2023-10-23 05:00:00,3277.43,11.7,82.0,10.6,0.0,5.0,11.7,82.0,5.0
2023-10-23 06:00:00,3594.44,11.7,82.0,10.6,0.0,5.0,11.7,82.0,5.0
2023-10-23 07:00:00,3588.02,11.7,82.0,10.6,0.0,5.0,11.7,82.0,5.0
2023-10-23 08:00:00,4077.09,11.7,82.0,10.6,0.0,5.0,11.7,82.0,5.0
2023-10-23 09:00:00,4373.16,11.7,82.0,10.6,0.0,5.0,11.7,82.0,5.0
2023-10-23 10:00:00,4069.2,11.7,82.0,10.6,0.0,5.0,11.7,82.0,5.0
2023-10-23 11:00:00,4436.07,11.7,82.0,10.6,0.0,5.0,11.7,82.0,5.0
2023-10-23 12:00:00,4634.0,11.7,82.0,10.6,0.0,5.0,11.7,82.0,5.0
2023-10-23 13:00:00,4509.31,11.7,82.0,10.6,0.0,5.0,11.7,82.0,5.0
2023-10-23 14:00:00,4683.44,11.7,82.0,10.6,0.0,5.0,11.7,82.0,5.0
2023-10-23 15:00:00,4418.32,11.7,82.0,10.6,0.0,5.0,11.7,82.0,5.0
2023-10-23 16:00:00,4206.72,11.7,82.0,10.6,0.0,5.0,11.7,82.0,5.0
2023-10-23 17:00:00,4485.24,11.7,82.0,10.6,0.0,5.0,11.7,82.0,5.0
2023-10-23 18:00:00,4814.45,11.7,82.0,10.6,0.0,5.0,11.7,82.0,5.0
2023-10-23 19:00:00,4984.1900000000005,11.7,82.0,10.6,0.0,5.0,11.7,82.0,5.0
2023-10-23 20:00:00,4968.1,11.7,82.0,10.6,0.0,5.0,11.7,82.0,5.0
2023-10-23 21:00:00,4649.86,11.7,82.0,10.6,0.0,5.0,11.7,82.0,5.0
2023-10-23 22:00:00,3831.0299999999997,11.7,82.0,10.6,0.0,5.0,11.7,82.0,5.0
2023-10-23 23:00:00,3590.59,11.7,82.0,10.6,0.0,5.0,11.7,82.0,5.0
2023-10-24 00:00:00,3017.79,11.7,82.0,10.6,0.0,5.0,11.7,82.0,5.0
2023-10-24 01:00:00,3117.78,11.7,82.0,10.6,0.0,5.0,11.7,82.0,5.0
2023-10-24 02:00:00,3258.06,11.7,82.0,10.6,0.0,5.0,11.7,82.0,5.0
2023-10-24 03:00:00,3181.05,11.7,82.0,10.6,0.0,5.0,11.7,82.0,5.0
2023-10-24 04:00:00,3249.61,11.7,82.0,10.6,0.0,5.0,11.7,82.0,5.0
2023-10-24 05:00:00,3316.02,11.7,82.0,10.6,0.0,5.0,11.7,82.0,5.0
2023-10-24 06:00:00,3512.15,11.7,82.0,10.6,0.0,5.0,11.7,82.0,5.0
2023-10-24 07:00:00,3846.74,11.7,82.0,10.6,0.0,5.0,11.7,82.0,5.0
2023-10-24 08:00:00,3960.29,11.7,82.0,10.6,0.0,5.0,11.7,82.0,5.0
2023-10-24 09:00:00,4170.75,11.7,82.0,10.6,0.0,5.0,11.7,82.0,5.0
2023-10-24 10:00:00,4247.38,11.7,82.0,10.6,0.0,5.0,11.7,82.0,5.0
2023-10-24 11:00:00,4436.28,11.7,82.0,10.6,0.0,5.0,11.7,82.0,5.0
2023-10-24 12:00:00,4548.1,11.7,82.0,10.6,0.0,5.0,11.7,82.0,5.0
2023-10-24 13:00:00,4580.7300000000005,11.7,82.0,10.6,0.0,5.0,11.7,82.0,5.0
2023-10-24 14:00:00,4419.9800000000005,11.7,82.0,10.6,0.0,5.0,11.7,82.0,5.0
2023-10-24 15:00:00,4506.0199999999995,11.7,82.0,10.6,0.0,5.0,11.7,82.0,5.0
2023-10-24 16:00:00,4185.13,11.7,82.0,10.6,0.0,5.0,11.7,82.0,5.0
2023-10-24 17:00:00,4581.06,11.7,82.0,10.6,0.0,5.0,11.7,82.0,5.0
2023-10-24 18:00:00,4714.28,11.7,82.0,10.6,0.0,5.0,11.7,82.0,5.0
2023-10-24 19:00:00,4915.97,11.7,82.0,10.6,0.0,5.0,11.7,82.0,5.0
2023-10-24 20:00:00,4827.73,11.7,82.0,10.6,0.0,5.0,11.7,82.0,5.0
2023-10-24 21:00:00,4645.18,11.7,82.0,10.6,0.0,5.0,11.7,82.0,5.0
2023-10-24 22:00:00,4017.4700000000003,11.7,82.0,10.6,0.0,5.0,11.7,82.0,5.0
2023-10-24 23:00:00,3529.75,11.7,82.0,10.6,0.0,5.0,11.7,82.0,5.0
2023-10-25 00:00:00,3098.0099999999998,11.7,82.0,10.6,0.0,5.0,11.7,82.0,5.0
2023-10-25 01:00:00,3178.33,11.7,82.0,10.6,0.0,5.0,11.7,82.0,5.0
2023-10-25 02:00:00,3214.15,11.7,82.0,10.6,0.0,5.0,11.7,82.0,5.0
2023-10-25 03:00:00,3281.3,11.7,82.0,10.6,0.0,5.0,11.7,82.0,5.0
2023-10-25 04:00:00,3172.2000000000003,11.7,82.0,10.6,0.0,5.0,11.7,82.0,5.0
2023-10-25 05:00:00,3239.77,11.7,82.0,10.6,0.0,5.0,11.7,82.0,5.0
2023-10-25 06:00:00,3406.57,11.7,82.0,10.6,0.0,5.0,11.7,82.0,5.0
2023-10-25 07:00:00,3899.89,11.7,82.0,10.6,0.0,5.0,11.7,82.0,5.0
2023-10-25 08:00:00,4157.65,11.7,82.0,10.6,0.0,5.0,11.7,82.0,5.0
2023-10-25 09:00:00,4214.55,11.7,82.0,10.6,0.0,5.0,11.7,82.0,5.0
2023-10-25 10:00:00,4104.79,11.7,82.0,10.6,0.0,5.0,11.7,82.0,5.0
2023-10-25 11:00:00,4304.33,11.7,82.0,10.6,0.0,5.0,11.7,82.0,5.0
2023-10-25 12:00:00,4484.05,11.7,82.0,10.6,0.0,5.0,11.7,82.0,5.0
2023-10-25 13:00:00,4602.2,11.7,82.0,10.6,0.0,5.0,11.7,82.0,5.0
2023-10-25 14:00:00,4671.98,11.7,82.0,10.6,0.0,5.0,11.7,82.0,5.0
2023-10-25 15:00:00,4528.56,11.7,82.0,10.6,0.0,5.0,11.7,82.0,5.0
2023-10-25 16:00:00,4289.38,11.7,82.0,10.6,0.0,5.0,11.7,82.0,5.0
2023-10-25 17:00:00,4483.8,11.7,82.0,10.6,0.0,5.0,11.7,82.0,5.0
2023-10-25 18:00:00,4908.7,11.7,82.0,10.6,0.0,5.0,11.7,82.0,5.0
2023-10-25 19:00:00,4939.55,11.7,82.0,10.6,0.0,5.0,11.7,82.0,5.0
2023-10-25 20:00:00,4974.42,11.7,82.0,10.6,0.0,5.0,11.7,82.0,5.0
2023-10-25 21:00:00,4580.08,11.7,82.0,10.6,0.0,5.0,11.7,82.0,5.0
2023-10-25 22:00:00,4068.22,11.7,82.0,10.6,0.0,5.0,11.7,82.0,5.0
2023-10-25 23:00:00,3727.02,11.7,82.0,10.6,0.0,5.0,11.7,82.0,5.0
2023-10-26 00:00:00,2992.87,11.7,82.0,10.6,0.0,5.0,11.7,82.0,5.0
2023-10-26 01:00:00,3032.2400000000002,11.7,82.0,10.6,0.0,5.0,11.7,82.0,5.0
2023-10-26 02:00:00,3195.37,11.7,82.0,10.6,0.0,5.0,11.7,82.0,5.0
2023-10-26 03:00:00,3362.18,11.7,82.0,10.6,0.0,5.0,11.7,82.0,5.0
2023-10-26 04:00:00,3164.31,11.7,82.0,10.6,0.0,5.0,11.7,82.0,5.0
2023-10-26 05:00:00,3269.21,11.7,82.0,10.6,0.0,5.0,11.7,82.0,5.0
2023-10-26 06:00:00,3439.76,11.7,82.0,10.6,0.0,5.0,11.7,82.0,5.0
2023-10-26 07:00:00,3739.68,11.7,82.0,10.6,0.0,5.0,11.7,82.0,5.0
2023-10-26 08:00:00,3936.0099999999998,11.7,82.0,10.6,0.0,5.0,11.7,82.0,5.0
2023-10-26 09:00:00,4311.79,11.7,82.0,10.6,0.0,5.0,11.7,82.0,5.0
2023-10-26 10:00:00,4288.45,11.7,82.0,10.6,0.0,5.0,11.7,82.0,5.0
2023-10-26 11:00:00,4421.12,11.7,82.0,10.6,0.0,5.0,11.7,82.0,5.0
2023-10-26 12:00:00,4602.55,11.7,82.0,10.6,0.0,5.0,11.7,82.0,5.0
2023-10-26 13:00:00,4532.83,11.7,82.0,10.6,0.0,5.0,11.7,82.0,5.0
2023-10-26 14:00:00,4661.44,11.7,82.0,10.6,0.0,5.0,11.7,82.0,5.0
2023-10-26 15:00:00,4540.5,11.7,82.0,10.6,0.0,5.0,11.7,82.0,5.0
2023-10-26 16:00:00,4388.44,11.7,82.0,10.6,0.0,5.0,11.7,82.0,5.0
2023-10-26 17:00:00,4595.24,11.7,82.0,10.6,0.0,5.0,11.7,82.0,5.0
2023-10-26 18:00:00,4918.13,11.7,82.0,10.6,0.0,5.0,11.7,82.0,5.0
2023-10-26 19:00:00,5072.22,11.7,82.0,10.6,0.0,5.0,11.7,82.0,5.0
2023-10-26 20:00:00,4969.48,11.7,82.0,10.6,0.0,5.0,11.7,82.0,5.0
2023-10-26 21:00:00,4665.18,11.7,82.0,10.6,0.0,5.0,11.7,82.0,5.0
2023-10-26 22:00:00,3914.27,11.7,82.0,10.6,0.0,5.0,11.7,82.0,5.0
2023-10-26 23:00:00,3459.94,11.7,82.0,10.6,0.0,5.0,11.7,82.0,5.0
2023-10-27 00:00:00,3017.93,11.7,82.0,10.6,0.0,5.0,11.7,82.0,5.0
2023-10-27 01:00:00,3141.26,11.7,82.0,10.6,0.0,5.0,11.7,82.0,5.0
2023-10-27 02:00:00,3097.56,11.7,82.0,10.6,0.0,5.0,11.7,82.0,5.0
2023-10-27 03:00:00,3181.66,11.7,82.0,10.6,0.0,5.0,11.7,82.0,5.0
2023-10-27 04:00:00,3204.9,11.7,82.0,10.6,0.0,5.0,11.7,82.0,5.0
2023-10-27 05:00:00,3426.02,11.7,82.0,10.6,0.0,5.0,11.7,82.0,5.0
2023-10-27 06:00:00,3475.55,11.7,82.0,10.6,0.0,5.0,11.7,82.0,5.0
2023-10-27 07:00:00,3799.5,11.7,82.0,10.6,0.0,5.0,11.7,82.0,5.0
2023-10-27 08:00:00,3972.8999999999996,11.7,82.0,10.6,0.0,5.0,11.7,82.0,5.0
2023-10-27 09:00:00,4142.4400000000005,11.7,82.0,10.6,0.0,5.0,11.7,82.0,5.0
2023-10-27 10:00:00,4322.26,11.7,82.0,10.6,0.0,5.0,11.7,82.0,5.0
2023-10-27 11:00:00,4356.01,11.7,82.0,10.6,0.0,5.0,11.7,82.0,5.0
2023-10-27 12:00:00,4446.54,11.7,82.0,10.6,0.0,5.0,11.7,82.0,5.0
2023-10-27 13:00:00,4522.01,11.7,82.0,10.6,0.0,5.0,11.7,82.0,5.0
2023-10-27 14:00:00,4586.78,11.7,82.0,10.6,0.0,5.0,11.7,82.0,5.0
2023-10-27 15:00:00,4441.61,11.7,82.0,10.6,0.0,5.0,11.7,82.0,5.0
2023-10-27 16:00:00,4162.15,11.7,82.0,10.6,0.0,5.0,11.7,82.0,5.0
2023-10-27 17:00:00,4694.97,11.7,82.0,10.6,0.0,5.0,11.7,82.0,5.0
2023-10-27 18:00:00,4746.09,11.7,82.0,10.6,0.0,5.0,11.7,82.0,5.0
2023-10-27 19:00:00,4957.32,11.7,82.0,10.6,0.0,5.0,11.7,82.0,5.0
2023-10-27 20:00:00,4906.75,11.7,82.0,10.6,0.0,5.0,11.7,82.0,5.0
2023-10-27 21:00:00,4435.9,11.7,82.0,10.6,0.0,5.0,11.7,82.0,5.0
2023-10-27 22:00:00,3849.48,11.7,82.0,10.6,0.0,5.0,11.7,82.0,5.0
2023-10-27 23:00:00,3526.02,11.7,82.0,10.6,0.0,5.0,11.7,82.0,5.0
2023-10-28 00:00:00,2896.84,11.7,82.0,10.6,0.0,5.0,11.7,82.0,5.0
2023-10-28 01:00:00,3008.14,11.7,82.0,10.6,0.0,5.0,11.7,82.0,5.0
2023-10-28 02:00:00,3004.61,11.7,82.0,10.6,0.0,5.0,11.7,82.0,5.0
2023-10-28 03:00:00,3068.3,11.7,82.0,10.6,0.0,5.0,11.7,82.0,5.0
2023-10-28 04:00:00,3082.69,11.7,82.0,10.6,0.0,5.0,11.7,82.0,5.0
2023-10-28 05:00:00,3142.48,11.7,82.0,10.6,0.0,5.0,11.7,82.0,5.0
2023-10-28 06:00:00,3294.55,11.7,82.0,10.6,0.0,5.0,11.7,82.0,5.0
2023-10-28 07:00:00,3543.71,11.7,82.0,10.6,0.0,5.0,11.7,82.0,5.0
2023-10-28 08:00:00,3869.58,11.7,82.0,10.6,0.0,5.0,11.7,82.0,5.0
2023-10-28 09:00:00,4104.5,11.7,82.0,10.6,0.0,5.0,11.7,82.0,5.0
2023-10-28 10:00:00,4105.45,11.7,82.0,10.6,0.0,5.0,11.7,82.0,5.0
2023-10-28 11:00:00,4144.29,11.7,82.0,10.6,0.0,5.0,11.7,82.0,5.0
2023-10-28 12:00:00,4367.79,11.7,82.0,10.6,0.0,5.0,11.7,82.0,5.0
2023-10-28 13:00:00,4376.78,11.7,82.0,10.6,0.0,5.0,11.7,82.0,5.0
2023-10-28 14:00:00,4403.85,11.7,82.0,10.6,0.0,5.0,11.7,82.0,5.0
2023-10-28 15:00:00,4155.14,11.7,82.0,10.6,0.0,5.0,11.7,82.0,5.0
2023-10-28 16:00:00,4290.52,11.7,82.0,10.6,0.0,5.0,11.7,82.0,5.0
2023-10-28 17:00:00,4466.07,11.7,82.0,10.6,0.0,5.0,11.7,82.0,5.0
2023-10-28 18:00:00,4623.53,11.7,82.0,10.6,0.0,5.0,11.7,82.0,5.0
2023-10-28 19:00:00,4827.22,11.7,82.0,10.6,0.0,5.0,11.7,82.0,5.0
2023-10-28 20:00:00,4583.93,11.7,82.0,10.6,0.0,5.0,11.7,82.0,5.0
2023-10-28 21:00:00,4351.74,11.7,82.0,10.6,0.0,5.0,11.7,82.0,5.0
2023-10-28 22:00:00,3735.01,11.7,82.0,10.6,0.0,5.0,11.7,82.0,5.0
2023-10-28 23:00:00,3322.24,11.7,82.0,10.6,0.0,5.0,11.7,82.0,5.0
2023-10-29 00:00:00,3007.76,11.7,82.0,10.6,0.0,5.0,11.7,82.0,5.0
2023-10-29 01:00:00,3019.29,11.7,82.0,10.6,0.0,5.0,11.7,82.0,5.0
2023-10-29 02:00:00,3019.74,11.7,82.0,10.6,0.0,5.0,11.7,82.0,5.0
2023-10-29 03:00:00,3026.41,11.7,82.0,10.6,0.0,5.0,11.7,82.0,5.0
2023-10-29 04:00:00,3048.2200000000003,11.7,82.0,10.6,0.0,5.0,11.7,82.0,5.0
2023-10-29 05:00:00,3071.8599999999997,11.7,82.0,10.6,0.0,5.0,11.7,82.0,5.0
2023-10-29 06:00:00,3259.74,11.7,82.0,10.6,0.0,5.0,11.7,82.0,5.0
2023-10-29 07:00:00,3422.26,11.7,82.0,10.6,0.0,5.0,11.7,82.0,5.0
2023-10-29 08:00:00,3730.56,11.7,82.0,10.6,0.0,5.0,11.7,82.0,5.0
2023-10-29 09:00:00,3946.93,11.7,82.0,10.6,0.0,5.0,11.7,82.0,5.0
2023-10-29 10:00:00,3930.77,11.7,82.0,10.6,0.0,5.0,11.7,82.0,5.0
2023-10-29 11:00:00,4024.6499999999996,11.7,82.0,10.6,0.0,5.0,11.7,82.0,5.0
2023-10-29 12:00:00,4042.39,11.7,82.0,10.6,0.0,5.0,11.7,82.0,5.0
2023-10-29 13:00:00,4237.26,11.7,82.0,10.6,0.0,5.0,11.7,82.0,5.0
2023-10-29 14:00:00,4128.61,11.7,82.0,10.6,0.0,5.0,11.7,82.0,5.0
2023-10-29 15:00:00,4101.3,11.7,82.0,10.6,0.0,5.0,11.7,82.0,5.0
2023-10-29 16:00:00,3920.83,11.7,82.0,10.6,0.0,5.0,11.7,82.0,5.0
2023-10-29 17:00:00,4328.7,11.7,82.0,10.6,0.0,5.0,11.7,82.0,5.0
2023-10-29 18:00:00,4421.46,11.7,82.0,10.6,0.0,5.0,11.7,82.0,5.0
2023-10-29 19:00:00,4642.44,11.7,82.0,10.6,0.0,5.0,11.7,82.0,5.0
2023-10-29 20:00:00,4461.58,11.7,82.0,10.6,0.0,5.0,11.7,82.0,5.0
2023-10-29 21:00:00,4056.68,11.7,82.0,10.6,0.0,5.0,11.7,82.0,5.0
2023-10-29 22:00:00,3596.11,11.7,82.0,10.6,0.0,5.0,11.7,82.0,5.0
2023-10-29 23:00:00,3315.38,11.7,82.0,10.6,0.0,5.0,11.7,82.0,5.0
2023-10-30 00:00:00,2958.79,11.7,82.0,10.6,0.0,5.0,11.7,82.0,5.0
2023-10-30 01:00:00,3216.14,11.7,82.0,10.6,0.0,5.0,11.7,82.0,5.0
2023-10-30 02:00:00,3222.9500000000003,11.7,82.0,10.6,0.0,5.0,11.7,82.0,5.0
2023-10-30 03:00:00,3393.66,11.7,82.0,10.6,0.0,5.0,11.7,82.0,5.0
2023-10-30 04:00:00,3201.52,11.7,82.0,10.6,0.0,5.0,11.7,82.0,5.0
2023-10-30 05:00:00,3378.2200000000003,11.7,82.0,10.6,0.0,5.0,11.7,82.0,5.0
2023-10-30 06:00:00,3501.7,11.7,82.0,10.6,0.0,5.0,11.7,82.0,5.0
2023-10-30 07:00:00,3741.0,11.7,82.0,10.6,0.0,5.0,11.7,82.0,5.0
2023-10-30 08:00:00,4080.22,11.7,82.0,10.6,0.0,5.0,11.7,82.0,5.0
2023-10-30 09:00:00,4301.83,11.7,82.0,10.6,0.0,5.0,11.7,82.0,5.0
2023-10-30 10:00:00,4125.57,11.7,82.0,10.6,0.0,5.0,11.7,82.0,5.0
2023-10-30 11:00:00,4508.9800000000005,11.7,82.0,10.6,0.0,5.0,11.7,82.0,5.0
2023-10-30 12:00:00,4609.38,11.7,82.0,10.6,0.0,5.0,11.7,82.0,5.0
2023-10-30 13:00:00,4559.08,11.7,82.0,10.6,0.0,5.0,11.7,82.0,5.0
2023-10-30 14:00:00,4576.01,11.7,82.0,10.6,0.0,5.0,11.7,82.0,5.0
2023-10-30 15:00:00,4413.65,11.7,82.0,10.6,0.0,5.0,11.7,82.0,5.0
2023-10-30 16:00:00,4342.360000000001,11.7,82.0,10.6,0.0,5.0,11.7,82.0,5.0
2023-10-30 17:00:00,4720.25,11.7,82.0,10.6,0.0,5.0,11.7,82.0,5.0
2023-10-30 18:00:00,4861.97,11.7,82.0,10.6,0.0,5.0,11.7,82.0,5.0
2023-10-30 19:00:00,4991.45,11.7,82.0,10.6,0.0,5.0,11.7,82.0,5.0
2023-10-30 20:00:00,4944.45,11.7,82.0,10.6,0.0,5.0,11.7,82.0,5.0
2023-10-30 21:00:00,4578.66,11.7,82.0,10.6,0.0,5.0,11.7,82.0,5.0
2023-10-30 22:00:00,3993.93,11.7,82.0,10.6,0.0,5.0,11.7,82.0,5.0
2023-10-30 23:00:00,3537.02,11.7,82.0,10.6,0.0,5.0,11.7,82.0,5.0
2023-10-31 00:00:00,3094.99,11.7,82.0,10.6,0.0,5.0,11.7,82.0,5.0
2023-10-31 01:00:00,3106.42,11.7,82.0,10.6,0.0,5.0,11.7,82.0,5.0
2023-10-31 02:00:00,3144.69,11.7,82.0,10.6,0.0,5.0,11.7,82.0,5.0
2023-10-31 03:00:00,3197.47,11.7,82.0,10.6,0.0,5.0,11.7,82.0,5.0
2023-10-31 04:00:00,3276.2799999999997,11.7,82.0,10.6,0.0,5.0,11.7,82.0,5.0
2023-10-31 05:00:00,3413.89,11.7,82.0,10.6,0.0,5.0,11.7,82.0,5.0
2023-10-31 06:00:00,3618.86,11.7,82.0,10.6,0.0,5.0,11.7,82.0,5.0
2023-10-31 07:00:00,3678.12,11.7,82.0,10.6,0.0,5.0,11.7,82.0,5.0
2023-10-31 08:00:00,4173.56,11.7,82.0,10.6,0.0,5.0,11.7,82.0,5.0
2023-10-31 09:00:00,4291.27,11.7,82.0,10.6,0.0,5.0,11.7,82.0,5.0
2023-10-31 10:00:00,4357.2,11.7,82.0,10.6,0.0,5.0,11.7,82.0,5.0
2023-10-31 11:00:00,4451.74,11.7,82.0,10.6,0.0,5.0,11.7,82.0,5.0
2023-10-31 12:00:00,4396.32,11.7,82.0,10.6,0.0,5.0,11.7,82.0,5.0
2023-10-31 13:00:00,4456.37,11.7,82.0,10.6,0.0,5.0,11.7,82.0,5.0
2023-10-31 14:00:00,4539.42,11.7,82.0,10.6,0.0,5.0,11.7,82.0,5.0
2023-10-31 15:00:00,4470.96,11.7,82.0,10.6,0.0,5.0,11.7,82.0,5.0
2023-10-31 16:00:00,4271.99,11.7,82.0,10.6,0.0,5.0,11.7,82.0,5.0
2023-10-31 17:00:00,4640.83,11.7,82.0,10.6,0.0,5.0,11.7,82.0,5.0
2023-10-31 18:00:00,4597.26,11.7,82.0,10.6,0.0,5.0,11.7,82.0,5.0
2023-10-31 19:00:00,4970.21,11.7,82.0,10.6,0.0,5.0,11.7,82.0,5.0
2023-10-31 20:00:00,4692.92,11.7,82.0,10.6,0.0,5.0,11.7,82.0,5.0
2023-10-31 21:00:00,4557.52,11.7,82.0,10.6,0.0,5.0,11.7,82.0,5.0
2023-10-31 22:00:00,3903.08,11.7,82.0,10.6,0.0,5.0,11.7,82.0,5.0
2023-10-31 23:00:00,3553.04,11.7,82.0,10.6,0.0,5.0,11.7,82.0,5.0
2023-11-01 00:00:00,3028.64,11.7,82.0,10.6,0.0,5.0,11.7,82.0,5.0
2023-11-01 01:00:00,3052.52,11.7,82.0,10.6,0.0,5.0,11.7,82.0,5.0
2023-11-01 02:00:00,3183.2799999999997,11.7,82.0,10.6,0.0,5.0,11.7,82.0,5.0
2023-11-01 03:00:00,3344.0299999999997,11.7,82.0,10.6,0.0,5.0,11.7,82.0,5.0
2023-11-01 04:00:00,3302.74,11.7,82.0,10.6,0.0,5.0,11.7,82.0,5.0
2023-11-01 05:00:00,3286.8,11.7,82.0,10.6,0.0,5.0,11.7,82.0,5.0
2023-11-01 06:00:00,3469.8500000000004,11.7,82.0,10.6,0.0,5.0,11.7,82.0,5.0
2023-11-01 07:00:00,3871.15,11.7,82.0,10.6,0.0,5.0,11.7,82.0,5.0
2023-11-01 08:00:00,3886.44,11.7,82.0,10.6,0.0,5.0,11.7,82.0,5.0
2023-11-01 09:00:00,4364.27,11.7,82.0,10.6,0.0,5.0,11.7,82.0,5.0
2023-11-01 10:00:00,4293.61,11.7,82.0,10.6,0.0,5.0,11.7,82.0,5.0
2023-11-01 11:00:00,4432.03,11.7,82.0,10.6,0.0,5.0,11.7,82.0,5.0
2023-11-01 12:00:00,4272.27,11.7,82.0,10.6,0.0,5.0,11.7,82.0,5.0
2023-11-01 13:00:00,4496.21,11.7,82.0,10.6,0.0,5.0,11.7,82.0,5.0
2023-11-01 14:00:00,4381.8099999999995,11.7,82.0,10.6,0.0,5.0,11.7,82.0,5.0
2023-11-01 15:00:00,4429.65,11.7,82.0,10.6,0.0,5.0,11.7,82.0,5.0
2023-11-01 16:00:00,4336.93,11.7,82.0,10.6,0.0,5.0,11.7,82.0,5.0
2023-11-01 17:00:00,4531.97,11.7,82.0,10.6,0.0,5.0,11.7,82.0,5.0
2023-11-01 18:00:00,4976.360000000001,11.7,82.0,10.6,0.0,5.0,11.7,82.0,5.0
2023-11-01 19:00:00,4744.97,11.7,82.0,10.6,0.0,5.0,11.7,82.0,5.0
2023-11-01 20:00:00,4851.5199999999995,11.7,82.0,10.6,0.0,5.0,11.7,82.0,5.0
2023-11-01 21:00:00,4678.28,11.7,82.0,10.6,0.0,5.0,11.7,82.0,5.0
2023-11-01 22:00:00,3951.11,11.7,82.0,10.6,0.0,5.0,11.7,82.0,5.0
2023-11-01 23:00:00,3666.83,11.7,82.0,10.6,0.0,5.0,11.7,82.0,5.0
2023-11-02 00:00:00,3025.72,11.7,82.0,10.6,0.0,5.0,11.7,82.0,5.0
2023-11-02 01:00:00,3178.43,11.7,82.0,10.6,0.0,5.0,11.7,82.0,5.0
2023-11-02 02:00:00,3191.76,11.7,82.0,10.6,0.0,5.0,11.7,82.0,5.0
2023-11-02 03:00:00,3247.32,11.7,82.0,10.6,0.0,5.0,11.7,82.0,5.0
2023-11-02 04:00:00,3277.56,11.7,82.0,10.6,0.0,5.0,11.7,82.0,5.0
2023-11-02 05:00:00,3278.25,11.7,82.0,10.6,0.0,5.0,11.7,82.0,5.0
2023-11-02 06:00:00,3490.59,11.7,82.0,10.6,0.0,5.0,11.7,82.0,5.0
2023-11-02 07:00:00,3838.36,11.7,82.0,10.6,0.0,5.0,11.7,82.0,5.0
2023-11-02 08:00:00,4015.0,11.7,82.0,10.6,0.0,5.0,11.7,82.0,5.0
2023-11-02 09:00:00,4082.33,11.7,82.0,10.6,0.0,5.0,11.7,82.0,5.0
2023-11-02 10:00:00,4291.11,11.7,82.0,10.6,0.0,5.0,11.7,82.0,5.0
2023-11-02 11:00:00,4369.59,11.7,82.0,10.6,0.0,5.0,11.7,82.0,5.0
2023-11-02 12:00:00,4301.94,11.7,82.0,10.6,0.0,5.0,11.7,82.0,5.0
2023-11-02 13:00:00,4430.22,11.7,82.0,10.6,0.0,5.0,11.7,82.0,5.0
2023-11-02 14:00:00,4573.36,11.7,82.0,10.6,0.0,5.0,11.7,82.0,5.0
2023-11-02 15:00:00,4440.4,11.7,82.0,10.6,0.0,5.0,11.7,82.0,5.0
2023-11-02 16:00:00,4253.9,11.7,82.0,10.6,0.0,5.0,11.7,82.0,5.0
2023-11-02 17:00:00,4628.79,11.7,82.0,10.6,0.0,5.0,11.7,82.0,5.0
2023-11-02 18:00:00,4834.23,11.7,82.0,10.6,0.0,5.0,11.7,82.0,5.0
2023-11-02 19:00:00,4798.62,11.7,82.0,10.6,0.0,5.0,11.7,82.0,5.0
2023-11-02 20:00:00,4993.16,11.7,82.0,10.6,0.0,5.0,11.7,82.0,5.0
2023-11-02 21:00:00,4581.2,11.7,82.0,10.6,0.0,5.0,11.7,82.0,5.0
2023-11-02 22:00:00,3979.78,11.7,82.0,10.6,0.0,5.0,11.7,82.0,5.0
2023-11-02 23:00:00,3633.34,11.7,82.0,10.6,0.0,5.0,11.7,82.0,5.0
2023-11-03 00:00:00,3102.64,11.7,82.0,10.6,0.0,5.0,11.7,82.0,5.0
2023-11-03 01:00:00,3175.39,11.7,82.0,10.6,0.0,5.0,11.7,82.0,5.0
2023-11-03 02:00:00,3223.04,11.7,82.0,10.6,0.0,5.0,11.7,82.0,5.0
2023-11-03 03:00:00,3256.68,11.7,82.0,10.6,0.0,5.0,11.7,82.0,5.0
2023-11-03 04:00:00,3289.33,11.7,82.0,10.6,0.0,5.0,11.7,82.0,5.0
2023-11-03 05:00:00,3166.29,11.7,82.0,10.6,0.0,5.0,11.7,82.0,5.0
2023-11-03 06:00:00,3682.58,11.7,82.0,10.6,0.0,5.0,11.7,82.0,5.0
2023-11-03 07:00:00,3730.53,11.7,82.0,10.6,0.0,5.0,11.7,82.0,5.0
2023-11-03 08:00:00,4158.7,11.7,82.0,10.6,0.0,5.0,11.7,82.0,5.0
2023-11-03 09:00:00,4192.86,11.7,82.0,10.6,0.0,5.0,11.7,82.0,5.0
2023-11-03 10:00:00,4230.28,11.7,82.0,10.6,0.0,5.0,11.7,82.0,5.0
2023-11-03 11:00:00,4463.62,11.7,82.0,10.6,0.0,5.0,11.7,82.0,5.0
2023-11-03 12:00:00,4581.57,11.7,82.0,10.6,0.0,5.0,11.7,82.0,5.0
2023-11-03 13:00:00,4547.53,11.7,82.0,10.6,0.0,5.0,11.7,82.0,5.0
2023-11-03 14:00:00,4520.4800000000005,11.7,82.0,10.6,0.0,5.0,11.7,82.0,5.0
2023-11-03 15:00:00,4462.91,11.7,82.0,10.6,0.0,5.0,11.7,82.0,5.0
2023-11-03 16:00:00,4313.93,11.7,82.0,10.6,0.0,5.0,11.7,82.0,5.0
2023-11-03 17:00:00,4438.94,11.7,82.0,10.6,0.0,5.0,11.7,82.0,5.0
2023-11-03 18:00:00,4825.51,11.7,82.0,10.6,0.0,5.0,11.7,82.0,5.0
2023-11-03 19:00:00,4879.29,11.7,82.0,10.6,0.0,5.0,11.7,82.0,5.0
2023-11-03 20:00:00,4850.5,11.7,82.0,10.6,0.0,5.0,11.7,82.0,5.0
2023-11-03 21:00:00,4572.400000000001,11.7,82.0,10.6,0.0,5.0,11.7,82.0,5.0
2023-11-03 22:00:00,3897.98,11.7,82.0,10.6,0.0,5.0,11.7,82.0,5.0
2023-11-03 23:00:00,3719.1800000000003,11.7,82.0,10.6,0.0,5.0,11.7,82.0,5.0
2023-11-04 00:00:00,3021.43,11.7,82.0,10.6,0.0,5.0,11.7,82.0,5.0
2023-11-04 01:00:00,3075.7799999999997,11.7,82.0,10.6,0.0,5.0,11.7,82.0,5.0
2023-11-04 02:00:00,3122.87,11.7,82.0,10.6,0.0,5.0,11.7,82.0,5.0
2023-11-04 03:00:00,3031.17,11.7,82.0,10.6,0.0,5.0,11.7,82.0,5.0
2023-11-04 04:00:00,3222.8599999999997,11.7,82.0,10.6,0.0,5.0,11.7,82.0,5.0
2023-11-04 05:00:00,3006.56,11.7,82.0,10.6,0.0,5.0,11.7,82.0,5.0
2023-11-04 06:00:00,3454.58,11.7,82.0,10.6,0.0,5.0,11.7,82.0,5.0
2023-11-04 07:00:00,3587.48,11.7,82.0,10.6,0.0,5.0,11.7,82.0,5.0
2023-11-04 08:00:00,3886.7,11.7,82.0,10.6,0.0,5.0,11.7,82.0,5.0
2023-11-04 09:00:00,4086.01,11.7,82.0,10.6,0.0,5.0,11.7,82.0,5.0
2023-11-04 10:00:00,4063.4900000000002,11.7,82.0,10.6,0.0,5.0,11.7,82.0,5.0
2023-11-04 11:00:00,4185.12,11.7,82.0,10.6,0.0,5.0,11.7,82.0,5.0
2023-11-04 12:00:00,4406.26,11.7,82.0,10.6,0.0,5.0,11.7,82.0,5.0
2023-11-04 13:00:00,4390.8,11.7,82.0,10.6,0.0,5.0,11.7,82.0,5.0
2023-11-04 14:00:00,4393.2300000000005,11.7,82.0,10.6,0.0,5.0,11.7,82.0,5.0
2023-11-04 15:00:00,4216.27,11.7,82.0,10.6,0.0,5.0,11.7,82.0,5.0
2023-11-04 16:00:00,4001.66,11.7,82.0,10.6,0.0,5.0,11.7,82.0,5.0
2023-11-04 17:00:00,4396.95,11.7,82.0,10.6,0.0,5.0,11.7,82.0,5.0
2023-11-04 18:00:00,4646.0599999999995,11.7,82.0,10.6,0.0,5.0,11.7,82.0,5.0
2023-11-04 19:00:00,4662.97,11.7,82.0,10.6,0.0,5.0,11.7,82.0,5.0
2023-11-04 20:00:00,4631.21,11.7,82.0,10.6,0.0,5.0,11.7,82.0,5.0
2023-11-04 21:00:00,4346.18,11.7,82.0,10.6,0.0,5.0,11.7,82.0,5.0
2023-11-04 22:00:00,3784.6099999999997,11.7,82.0,10.6,0.0,5.0,11.7,82.0,5.0
2023-11-04 23:00:00,3454.46,11.7,82.0,10.6,0.0,5.0,11.7,82.0,5.0
2023-11-05 00:00:00,3026.54,11.7,82.0,10.6,0.0,5.0,11.7,82.0,5.0
2023-11-05 01:00:00,2971.46,11.7,82.0,10.6,0.0,5.0,11.7,82.0,5.0
2023-11-05 02:00:00,3093.7599999999998,11.7,82.0,10.6,0.0,5.0,11.7,82.0,5.0
2023-11-05 03:00:00,3058.76,11.7,82.0,10.6,0.0,5.0,11.7,82.0,5.0
2023-11-05 04:00:00,3022.54,11.7,82.0,10.6,0.0,5.0,11.7,82.0,5.0
2023-11-05 05:00:00,3001.48,11.7,82.0,10.6,0.0,5.0,11.7,82.0,5.0
2023-11-05 06:00:00,3097.01,11.7,82.0,10.6,0.0,5.0,11.7,82.0,5.0
2023-11-05 07:00:00,3479.56,11.7,82.0,10.6,0.0,5.0,11.7,82.0,5.0
2023-11-05 08:00:00,3717.3900000000003,11.7,82.0,10.6,0.0,5.0,11.7,82.0,5.0
2023-11-05 09:00:00,3882.06,11.7,82.0,10.6,0.0,5.0,11.7,82.0,5.0
2023-11-05 10:00:00,4010.3199999999997,11.7,82.0,10.6,0.0,5.0,11.7,82.0,5.0
2023-11-05 11:00:00,4125.97,11.7,82.0,10.6,0.0,5.0,11.7,82.0,5.0
2023-11-05 12:00:00,4021.65,11.7,82.0,10.6,0.0,5.0,11.7,82.0,5.0
2023-11-05 13:00:00,4074.13,11.7,82.0,10.6,0.0,5.0,11.7,82.0,5.0
2023-11-05 14:00:00,4115.79,11.7,82.0,10.6,0.0,5.0,11.7,82.0,5.0
2023-11-05 15:00:00,3965.77,11.7,82.0,10.6,0.0,5.0,11.7,82.0,5.0
2023-11-05 16:00:00,4041.56,11.7,82.0,10.6,0.0,5.0,11.7,82.0,5.0
2023-11-05 17:00:00,4180.72,11.7,82.0,10.6,0.0,5.0,11.7,82.0,5.0
2023-11-05 18:00:00,4461.86,11.7,82.0,10.6,0.0,5.0,11.7,82.0,5.0
2023-11-05 19:00:00,4601.32,11.7,82.0,10.6,0.0,5.0,11.7,82.0,5.0
2023-11-05 20:00:00,4439.1,11.7,82.0,10.6,0.0,5.0,11.7,82.0,5.0
2023-11-05 21:00:00,4214.84,11.7,82.0,10.6,0.0,5.0,11.7,82.0,5.0
2023-11-05 22:00:00,3710.99,11.7,82.0,10.6,0.0,5.0,11.7,82.0,5.0
2023-11-05 23:00:00,3391.4700000000003,11.7,82.0,10.6,0.0,5.0,11.7,82.0,5.0
2023-11-06 00:00:00,3012.39,11.7,82.0,10.6,0.0,5.0,11.7,82.0,5.0
2023-11-06 01:00:00,3120.17,11.7,82.0,10.6,0.0,5.0,11.7,82.0,5.0
2023-11-06 02:00:00,3168.78,11.7,82.0,10.6,0.0,5.0,11.7,82.0,5.0
2023-11-06 03:00:00,3213.89,11.7,82.0,10.6,0.0,5.0,11.7,82.0,5.0
2023-11-06 04:00:00,3379.69,11.7,82.0,10.6,0.0,5.0,11.7,82.0,5.0
2023-11-06 05:00:00,3308.64,11.7,82.0,10.6,0.0,5.0,11.7,82.0,5.0
2023-11-06 06:00:00,3731.9700000000003,11.7,82.0,10.6,0.0,5.0,11.7,82.0,5.0
2023-11-06 07:00:00,3771.6800000000003,11.7,82.0,10.6,0.0,5.0,11.7,82.0,5.0
2023-11-06 08:00:00,3997.76,11.7,82.0,10.6,0.0,5.0,11.7,82.0,5.0
2023-11-06 09:00:00,4289.39,11.7,82.0,10.6,0.0,5.0,11.7,82.0,5.0
2023-11-06 10:00:00,4209.39,11.7,82.0,10.6,0.0,5.0,11.7,82.0,5.0
2023-11-06 11:00:00,4445.24,11.7,82.0,10.6,0.0,5.0,11.7,82.0,5.0
2023-11-06 12:00:00,4635.37,11.7,82.0,10.6,0.0,5.0,11.7,82.0,5.0
2023-11-06 13:00:00,4665.57,11.7,82.0,10.6,0.0,5.0,11.7,82.0,5.0
2023-11-06 14:00:00,4477.59,11.7,82.0,10.6,0.0,5.0,11.7,82.0,5.0
2023-11-06 15:00:00,4535.08,11.7,82.0,10.6,0.0,5.0,11.7,82.0,5.0
2023-11-06 16:00:00,4230.66,11.7,82.0,10.6,0.0,5.0,11.7,82.0,5.0
2023-11-06 17:00:00,4574.58,11.7,82.0,10.6,0.0,5.0,11.7,82.0,5.0
2023-11-06 18:00:00,4873.45,11.7,82.0,10.6,0.0,5.0,11.7,82.0,5.0
2023-11-06 19:00:00,4860.3099999999995,11.7,82.0,10.6,0.0,5.0,11.7,82.0,5.0
2023-11-06 20:00:00,4765.96,11.7,82.0,10.6,0.0,5.0,11.7,82.0,5.0
2023-11-06 21:00:00,4651.54,11.7,82.0,10.6,0.0,5.0,11.7,82.0,5.0
2023-11-06 22:00:00,4008.5299999999997,11.7,82.0,10.6,0.0,5.0,11.7,82.0,5.0
2023-11-06 23:00:00,3472.38,11.7,82.0,10.6,0.0,5.0,11.7,82.0,5.0
2023-11-07 00:00:00,2972.52,11.7,82.0,10.6,0.0,5.0,11.7,82.0,5.0
2023-11-07 01:00:00,3139.83,11.7,82.0,10.6,0.0,5.0,11.7,82.0,5.0
2023-11-07 02:00:00,3149.21,11.7,82.0,10.6,0.0,5.0,11.7,82.0,5.0
2023-11-07 03:00:00,3386.41,11.7,82.0,10.6,0.0,5.0,11.7,82.0,5.0
2023-11-07 04:00:00,3341.4700000000003,11.7,82.0,10.6,0.0,5.0,11.7,82.0,5.0
2023-11-07 05:00:00,3362.64,11.7,82.0,10.6,0.0,5.0,11.7,82.0,5.0
2023-11-07 06:00:00,3510.6400000000003,11.7,82.0,10.6,0.0,5.0,11.7,82.0,5.0
2023-11-07 07:00:00,3758.57,11.7,82.0,10.6,0.0,5.0,11.7,82.0,5.0
2023-11-07 08:00:00,4117.42,11.7,82.0,10.6,0.0,5.0,11.7,82.0,5.0
2023-11-07 09:00:00,4189.75,11.7,82.0,10.6,0.0,5.0,11.7,82.0,5.0
2023-11-07 10:00:00,4362.76,11.7,82.0,10.6,0.0,5.0,11.7,82.0,5.0
2023-11-07 11:00:00,4522.05,11.7,82.0,10.6,0.0,5.0,11.7,82.0,5.0
2023-11-07 12:00:00,4443.849999999999,11.7,82.0,10.6,0.0,5.0,11.7,82.0,5.0
2023-11-07 13:00:00,4458.97,11.7,82.0,10.6,0.0,5.0,11.7,82.0,5.0
2023-11-07 14:00:00,4542.030000000001,11.7,82.0,10.6,0.0,5.0,11.7,82.0,5.0
2023-11-07 15:00:00,4347.33,11.7,82.0,10.6,0.0,5.0,11.7,82.0,5.0
2023-11-07 16:00:00,4309.23,11.7,82.0,10.6,0.0,5.0,11.7,82.0,5.0
2023-11-07 17:00:00,4637.71,11.7,82.0,10.6,0.0,5.0,11.7,82.0,5.0
2023-11-07 18:00:00,4870.86,11.7,82.0,10.6,0.0,5.0,11.7,82.0,5.0
2023-11-07 19:00:00,4985.83,11.7,82.0,10.6,0.0,5.0,11.7,82.0,5.0
2023-11-07 20:00:00,4908.400000000001,11.7,82.0,10.6,0.0,5.0,11.7,82.0,5.0
2023-11-07 21:00:00,4490.08,11.7,82.0,10.6,0.0,5.0,11.7,82.0,5.0
2023-11-07 22:00:00,3988.92,11.7,82.0,10.6,0.0,5.0,11.7,82.0,5.0
2023-11-07 23:00:00,3609.14,11.7,82.0,10.6,0.0,5.0,11.7,82.0,5.0
2023-11-08 00:00:00,2967.06,11.7,82.0,10.6,0.0,5.0,11.7,82.0,5.0
2023-11-08 01:00:00,2983.91,11.7,82.0,10.6,0.0,5.0,11.7,82.0,5.0
2023-11-08 02:00:00,3204.87,11.7,82.0,10.6,0.0,5.0,11.7,82.0,5.0
2023-11-08 03:00:00,3169.49,11.7,82.0,10.6,0.0,5.0,11.7,82.0,5.0
2023-11-08 04:00:00,3277.75,11.7,82.0,10.6,0.0,5.0,11.7,82.0,5.0
2023-11-08 05:00:00,3142.0699999999997,11.7,82.0,10.6,0.0,5.0,11.7,82.0,5.0
2023-11-08 06:00:00,3741.67,11.7,82.0,10.6,0.0,5.0,11.7,82.0,5.0
2023-11-08 07:00:00,3948.93,11.7,82.0,10.6,0.0,5.0,11.7,82.0,5.0
2023-11-08 08:00:00,4155.76,11.7,82.0,10.6,0.0,5.0,11.7,82.0,5.0
2023-11-08 09:00:00,4377.85,11.7,82.0,10.6,0.0,5.0,11.7,82.0,5.0
2023-11-08 10:00:00,4340.71,11.7,82.0,10.6,0.0,5.0,11.7,82.0,5.0
2023-11-08 11:00:00,4376.33,11.7,82.0,10.6,0.0,5.0,11.7,82.0,5.0
2023-11-08 12:00:00,4600.68,11.7,82.0,10.6,0.0,5.0,11.7,82.0,5.0
2023-11-08 13:00:00,4642.65,11.7,82.0,10.6,0.0,5.0,11.7,82.0,5.0
2023-11-08 14:00:00,4616.39,11.7,82.0,10.6,0.0,5.0,11.7,82.0,5.0
2023-11-08 15:00:00,4467.8,11.7,82.0,10.6,0.0,5.0,11.7,82.0,5.0
2023-11-08 16:00:00,4282.09,11.7,82.0,10.6,0.0,5.0,11.7,82.0,5.0
2023-11-08 17:00:00,4674.52,11.7,82.0,10.6,0.0,5.0,11.7,82.0,5.0
2023-11-08 18:00:00,4871.64,11.7,82.0,10.6,0.0,5.0,11.7,82.0,5.0
2023-11-08 19:00:00,4972.3,11.7,82.0,10.6,0.0,5.0,11.7,82.0,5.0
2023-11-08 20:00:00,4795.29,11.7,82.0,10.6,0.0,5.0,11.7,82.0,5.0
2023-11-08 21:00:00,4605.85,11.7,82.0,10.6,0.0,5.0,11.7,82.0,5.0
2023-11-08 22:00:00,4037.5299999999997,11.7,82.0,10.6,0.0,5.0,11.7,82.0,5.0
2023-11-08 23:00:00,3495.27,11.7,82.0,10.6,0.0,5.0,11.7,82.0,5.0
2023-11-09 00:00:00,3056.49,11.7,82.0,10.6,0.0,5.0,11.7,82.0,5.0
2023-11-09 01:00:00,3083.07,11.7,82.0,10.6,0.0,5.0,11.7,82.0,5.0
2023-11-09 02:00:00,3104.11,11.7,82.0,10.6,0.0,5.0,11.7,82.0,5.0
2023-11-09 03:00:00,3487.5899999999997,11.7,82.0,10.6,0.0,5.0,11.7,82.0,5.0
2023-11-09 04:00:00,3312.56,11.7,82.0,10.6,0.0,5.0,11.7,82.0,5.0
2023-11-09 05:00:00,3288.11,11.7,82.0,10.6,0.0,5.0,11.7,82.0,5.0
2023-11-09 06:00:00,3546.4900000000002,11.7,82.0,10.6,0.0,5.0,11.7,82.0,5.0
2023-11-09 07:00:00,3755.28,11.7,82.0,10.6,0.0,5.0,11.7,82.0,5.0
2023-11-09 08:00:00,4087.92,11.7,82.0,10.6,0.0,5.0,11.7,82.0,5.0
2023-11-09 09:00:00,4407.71,11.7,82.0,10.6,0.0,5.0,11.7,82.0,5.0
2023-11-09 10:00:00,4391.43,11.7,82.0,10.6,0.0,5.0,11.7,82.0,5.0
2023-11-09 11:00:00,4505.51,11.7,82.0,10.6,0.0,5.0,11.7,82.0,5.0
2023-11-09 12:00:00,4599.02,11.7,82.0,10.6,0.0,5.0,11.7,82.0,5.0
2023-11-09 13:00:00,4563.04,11.7,82.0,10.6,0.0,5.0,11.7,82.0,5.0
2023-11-09 14:00:00,4651.33,11.7,82.0,10.6,0.0,5.0,11.7,82.0,5.0
2023-11-09 15:00:00,4462.98,11.7,82.0,10.6,0.0,5.0,11.7,82.0,5.0
2023-11-09 16:00:00,4264.59,11.7,82.0,10.6,0.0,5.0,11.7,82.0,5.0
2023-11-09 17:00:00,4588.62,11.7,82.0,10.6,0.0,5.0,11.7,82.0,5.0
2023-11-09 18:00:00,4961.55,11.7,82.0,10.6,0.0,5.0,11.7,82.0,5.0
2023-11-09 19:00:00,4990.15,11.7,82.0,10.6,0.0,5.0,11.7,82.0,5.0
2023-11-09 20:00:00,4803.0599999999995,11.7,82.0,10.6,0.0,5.0,11.7,82.0,5.0
2023-11-09 21:00:00,4749.63,11.7,82.0,10.6,0.0,5.0,11.7,82.0,5.0
2023-11-09 22:00:00,4123.67,11.7,82.0,10.6,0.0,5.0,11.7,82.0,5.0
2023-11-09 23:00:00,3546.8199999999997,11.7,82.0,10.6,0.0,5.0,11.7,82.0,5.0
2023-11-10 00:00:00,3172.04,11.7,82.0,10.6,0.0,5.0,11.7,82.0,5.0
2023-11-10 01:00:00,3378.82,11.7,82.0,10.6,0.0,5.0,11.7,82.0,5.0
2023-11-10 02:00:00,3197.08,11.7,82.0,10.6,0.0,5.0,11.7,82.0,5.0
2023-11-10 03:00:00,3124.64,11.7,82.0,10.6,0.0,5.0,11.7,82.0,5.0
2023-11-10 04:00:00,3244.2,11.7,82.0,10.6,0.0,5.0,11.7,82.0,5.0
2023-11-10 05:00:00,3267.4700000000003,11.7,82.0,10.6,0.0,5.0,11.7,82.0,5.0
2023-11-10 06:00:00,3592.25,11.7,82.0,10.6,0.0,5.0,11.7,82.0,5.0
2023-11-10 07:00:00,3693.98,11.7,82.0,10.6,0.0,5.0,11.7,82.0,5.0
2023-11-10 08:00:00,4069.66,11.7,82.0,10.6,0.0,5.0,11.7,82.0,5.0
2023-11-10 09:00:00,4269.31,11.7,82.0,10.6,0.0,5.0,11.7,82.0,5.0
2023-11-10 10:00:00,4302.62,11.7,82.0,10.6,0.0,5.0,11.7,82.0,5.0
2023-11-10 11:00:00,4318.889999999999,11.7,82.0,10.6,0.0,5.0,11.7,82.0,5.0
2023-11-10 12:00:00,4425.51,11.7,82.0,10.6,0.0,5.0,11.7,82.0,5.0
2023-11-10 13:00:00,4550.45,11.7,82.0,10.6,0.0,5.0,11.7,82.0,5.0
2023-11-10 14:00:00,4542.06,11.7,82.0,10.6,0.0,5.0,11.7,82.0,5.0
2023-11-10 15:00:00,4395.2,11.7,82.0,10.6,0.0,5.0,11.7,82.0,5.0
2023-11-10 16:00:00,4245.81,11.7,82.0,10.6,0.0,5.0,11.7,82.0,5.0
2023-11-10 17:00:00,4661.26,11.7,82.0,10.6,0.0,5.0,11.7,82.0,5.0
2023-11-10 18:00:00,4906.990000000001,11.7,82.0,10.6,0.0,5.0,11.7,82.0,5.0
2023-11-10 19:00:00,4959.93,11.7,82.0,10.6,0.0,5.0,11.7,82.0,5.0
2023-11-10 20:00:00,4942.7,11.7,82.0,10.6,0.0,5.0,11.7,82.0,5.0
2023-11-10 21:00:00,4692.099999999999,11.7,82.0,10.6,0.0,5.0,11.7,82.0,5.0
2023-11-10 22:00:00,3975.8900000000003,11.7,82.0,10.6,0.0,5.0,11.7,82.0,5.0
2023-11-10 23:00:00,3513.17,11.7,82.0,10.6,0.0,5.0,11.7,82.0,5.0
2023-11-11 00:00:00,3014.36,11.7,82.0,10.6,0.0,5.0,11.7,82.0,5.0
2023-11-11 01:00:00,3173.2,11.7,82.0,10.6,0.0,5.0,11.7,82.0,5.0
2023-11-11 02:00:00,3102.96,11.7,82.0,10.6,0.0,5.0,11.7,82.0,5.0
2023-11-11 03:00:00,3201.77,11.7,82.0,10.6,0.0,5.0,11.7,82.0,5.0
2023-11-11 04:00:00,3061.55,11.7,82.0,10.6,0.0,5.0,11.7,82.0,5.0
2023-11-11 05:00:00,3071.89,11.7,82.0,10.6,0.0,5.0,11.7,82.0,5.0
2023-11-11 06:00:00,3347.23,11.7,82.0,10.6,0.0,5.0,11.7,82.0,5.0
2023-11-11 07:00:00,3605.2,11.7,82.0,10.6,0.0,5.0,11.7,82.0,5.0
2023-11-11 08:00:00,4021.5,11.7,82.0,10.6,0.0,5.0,11.7,82.0,5.0
2023-11-11 09:00:00,4206.4,11.7,82.0,10.6,0.0,5.0,11.7,82.0,5.0
2023-11-11 10:00:00,4126.22,11.7,82.0,10.6,0.0,5.0,11.7,82.0,5.0
2023-11-11 11:00:00,4162.97,11.7,82.0,10.6,0.0,5.0,11.7,82.0,5.0
2023-11-11 12:00:00,4333.42,11.7,82.0,10.6,0.0,5.0,11.7,82.0,5.0
2023-11-11 13:00:00,4564.1,11.7,82.0,10.6,0.0,5.0,11.7,82.0,5.0
2023-11-11 14:00:00,4414.69,11.7,82.0,10.6,0.0,5.0,11.7,82.0,5.0
2023-11-11 15:00:00,4273.65,11.7,82.0,10.6,0.0,5.0,11.7,82.0,5.0
2023-11-11 16:00:00,4345.75,11.7,82.0,10.6,0.0,5.0,11.7,82.0,5.0
2023-11-11 17:00:00,4440.51,11.7,82.0,10.6,0.0,5.0,11.7,82.0,5.0
2023-11-11 18:00:00,4694.2699999999995,11.7,82.0,10.6,0.0,5.0,11.7,82.0,5.0
2023-11-11 19:00:00,4870.0,11.7,82.0,10.6,0.0,5.0,11.7,82.0,5.0
2023-11-11 20:00:00,4550.5,11.7,82.0,10.6,0.0,5.0,11.7,82.0,5.0
2023-11-11 21:00:00,4518.21,11.7,82.0,10.6,0.0,5.0,11.7,82.0,5.0
2023-11-11 22:00:00,3725.16,11.7,82.0,10.6,0.0,5.0,11.7,82.0,5.0
2023-11-11 23:00:00,3543.0699999999997,11.7,82.0,10.6,0.0,5.0,11.7,82.0,5.0
2023-11-12 00:00:00,3036.91,11.7,82.0,10.6,0.0,5.0,11.7,82.0,5.0
2023-11-12 01:00:00,3019.38,11.7,82.0,10.6,0.0,5.0,11.7,82.0,5.0
2023-11-12 02:00:00,2978.48,11.7,82.0,10.6,0.0,5.0,11.7,82.0,5.0
2023-11-12 03:00:00,3131.6,11.7,82.0,10.6,0.0,5.0,11.7,82.0,5.0
2023-11-12 04:00:00,2986.7000000000003,11.7,82.0,10.6,0.0,5.0,11.7,82.0,5.0
2023-11-12 05:00:00,3037.45,11.7,82.0,10.6,0.0,5.0,11.7,82.0,5.0
2023-11-12 06:00:00,3166.94,11.7,82.0,10.6,0.0,5.0,11.7,82.0,5.0
2023-11-12 07:00:00,3544.34,11.7,82.0,10.6,0.0,5.0,11.7,82.0,5.0
2023-11-12 08:00:00,3651.1800000000003,11.7,82.0,10.6,0.0,5.0,11.7,82.0,5.0
2023-11-12 09:00:00,4030.75,11.7,82.0,10.6,0.0,5.0,11.7,82.0,5.0
2023-11-12 10:00:00,4004.92,11.7,82.0,10.6,0.0,5.0,11.7,82.0,5.0
2023-11-12 11:00:00,4066.5499999999997,11.7,82.0,10.6,0.0,5.0,11.7,82.0,5.0
2023-11-12 12:00:00,4130.21,11.7,82.0,10.6,0.0,5.0,11.7,82.0,5.0
2023-11-12 13:00:00,4126.08,11.7,82.0,10.6,0.0,5.0,11.7,82.0,5.0
2023-11-12 14:00:00,4258.0199999999995,11.7,82.0,10.6,0.0,5.0,11.7,82.0,5.0
2023-11-12 15:00:00,4079.75,11.7,82.0,10.6,0.0,5.0,11.7,82.0,5.0
2023-11-12 16:00:00,3874.5699999999997,11.7,82.0,10.6,0.0,5.0,11.7,82.0,5.0
2023-11-12 17:00:00,4216.43,11.7,82.0,10.6,0.0,5.0,11.7,82.0,5.0
2023-11-12 18:00:00,4470.69,11.7,82.0,10.6,0.0,5.0,11.7,82.0,5.0
2023-11-12 19:00:00,4481.94,11.7,82.0,10.6,0.0,5.0,11.7,82.0,5.0
2023-11-12 20:00:00,4470.7300000000005,11.7,82.0,10.6,0.0,5.0,11.7,82.0,5.0
2023-11-12 21:00:00,4129.01,11.7,82.0,10.6,0.0,5.0,11.7,82.0,5.0
2023-11-12 22:00:00,3588.12,11.7,82.0,10.6,0.0,5.0,11.7,82.0,5.0
2023-11-12 23:00:00,3367.64,11.7,82.0,10.6,0.0,5.0,11.7,82.0,5.0
2023-11-13 00:00:00,2986.56,11.7,82.0,10.6,0.0,5.0,11.7,82.0,5.0
2023-11-13 01:00:00,3192.78,11.7,82.0,10.6,0.0,5.0,11.7,82.0,5.0
2023-11-13 02:00:00,3136.7,11.7,82.0,10.6,0.0,5.0,11.7,82.0,5.0
2023-11-13 03:00:00,3355.65,11.7,82.0,10.6,0.0,5.0,11.7,82.0,5.0
2023-11-13 04:00:00,3282.38,11.7,82.0,10.6,0.0,5.0,11.7,82.0,5.0
2023-11-13 05:00:00,3200.83,11.7,82.0,10.6,0.0,5.0,11.7,82.0,5.0
2023-11-13 06:00:00,3435.58,11.7,82.0,10.6,0.0,5.0,11.7,82.0,5.0
2023-11-13 07:00:00,3625.3,11.7,82.0,10.6,0.0,5.0,11.7,82.0,5.0
2023-11-13 08:00:00,4136.33,11.7,82.0,10.6,0.0,5.0,11.7,82.0,5.0
2023-11-13 09:00:00,4290.82,11.7,82.0,10.6,0.0,5.0,11.7,82.0,5.0
2023-11-13 10:00:00,4452.55,11.7,82.0,10.6,0.0,5.0,11.7,82.0,5.0
2023-11-13 11:00:00,4458.97,11.7,82.0,10.6,0.0,5.0,11.7,82.0,5.0
2023-11-13 12:00:00,4597.44,11.7,82.0,10.6,0.0,5.0,11.7,82.0,5.0
2023-11-13 13:00:00,4711.76,11.7,82.0,10.6,0.0,5.0,11.7,82.0,5.0
2023-11-13 14:00:00,4429.41,11.7,82.0,10.6,0.0,5.0,11.7,82.0,5.0
2023-11-13 15:00:00,4514.86,11.7,82.0,10.6,0.0,5.0,11.7,82.0,5.0
2023-11-13 16:00:00,4263.5599999999995,11.7,82.0,10.6,0.0,5.0,11.7,82.0,5.0
2023-11-13 17:00:00,4555.4800000000005,11.7,82.0,10.6,0.0,5.0,11.7,82.0,5.0
2023-11-13 18:00:00,4970.87,11.7,82.0,10.6,0.0,5.0,11.7,82.0,5.0
2023-11-13 19:00:00,4990.1,11.7,82.0,10.6,0.0,5.0,11.7,82.0,5.0
2023-11-13 20:00:00,4968.67,11.7,82.0,10.6,0.0,5.0,11.7,82.0,5.0
2023-11-13 21:00:00,4464.36,11.7,82.0,10.6,0.0,5.0,11.7,82.0,5.0
2023-11-13 22:00:00,3901.59,11.7,82.0,10.6,0.0,5.0,11.7,82.0,5.0
2023-11-13 23:00:00,3707.34,11.7,82.0,10.6,0.0,5.0,11.7,82.0,5.0
2023-11-14 00:00:00,3067.39,11.7,82.0,10.6,0.0,5.0,11.7,82.0,5.0
2023-11-14 01:00:00,3409.01,11.7,82.0,10.6,0.0,5.0,11.7,82.0,5.0
2023-11-14 02:00:00,3245.45,11.7,82.0,10.6,0.0,5.0,11.7,82.0,5.0
2023-11-14 03:00:00,3250.9,11.7,82.0,10.6,0.0,5.0,11.7,82.0,5.0
2023-11-14 04:00:00,3286.42,11.7,82.0,10.6,0.0,5.0,11.7,82.0,5.0
2023-11-14 05:00:00,3271.84,11.7,82.0,10.6,0.0,5.0,11.7,82.0,5.0
2023-11-14 06:00:00,3429.77,11.7,82.0,10.6,0.0,5.0,11.7,82.0,5.0
2023-11-14 07:00:00,3861.11,11.7,82.0,10.6,0.0,5.0,11.7,82.0,5.0
2023-11-14 08:00:00,4117.03,11.7,82.0,10.6,0.0,5.0,11.7,82.0,5.0
2023-11-14 09:00:00,4381.54,11.7,82.0,10.6,0.0,5.0,11.7,82.0,5.0
2023-11-14 10:00:00,4365.42,11.7,82.0,10.6,0.0,5.0,11.7,82.0,5.0
2023-11-14 11:00:00,4375.74,11.7,82.0,10.6,0.0,5.0,11.7,82.0,5.0
2023-11-14 12:00:00,4407.58,11.7,82.0,10.6,0.0,5.0,11.7,82.0,5.0
2023-11-14 13:00:00,4705.84,11.7,82.0,10.6,0.0,5.0,11.7,82.0,5.0
2023-11-14 14:00:00,4606.4,11.7,82.0,10.6,0.0,5.0,11.7,82.0,5.0
2023-11-14 15:00:00,4462.69,11.7,82.0,10.6,0.0,5.0,11.7,82.0,5.0
2023-11-14 16:00:00,4356.08,11.7,82.0,10.6,0.0,5.0,11.7,82.0,5.0
2023-11-14 17:00:00,4514.79,11.7,82.0,10.6,0.0,5.0,11.7,82.0,5.0
2023-11-14 18:00:00,4897.76,11.7,82.0,10.6,0.0,5.0,11.7,82.0,5.0
2023-11-14 19:00:00,5081.7,11.7,82.0,10.6,0.0,5.0,11.7,82.0,5.0
2023-11-14 20:00:00,4781.11,11.7,82.0,10.6,0.0,5.0,11.7,82.0,5.0
2023-11-14 21:00:00,4587.09,11.7,82.0,10.6,0.0,5.0,11.7,82.0,5.0
2023-11-14 22:00:00,3986.76,11.7,82.0,10.6,0.0,5.0,11.7,82.0,5.0
2023-11-14 23:00:00,3649.1,11.7,82.0,10.6,0.0,5.0,11.7,82.0,5.0
2023-11-15 00:00:00,3135.0699999999997,11.7,82.0,10.6,0.0,5.0,11.7,82.0,5.0
2023-11-15 01:00:00,3169.7,11.7,82.0,10.6,0.0,5.0,11.7,82.0,5.0
2023-11-15 02:00:00,3453.03,11.7,82.0,10.6,0.0,5.0,11.7,82.0,5.0
2023-11-15 03:00:00,3264.07,11.7,82.0,10.6,0.0,5.0,11.7,82.0,5.0
2023-11-15 04:00:00,3357.5299999999997,11.7,82.0,10.6,0.0,5.0,11.7,82.0,5.0
2023-11-15 05:00:00,3237.5,11.7,82.0,10.6,0.0,5.0,11.7,82.0,5.0
2023-11-15 06:00:00,3443.43,11.7,82.0,10.6,0.0,5.0,11.7,82.0,5.0
2023-11-15 07:00:00,3774.0,11.7,82.0,10.6,0.0,5.0,11.7,82.0,5.0
2023-11-15 08:00:00,4080.74,11.7,82.0,10.6,0.0,5.0,11.7,82.0,5.0
2023-11-15 09:00:00,4329.16,11.7,82.0,10.6,0.0,5.0,11.7,82.0,5.0
2023-11-15 10:00:00,4314.22,11.7,82.0,10.6,0.0,5.0,11.7,82.0,5.0
2023-11-15 11:00:00,4287.02,11.7,82.0,10.6,0.0,5.0,11.7,82.0,5.0
2023-11-15 12:00:00,4509.12,11.7,82.0,10.6,0.0,5.0,11.7,82.0,5.0
2023-11-15 13:00:00,4648.97,11.7,82.0,10.6,0.0,5.0,11.7,82.0,5.0
2023-11-15 14:00:00,4556.6900000000005,11.7,82.0,10.6,0.0,5.0,11.7,82.0,5.0
2023-11-15 15:00:00,4482.74,11.7,82.0,10.6,0.0,5.0,11.7,82.0,5.0
2023-11-15 16:00:00,4367.18,11.7,82.0,10.6,0.0,5.0,11.7,82.0,5.0
2023-11-15 17:00:00,4640.63,11.7,82.0,10.6,0.0,5.0,11.7,82.0,5.0
2023-11-15 18:00:00,5027.22,11.7,82.0,10.6,0.0,5.0,11.7,82.0,5.0
2023-11-15 19:00:00,4981.88,11.7,82.0,10.6,0.0,5.0,11.7,82.0,5.0
2023-11-15 20:00:00,4983.92,11.7,82.0,10.6,0.0,5.0,11.7,82.0,5.0
2023-11-15 21:00:00,4610.54,11.7,82.0,10.6,0.0,5.0,11.7,82.0,5.0
2023-11-15 22:00:00,4036.0,11.7,82.0,10.6,0.0,5.0,11.7,82.0,5.0
2023-11-15 23:00:00,3734.1099999999997,11.7,82.0,10.6,0.0,5.0,11.7,82.0,5.0
2023-11-16 00:00:00,3154.67,11.7,82.0,10.6,0.0,5.0,11.7,82.0,5.0
2023-11-16 01:00:00,3236.42,11.7,82.0,10.6,0.0,5.0,11.7,82.0,5.0
2023-11-16 02:00:00,3231.15,11.7,82.0,10.6,0.0,5.0,11.7,82.0,5.0
2023-11-16 03:00:00,3316.31,11.7,82.0,10.6,0.0,5.0,11.7,82.0,5.0
2023-11-16 04:00:00,3286.65,11.7,82.0,10.6,0.0,5.0,11.7,82.0,5.0
2023-11-16 05:00:00,3290.5699999999997,11.7,82.0,10.6,0.0,5.0,11.7,82.0,5.0
2023-11-16 06:00:00,3493.64,11.7,82.0,10.6,0.0,5.0,11.7,82.0,5.0
2023-11-16 07:00:00,3912.99,11.7,82.0,10.6,0.0,5.0,11.7,82.0,5.0
2023-11-16 08:00:00,4028.73,11.7,82.0,10.6,0.0,5.0,11.7,82.0,5.0
2023-11-16 09:00:00,4422.64,11.7,82.0,10.6,0.0,5.0,11.7,82.0,5.0
2023-11-16 10:00:00,4357.42,11.7,82.0,10.6,0.0,5.0,11.7,82.0,5.0
2023-11-16 11:00:00,4553.56,11.7,82.0,10.6,0.0,5.0,11.7,82.0,5.0
2023-11-16 12:00:00,4556.6,11.7,82.0,10.6,0.0,5.0,11.7,82.0,5.0
2023-11-16 13:00:00,4520.08,11.7,82.0,10.6,0.0,5.0,11.7,82.0,5.0
2023-11-16 14:00:00,4515.4800000000005,11.7,82.0,10.6,0.0,5.0,11.7,82.0,5.0
2023-11-16 15:00:00,4426.06,11.7,82.0,10.6,0.0,5.0,11.7,82.0,5.0
2023-11-16 16:00:00,4406.7,11.7,82.0,10.6,0.0,5.0,11.7,82.0,5.0
2023-11-16 17:00:00,4521.78,11.7,82.0,10.6,0.0,5.0,11.7,82.0,5.0
2023-11-16 18:00:00,4975.02,11.7,82.0,10.6,0.0,5.0,11.7,82.0,5.0
2023-11-16 19:00:00,4961.81,11.7,82.0,10.6,0.0,5.0,11.7,82.0,5.0
2023-11-16 20:00:00,4863.66,11.7,82.0,10.6,0.0,5.0,11.7,82.0,5.0
2023-11-16 21:00:00,4680.69,11.7,82.0,10.6,0.0,5.0,11.7,82.0,5.0
2023-11-16 22:00:00,3931.44,11.7,82.0,10.6,0.0,5.0,11.7,82.0,5.0
2023-11-16 23:00:00,3629.0899999999997,11.7,82.0,10.6,0.0,5.0,11.7,82.0,5.0
2023-11-17 00:00:00,3240.6,11.7,82.0,10.6,0.0,5.0,11.7,82.0,5.0
2023-11-17 01:00:00,3139.3,11.7,82.0,10.6,0.0,5.0,11.7,82.0,5.0
2023-11-17 02:00:00,3285.81,11.7,82.0,10.6,0.0,5.0,11.7,82.0,5.0
2023-11-17 03:00:00,3502.72,11.7,82.0,10.6,0.0,5.0,11.7,82.0,5.0
2023-11-17 04:00:00,3203.9,11.7,82.0,10.6,0.0,5.0,11.7,82.0,5.0
2023-11-17 05:00:00,3220.43,11.7,82.0,10.6,0.0,5.0,11.7,82.0,5.0
2023-11-17 06:00:00,3614.22,11.7,82.0,10.6,0.0,5.0,11.7,82.0,5.0
2023-11-17 07:00:00,3901.26,11.7,82.0,10.6,0.0,5.0,11.7,82.0,5.0
2023-11-17 08:00:00,4131.26,11.7,82.0,10.6,0.0,5.0,11.7,82.0,5.0
2023-11-17 09:00:00,4370.38,11.7,82.0,10.6,0.0,5.0,11.7,82.0,5.0
2023-11-17 10:00:00,4457.64,11.7,82.0,10.6,0.0,5.0,11.7,82.0,5.0
2023-11-17 11:00:00,4380.01,11.7,82.0,10.6,0.0,5.0,11.7,82.0,5.0
2023-11-17 12:00:00,4628.01,11.7,82.0,10.6,0.0,5.0,11.7,82.0,5.0
2023-11-17 13:00:00,4535.67,11.7,82.0,10.6,0.0,5.0,11.7,82.0,5.0
2023-11-17 14:00:00,4591.849999999999,11.7,82.0,10.6,0.0,5.0,11.7,82.0,5.0
2023-11-17 15:00:00,4475.66,11.7,82.0,10.6,0.0,5.0,11.7,82.0,5.0
2023-11-17 16:00:00,4219.45,11.7,82.0,10.6,0.0,5.0,11.7,82.0,5.0
2023-11-17 17:00:00,4594.24,11.7,82.0,10.6,0.0,5.0,11.7,82.0,5.0
2023-11-17 18:00:00,4888.62,11.7,82.0,10.6,0.0,5.0,11.7,82.0,5.0
2023-11-17 19:00:00,5006.72,11.7,82.0,10.6,0.0,5.0,11.7,82.0,5.0
2023-11-17 20:00:00,4959.9,11.7,82.0,10.6,0.0,5.0,11.7,82.0,5.0
2023-11-17 21:00:00,4708.06,11.7,82.0,10.6,0.0,5.0,11.7,82.0,5.0
2023-11-17 22:00:00,4037.2400000000002,11.7,82.0,10.6,0.0,5.0,11.7,82.0,5.0
2023-11-17 23:00:00,3701.1400000000003,11.7,82.0,10.6,0.0,5.0,11.7,82.0,5.0
2023-11-18 00:00:00,2976.02,11.7,82.0,10.6,0.0,5.0,11.7,82.0,5.0
2023-11-18 01:00:00,3022.71,11.7,82.0,10.6,0.0,5.0,11.7,82.0,5.0
2023-11-18 02:00:00,3202.95,11.7,82.0,10.6,0.0,5.0,11.7,82.0,5.0
2023-11-18 03:00:00,3278.7799999999997,11.7,82.0,10.6,0.0,5.0,11.7,82.0,5.0
2023-11-18 04:00:00,3169.56,11.7,82.0,10.6,0.0,5.0,11.7,82.0,5.0
2023-11-18 05:00:00,3337.18,11.7,82.0,10.6,0.0,5.0,11.7,82.0,5.0
2023-11-18 06:00:00,3326.65,11.7,82.0,10.6,0.0,5.0,11.7,82.0,5.0
2023-11-18 07:00:00,3572.16,11.7,82.0,10.6,0.0,5.0,11.7,82.0,5.0
2023-11-18 08:00:00,3992.94,11.7,82.0,10.6,0.0,5.0,11.7,82.0,5.0
2023-11-18 09:00:00,4328.17,11.7,82.0,10.6,0.0,5.0,11.7,82.0,5.0
2023-11-18 10:00:00,4161.7300000000005,11.7,82.0,10.6,0.0,5.0,11.7,82.0,5.0
2023-11-18 11:00:00,4342.62,11.7,82.0,10.6,0.0,5.0,11.7,82.0,5.0
2023-11-18 12:00:00,4381.16,11.7,82.0,10.6,0.0,5.0,11.7,82.0,5.0
2023-11-18 13:00:00,4383.389999999999,11.7,82.0,10.6,0.0,5.0,11.7,82.0,5.0
2023-11-18 14:00:00,4408.89,11.7,82.0,10.6,0.0,5.0,11.7,82.0,5.0
2023-11-18 15:00:00,4276.5,11.7,82.0,10.6,0.0,5.0,11.7,82.0,5.0
2023-11-18 16:00:00,4326.2699999999995,11.7,82.0,10.6,0.0,5.0,11.7,82.0,5.0
2023-11-18 17:00:00,4462.02,11.7,82.0,10.6,0.0,5.0,11.7,82.0,5.0
2023-11-18 18:00:00,4707.5199999999995,11.7,82.0,10.6,0.0,5.0,11.7,82.0,5.0
2023-11-18 19:00:00,4976.69,11.7,82.0,10.6,0.0,5.0,11.7,82.0,5.0
2023-11-18 20:00:00,4630.87,11.7,82.0,10.6,0.0,5.0,11.7,82.0,5.0
2023-11-18 21:00:00,4365.33,11.7,82.0,10.6,0.0,5.0,11.7,82.0,5.0
2023-11-18 22:00:00,3747.5099999999998,11.7,82.0,10.6,0.0,5.0,11.7,82.0,5.0
2023-11-18 23:00:00,3353.63,11.7,82.0,10.6,0.0,5.0,11.7,82.0,5.0
2023-11-19 00:00:00,2987.08,11.7,82.0,10.6,0.0,5.0,11.7,82.0,5.0
2023-11-19 01:00:00,2991.35,11.7,82.0,10.6,0.0,5.0,11.7,82.0,5.0
2023-11-19 02:00:00,3004.2599999999998,11.7,82.0,10.6,0.0,5.0,11.7,82.0,5.0
2023-11-19 03:00:00,3011.34,11.7,82.0,10.6,0.0,5.0,11.7,82.0,5.0
2023-11-19 04:00:00,3029.17,11.7,82.0,10.6,0.0,5.0,11.7,82.0,5.0
2023-11-19 05:00:00,2988.13,11.7,82.0,10.6,0.0,5.0,11.7,82.0,5.0
2023-11-19 06:00:00,3360.94,11.7,82.0,10.6,0.0,5.0,11.7,82.0,5.0
2023-11-19 07:00:00,3400.99,11.7,82.0,10.6,0.0,5.0,11.7,82.0,5.0
2023-11-19 08:00:00,3604.15,11.7,82.0,10.6,0.0,5.0,11.7,82.0,5.0
2023-11-19 09:00:00,3987.2,11.7,82.0,10.6,0.0,5.0,11.7,82.0,5.0
2023-11-19 10:00:00,4075.3599999999997,11.7,82.0,10.6,0.0,5.0,11.7,82.0,5.0
2023-11-19 11:00:00,4096.59,11.7,82.0,10.6,0.0,5.0,11.7,82.0,5.0
2023-11-19 12:00:00,4135.17,11.7,82.0,10.6,0.0,5.0,11.7,82.0,5.0
2023-11-19 13:00:00,4291.67,11.7,82.0,10.6,0.0,5.0,11.7,82.0,5.0
2023-11-19 14:00:00,4216.12,11.7,82.0,10.6,0.0,5.0,11.7,82.0,5.0
2023-11-19 15:00:00,4011.06,11.7,82.0,10.6,0.0,5.0,11.7,82.0,5.0
2023-11-19 16:00:00,3966.26,11.7,82.0,10.6,0.0,5.0,11.7,82.0,5.0
2023-11-19 17:00:00,4288.17,11.7,82.0,10.6,0.0,5.0,11.7,82.0,5.0
2023-11-19 18:00:00,4372.39,11.7,82.0,10.6,0.0,5.0,11.7,82.0,5.0
2023-11-19 19:00:00,4586.52,11.7,82.0,10.6,0.0,5.0,11.7,82.0,5.0
2023-11-19 20:00:00,4590.23,11.7,82.0,10.6,0.0,5.0,11.7,82.0,5.0
2023-11-19 21:00:00,4016.41,11.7,82.0,10.6,0.0,5.0,11.7,82.0,5.0
2023-11-19 22:00:00,3718.2,11.7,82.0,10.6,0.0,5.0,11.7,82.0,5.0
2023-11-19 23:00:00,3551.37,11.7,82.0,10.6,0.0,5.0,11.7,82.0,5.0
2023-11-20 00:00:00,2946.21,11.7,82.0,10.6,0.0,5.0,11.7,82.0,5.0
2023-11-20 01:00:00,3196.17,11.7,82.0,10.6,0.0,5.0,11.7,82.0,5.0
2023-11-20 02:00:00,3349.35,11.7,82.0,10.6,0.0,5.0,11.7,82.0,5.0
2023-11-20 03:00:00,3508.69,11.7,82.0,10.6,0.0,5.0,11.7,82.0,5.0
2023-11-20 04:00:00,3181.09,11.7,82.0,10.6,0.0,5.0,11.7,82.0,5.0
2023-11-20 05:00:00,3427.09,11.7,82.0,10.6,0.0,5.0,11.7,82.0,5.0
2023-11-20 06:00:00,3587.6,11.7,82.0,10.6,0.0,5.0,11.7,82.0,5.0
2023-11-20 07:00:00,3774.0,11.7,82.0,10.6,0.0,5.0,11.7,82.0,5.0
2023-11-20 08:00:00,4106.12,11.7,82.0,10.6,0.0,5.0,11.7,82.0,5.0
2023-11-20 09:00:00,4233.98,11.7,82.0,10.6,0.0,5.0,11.7,82.0,5.0
2023-11-20 10:00:00,4318.98,11.7,82.0,10.6,0.0,5.0,11.7,82.0,5.0
2023-11-20 11:00:00,4495.08,11.7,82.0,10.6,0.0,5.0,11.7,82.0,5.0
2023-11-20 12:00:00,4683.38,11.7,82.0,10.6,0.0,5.0,11.7,82.0,5.0
2023-11-20 13:00:00,4394.5599999999995,11.7,82.0,10.6,0.0,5.0,11.7,82.0,5.0
2023-11-20 14:00:00,4633.08,11.7,82.0,10.6,0.0,5.0,11.7,82.0,5.0
2023-11-20 15:00:00,4547.35,11.7,82.0,10.6,0.0,5.0,11.7,82.0,5.0
2023-11-20 16:00:00,4260.46,11.7,82.0,10.6,0.0,5.0,11.7,82.0,5.0
2023-11-20 17:00:00,4796.52,11.7,82.0,10.6,0.0,5.0,11.7,82.0,5.0
2023-11-20 18:00:00,4903.69,11.7,82.0,10.6,0.0,5.0,11.7,82.0,5.0
2023-11-20 19:00:00,5128.88,11.7,82.0,10.6,0.0,5.0,11.7,82.0,5.0
2023-11-20 20:00:00,4934.8099999999995,11.7,82.0,10.6,0.0,5.0,11.7,82.0,5.0
2023-11-20 21:00:00,4614.49,11.7,82.0,10.6,0.0,5.0,11.7,82.0,5.0
2023-11-20 22:00:00,3955.84,11.7,82.0,10.6,0.0,5.0,11.7,82.0,5.0
2023-11-20 23:00:00,3832.4,11.7,82.0,10.6,0.0,5.0,11.7,82.0,5.0
2023-11-21 00:00:00,3112.18,11.7,82.0,10.6,0.0,5.0,11.7,82.0,5.0
2023-11-21 01:00:00,3074.54,11.7,82.0,10.6,0.0,5.0,11.7,82.0,5.0
2023-11-21 02:00:00,3300.87,11.7,82.0,10.6,0.0,5.0,11.7,82.0,5.0
2023-11-21 03:00:00,3252.67,11.7,82.0,10.6,0.0,5.0,11.7,82.0,5.0
2023-11-21 04:00:00,3284.98,11.7,82.0,10.6,0.0,5.0,11.7,82.0,5.0
2023-11-21 05:00:00,3287.92,11.7,82.0,10.6,0.0,5.0,11.7,82.0,5.0
2023-11-21 06:00:00,3540.2400000000002,11.7,82.0,10.6,0.0,5.0,11.7,82.0,5.0
2023-11-21 07:00:00,3886.27,11.7,82.0,10.6,0.0,5.0,11.7,82.0,5.0
2023-11-21 08:00:00,4015.84,11.7,82.0,10.6,0.0,5.0,11.7,82.0,5.0
2023-11-21 09:00:00,4493.99,11.7,82.0,10.6,0.0,5.0,11.7,82.0,5.0
2023-11-21 10:00:00,4422.09,11.7,82.0,10.6,0.0,5.0,11.7,82.0,5.0
2023-11-21 11:00:00,4528.39,11.7,82.0,10.6,0.0,5.0,11.7,82.0,5.0
2023-11-21 12:00:00,4691.43,11.7,82.0,10.6,0.0,5.0,11.7,82.0,5.0
2023-11-21 13:00:00,4627.78,11.7,82.0,10.6,0.0,5.0,11.7,82.0,5.0
2023-11-21 14:00:00,4743.63,11.7,82.0,10.6,0.0,5.0,11.7,82.0,5.0
2023-11-21 15:00:00,4397.21,11.7,82.0,10.6,0.0,5.0,11.7,82.0,5.0
2023-11-21 16:00:00,4467.12,11.7,82.0,10.6,0.0,5.0,11.7,82.0,5.0
2023-11-21 17:00:00,4670.11,11.7,82.0,10.6,0.0,5.0,11.7,82.0,5.0
2023-11-21 18:00:00,4887.16,11.7,82.0,10.6,0.0,5.0,11.7,82.0,5.0
2023-11-21 19:00:00,5100.13,11.7,82.0,10.6,0.0,5.0,11.7,82.0,5.0
2023-11-21 20:00:00,4904.23,11.7,82.0,10.6,0.0,5.0,11.7,82.0,5.0
2023-11-21 21:00:00,4537.38,11.7,82.0,10.6,0.0,5.0,11.7,82.0,5.0
2023-11-21 22:00:00,4126.18,11.7,82.0,10.6,0.0,5.0,11.7,82.0,5.0
2023-11-21 23:00:00,3665.7,11.7,82.0,10.6,0.0,5.0,11.7,82.0,5.0
2023-11-22 00:00:00,3002.9700000000003,11.7,82.0,10.6,0.0,5.0,11.7,82.0,5.0
2023-11-22 01:00:00,3195.07,11.7,82.0,10.6,0.0,5.0,11.7,82.0,5.0
2023-11-22 02:00:00,3390.1099999999997,11.7,82.0,10.6,0.0,5.0,11.7,82.0,5.0
2023-11-22 03:00:00,3258.11,11.7,82.0,10.6,0.0,5.0,11.7,82.0,5.0
2023-11-22 04:00:00,3207.0299999999997,11.7,82.0,10.6,0.0,5.0,11.7,82.0,5.0
2023-11-22 05:00:00,3472.71,11.7,82.0,10.6,0.0,5.0,11.7,82.0,5.0
2023-11-22 06:00:00,3584.05,11.7,82.0,10.6,0.0,5.0,11.7,82.0,5.0
2023-11-22 07:00:00,3770.1899999999996,11.7,82.0,10.6,0.0,5.0,11.7,82.0,5.0
2023-11-22 08:00:00,4121.96,11.7,82.0,10.6,0.0,5.0,11.7,82.0,5.0
2023-11-22 09:00:00,4594.9400000000005,11.7,82.0,10.6,0.0,5.0,11.7,82.0,5.0
2023-11-22 10:00:00,4345.28,11.7,82.0,10.6,0.0,5.0,11.7,82.0,5.0
2023-11-22 11:00:00,4438.79,11.7,82.0,10.6,0.0,5.0,11.7,82.0,5.0
2023-11-22 12:00:00,4610.139999999999,11.7,82.0,10.6,0.0,5.0,11.7,82.0,5.0
2023-11-22 13:00:00,4736.34,11.7,82.0,10.6,0.0,5.0,11.7,82.0,5.0
2023-11-22 14:00:00,4596.68,11.7,82.0,10.6,0.0,5.0,11.7,82.0,5.0
2023-11-22 15:00:00,4535.58,11.7,82.0,10.6,0.0,5.0,11.7,82.0,5.0
2023-11-22 16:00:00,4346.83,11.7,82.0,10.6,0.0,5.0,11.7,82.0,5.0
2023-11-22 17:00:00,4589.5,11.7,82.0,10.6,0.0,5.0,11.7,82.0,5.0
2023-11-22 18:00:00,4814.75,11.7,82.0,10.6,0.0,5.0,11.7,82.0,5.0
2023-11-22 19:00:00,5021.34,11.7,82.0,10.6,0.0,5.0,11.7,82.0,5.0
2023-11-22 20:00:00,5021.28,11.7,82.0,10.6,0.0,5.0,11.7,82.0,5.0
2023-11-22 21:00:00,4687.53,11.7,82.0,10.6,0.0,5.0,11.7,82.0,5.0
2023-11-22 22:00:00,4088.27,11.7,82.0,10.6,0.0,5.0,11.7,82.0,5.0
2023-11-22 23:00:00,3803.1,11.7,82.0,10.6,0.0,5.0,11.7,82.0,5.0
2023-11-23 00:00:00,2972.31,11.7,82.0,10.6,0.0,5.0,11.7,82.0,5.0
2023-11-23 01:00:00,3150.83,11.7,82.0,10.6,0.0,5.0,11.7,82.0,5.0
2023-11-23 02:00:00,3206.85,11.7,82.0,10.6,0.0,5.0,11.7,82.0,5.0
2023-11-23 03:00:00,3340.79,11.7,82.0,10.6,0.0,5.0,11.7,82.0,5.0
2023-11-23 04:00:00,3283.57,11.7,82.0,10.6,0.0,5.0,11.7,82.0,5.0
2023-11-23 05:00:00,3252.25,11.7,82.0,10.6,0.0,5.0,11.7,82.0,5.0
2023-11-23 06:00:00,3449.55,11.7,82.0,10.6,0.0,5.0,11.7,82.0,5.0
2023-11-23 07:00:00,3917.47,11.7,82.0,10.6,0.0,5.0,11.7,82.0,5.0
2023-11-23 08:00:00,3958.1800000000003,11.7,82.0,10.6,0.0,5.0,11.7,82.0,5.0
2023-11-23 09:00:00,4428.49,11.7,82.0,10.6,0.0,5.0,11.7,82.0,5.0
2023-11-23 10:00:00,4556.72,11.7,82.0,10.6,0.0,5.0,11.7,82.0,5.0
2023-11-23 11:00:00,4533.16,11.7,82.0,10.6,0.0,5.0,11.7,82.0,5.0
2023-11-23 12:00:00,4638.08,11.7,82.0,10.6,0.0,5.0,11.7,82.0,5.0
2023-11-23 13:00:00,4746.19,11.7,82.0,10.6,0.0,5.0,11.7,82.0,5.0
2023-11-23 14:00:00,4573.57,11.7,82.0,10.6,0.0,5.0,11.7,82.0,5.0
2023-11-23 15:00:00,4726.82,11.7,82.0,10.6,0.0,5.0,11.7,82.0,5.0
2023-11-23 16:00:00,4357.3,11.7,82.0,10.6,0.0,5.0,11.7,82.0,5.0
2023-11-23 17:00:00,4794.97,11.7,82.0,10.6,0.0,5.0,11.7,82.0,5.0
2023-11-23 18:00:00,4851.570000000001,11.7,82.0,10.6,0.0,5.0,11.7,82.0,5.0
2023-11-23 19:00:00,5010.05,11.7,82.0,10.6,0.0,5.0,11.7,82.0,5.0
2023-11-23 20:00:00,5060.05,11.7,82.0,10.6,0.0,5.0,11.7,82.0,5.0
2023-11-23 21:00:00,4618.389999999999,11.7,82.0,10.6,0.0,5.0,11.7,82.0,5.0
2023-11-23 22:00:00,4076.8,11.7,82.0,10.6,0.0,5.0,11.7,82.0,5.0
2023-11-23 23:00:00,3648.81,11.7,82.0,10.6,0.0,5.0,11.7,82.0,5.0
2023-11-24 00:00:00,3041.83,11.7,82.0,10.6,0.0,5.0,11.7,82.0,5.0
2023-11-24 01:00:00,3154.7799999999997,11.7,82.0,10.6,0.0,5.0,11.7,82.0,5.0
2023-11-24 02:00:00,3233.65,11.7,82.0,10.6,0.0,5.0,11.7,82.0,5.0
2023-11-24 03:00:00,3303.7599999999998,11.7,82.0,10.6,0.0,5.0,11.7,82.0,5.0
2023-11-24 04:00:00,3362.31,11.7,82.0,10.6,0.0,5.0,11.7,82.0,5.0
2023-11-24 05:00:00,3460.7200000000003,11.7,82.0,10.6,0.0,5.0,11.7,82.0,5.0
2023-11-24 06:00:00,3451.6000000000004,11.7,82.0,10.6,0.0,5.0,11.7,82.0,5.0
2023-11-24 07:00:00,3883.31,11.7,82.0,10.6,0.0,5.0,11.7,82.0,5.0
2023-11-24 08:00:00,4215.95,11.7,82.0,10.6,0.0,5.0,11.7,82.0,5.0
2023-11-24 09:00:00,4443.15,11.7,82.0,10.6,0.0,5.0,11.7,82.0,5.0
2023-11-24 10:00:00,4360.57,11.7,82.0,10.6,0.0,5.0,11.7,82.0,5.0
2023-11-24 11:00:00,4481.15,11.7,82.0,10.6,0.0,5.0,11.7,82.0,5.0
2023-11-24 12:00:00,4538.38,11.7,82.0,10.6,0.0,5.0,11.7,82.0,5.0
2023-11-24 13:00:00,4598.09,11.7,82.0,10.6,0.0,5.0,11.7,82.0,5.0
2023-11-24 14:00:00,4571.95,11.7,82.0,10.6,0.0,5.0,11.7,82.0,5.0
2023-11-24 15:00:00,4599.25,11.7,82.0,10.6,0.0,5.0,11.7,82.0,5.0
2023-11-24 16:00:00,4532.13,11.7,82.0,10.6,0.0,5.0,11.7,82.0,5.0
2023-11-24 17:00:00,4756.26,11.7,82.0,10.6,0.0,5.0,11.7,82.0,5.0
2023-11-24 18:00:00,4802.91,11.7,82.0,10.6,0.0,5.0,11.7,82.0,5.0
2023-11-24 19:00:00,5093.400000000001,11.7,82.0,10.6,0.0,5.0,11.7,82.0,5.0
2023-11-24 20:00:00,4850.75,11.7,82.0,10.6,0.0,5.0,11.7,82.0,5.0
2023-11-24 21:00:00,4717.73,11.7,82.0,10.6,0.0,5.0,11.7,82.0,5.0
2023-11-24 22:00:00,4006.74,11.7,82.0,10.6,0.0,5.0,11.7,82.0,5.0
2023-11-24 23:00:00,3772.85,11.7,82.0,10.6,0.0,5.0,11.7,82.0,5.0
2023-11-25 00:00:00,3030.43,11.7,82.0,10.6,0.0,5.0,11.7,82.0,5.0
2023-11-25 01:00:00,3245.57,11.7,82.0,10.6,0.0,5.0,11.7,82.0,5.0
2023-11-25 02:00:00,3275.15,11.7,82.0,10.6,0.0,5.0,11.7,82.0,5.0
2023-11-25 03:00:00,3271.45,11.7,82.0,10.6,0.0,5.0,11.7,82.0,5.0
2023-11-25 04:00:00,3167.91,11.7,82.0,10.6,0.0,5.0,11.7,82.0,5.0
2023-11-25 05:00:00,3357.38,11.7,82.0,10.6,0.0,5.0,11.7,82.0,5.0
2023-11-25 06:00:00,3554.23,11.7,82.0,10.6,0.0,5.0,11.7,82.0,5.0
2023-11-25 07:00:00,3770.08,11.7,82.0,10.6,0.0,5.0,11.7,82.0,5.0
2023-11-25 08:00:00,3937.5,11.7,82.0,10.6,0.0,5.0,11.7,82.0,5.0
2023-11-25 09:00:00,4129.57,11.7,82.0,10.6,0.0,5.0,11.7,82.0,5.0
2023-11-25 10:00:00,4204.96,11.7,82.0,10.6,0.0,5.0,11.7,82.0,5.0
2023-11-25 11:00:00,4399.01,11.7,82.0,10.6,0.0,5.0,11.7,82.0,5.0
2023-11-25 12:00:00,4540.9800000000005,11.7,82.0,10.6,0.0,5.0,11.7,82.0,5.0
2023-11-25 13:00:00,4399.7,11.7,82.0,10.6,0.0,5.0,11.7,82.0,5.0
2023-11-25 14:00:00,4508.85,11.7,82.0,10.6,0.0,5.0,11.7,82.0,5.0
2023-11-25 15:00:00,4471.52,11.7,82.0,10.6,0.0,5.0,11.7,82.0,5.0
2023-11-25 16:00:00,4333.26,11.7,82.0,10.6,0.0,5.0,11.7,82.0,5.0
2023-11-25 17:00:00,4562.92,11.7,82.0,10.6,0.0,5.0,11.7,82.0,5.0
2023-11-25 18:00:00,4784.26,11.7,82.0,10.6,0.0,5.0,11.7,82.0,5.0
2023-11-25 19:00:00,4753.849999999999,11.7,82.0,10.6,0.0,5.0,11.7,82.0,5.0
2023-11-25 20:00:00,4676.95,11.7,82.0,10.6,0.0,5.0,11.7,82.0,5.0
2023-11-25 21:00:00,4550.8099999999995,11.7,82.0,10.6,0.0,5.0,11.7,82.0,5.0
2023-11-25 22:00:00,3974.35,11.7,82.0,10.6,0.0,5.0,11.7,82.0,5.0
2023-11-25 23:00:00,3568.5,11.7,82.0,10.6,0.0,5.0,11.7,82.0,5.0
2023-11-26 00:00:00,3003.7400000000002,11.7,82.0,10.6,0.0,5.0,11.7,82.0,5.0
2023-11-26 01:00:00,2990.17,11.7,82.0,10.6,0.0,5.0,11.7,82.0,5.0
2023-11-26 02:00:00,3096.73,11.7,82.0,10.6,0.0,5.0,11.7,82.0,5.0
2023-11-26 03:00:00,2994.81,11.7,82.0,10.6,0.0,5.0,11.7,82.0,5.0
2023-11-26 04:00:00,3028.34,11.7,82.0,10.6,0.0,5.0,11.7,82.0,5.0
2023-11-26 05:00:00,3055.7799999999997,11.7,82.0,10.6,0.0,5.0,11.7,82.0,5.0
2023-11-26 06:00:00,3482.22,11.7,82.0,10.6,0.0,5.0,11.7,82.0,5.0
2023-11-26 07:00:00,3519.9,11.7,82.0,10.6,0.0,5.0,11.7,82.0,5.0
2023-11-26 08:00:00,3820.3,11.7,82.0,10.6,0.0,5.0,11.7,82.0,5.0
2023-11-26 09:00:00,3954.1,11.7,82.0,10.6,0.0,5.0,11.7,82.0,5.0
2023-11-26 10:00:00,3917.42,11.7,82.0,10.6,0.0,5.0,11.7,82.0,5.0
2023-11-26 11:00:00,4014.94,11.7,82.0,10.6,0.0,5.0,11.7,82.0,5.0
2023-11-26 12:00:00,4200.7,11.7,82.0,10.6,0.0,5.0,11.7,82.0,5.0
2023-11-26 13:00:00,4335.57,11.7,82.0,10.6,0.0,5.0,11.7,82.0,5.0
2023-11-26 14:00:00,4251.49,11.7,82.0,10.6,0.0,5.0,11.7,82.0,5.0
2023-11-26 15:00:00,3986.42,11.7,82.0,10.6,0.0,5.0,11.7,82.0,5.0
2023-11-26 16:00:00,3838.51,11.7,82.0,10.6,0.0,5.0,11.7,82.0,5.0
2023-11-26 17:00:00,4092.42,11.7,82.0,10.6,0.0,5.0,11.7,82.0,5.0
2023-11-26 18:00:00,4434.7699999999995,11.7,82.0,10.6,0.0,5.0,11.7,82.0,5.0
2023-11-26 19:00:00,4753.36,11.7,82.0,10.6,0.0,5.0,11.7,82.0,5.0
2023-11-26 20:00:00,4534.09,11.7,82.0,10.6,0.0,5.0,11.7,82.0,5.0
2023-11-26 21:00:00,4347.66,11.7,82.0,10.6,0.0,5.0,11.7,82.0,5.0
2023-11-26 22:00:00,3675.79,11.7,82.0,10.6,0.0,5.0,11.7,82.0,5.0
2023-11-26 23:00:00,3447.62,11.7,82.0,10.6,0.0,5.0,11.7,82.0,5.0
2023-11-27 00:00:00,3108.78,11.7,82.0,10.6,0.0,5.0,11.7,82.0,5.0
2023-11-27 01:00:00,3251.82,11.7,82.0,10.6,0.0,5.0,11.7,82.0,5.0
2023-11-27 02:00:00,3486.04,11.7,82.0,10.6,0.0,5.0,11.7,82.0,5.0
2023-11-27 03:00:00,3577.4,11.7,82.0,10.6,0.0,5.0,11.7,82.0,5.0
2023-11-27 04:00:00,3321.7400000000002,11.7,82.0,10.6,0.0,5.0,11.7,82.0,5.0
2023-11-27 05:00:00,3257.73,11.7,82.0,10.6,0.0,5.0,11.7,82.0,5.0
2023-11-27 06:00:00,3721.76,11.7,82.0,10.6,0.0,5.0,11.7,82.0,5.0
2023-11-27 07:00:00,3987.5099999999998,11.7,82.0,10.6,0.0,5.0,11.7,82.0,5.0
2023-11-27 08:00:00,4109.58,11.7,82.0,10.6,0.0,5.0,11.7,82.0,5.0
2023-11-27 09:00:00,4308.79,11.7,82.0,10.6,0.0,5.0,11.7,82.0,5.0
2023-11-27 10:00:00,4402.94,11.7,82.0,10.6,0.0,5.0,11.7,82.0,5.0
2023-11-27 11:00:00,4474.5,11.7,82.0,10.6,0.0,5.0,11.7,82.0,5.0
2023-11-27 12:00:00,4664.5599999999995,11.7,82.0,10.6,0.0,5.0,11.7,82.0,5.0
2023-11-27 13:00:00,4746.65,11.7,82.0,10.6,0.0,5.0,11.7,82.0,5.0
2023-11-27 14:00:00,4473.64,11.7,82.0,10.6,0.0,5.0,11.7,82.0,5.0
2023-11-27 15:00:00,4712.38,11.7,82.0,10.6,0.0,5.0,11.7,82.0,5.0
2023-11-27 16:00:00,4532.65,11.7,82.0,10.6,0.0,5.0,11.7,82.0,5.0
2023-11-27 17:00:00,4695.53,11.7,82.0,10.6,0.0,5.0,11.7,82.0,5.0
2023-11-27 18:00:00,4938.47,11.7,82.0,10.6,0.0,5.0,11.7,82.0,5.0
2023-11-27 19:00:00,5126.4800000000005,11.7,82.0,10.6,0.0,5.0,11.7,82.0,5.0
2023-11-27 20:00:00,4919.97,11.7,82.0,10.6,0.0,5.0,11.7,82.0,5.0
2023-11-27 21:00:00,4542.2300000000005,11.7,82.0,10.6,0.0,5.0,11.7,82.0,5.0
2023-11-27 22:00:00,4108.87,11.7,82.0,10.6,0.0,5.0,11.7,82.0,5.0
2023-11-27 23:00:00,3745.23,11.7,82.0,10.6,0.0,5.0,11.7,82.0,5.0
2023-11-28 00:00:00,3119.45,11.7,82.0,10.6,0.0,5.0,11.7,82.0,5.0
2023-11-28 01:00:00,3273.2799999999997,11.7,82.0,10.6,0.0,5.0,11.7,82.0,5.0
2023-11-28 02:00:00,3239.8,11.7,82.0,10.6,0.0,5.0,11.7,82.0,5.0
2023-11-28 03:00:00,3352.08,11.7,82.0,10.6,0.0,5.0,11.7,82.0,5.0
2023-11-28 04:00:00,3387.44,11.7,82.0,10.6,0.0,5.0,11.7,82.0,5.0
2023-11-28 05:00:00,3662.53,11.7,82.0,10.6,0.0,5.0,11.7,82.0,5.0
2023-11-28 06:00:00,3551.79,11.7,82.0,10.6,0.0,5.0,11.7,82.0,5.0
2023-11-28 07:00:00,3780.99,11.7,82.0,10.6,0.0,5.0,11.7,82.0,5.0
2023-11-28 08:00:00,4207.85,11.7,82.0,10.6,0.0,5.0,11.7,82.0,5.0
2023-11-28 09:00:00,4432.87,11.7,82.0,10.6,0.0,5.0,11.7,82.0,5.0
2023-11-28 10:00:00,4333.64,11.7,82.0,10.6,0.0,5.0,11.7,82.0,5.0
2023-11-28 11:00:00,4712.01,11.7,82.0,10.6,0.0,5.0,11.7,82.0,5.0
2023-11-28 12:00:00,4656.2,11.7,82.0,10.6,0.0,5.0,11.7,82.0,5.0
2023-11-28 13:00:00,4695.8,11.7,82.0,10.6,0.0,5.0,11.7,82.0,5.0
2023-11-28 14:00:00,4630.22,11.7,82.0,10.6,0.0,5.0,11.7,82.0,5.0
2023-11-28 15:00:00,4646.17,11.7,82.0,10.6,0.0,5.0,11.7,82.0,5.0
2023-11-28 16:00:00,4264.49,11.7,82.0,10.6,0.0,5.0,11.7,82.0,5.0
2023-11-28 17:00:00,4710.1,11.7,82.0,10.6,0.0,5.0,11.7,82.0,5.0
2023-11-28 18:00:00,4999.8,11.7,82.0,10.6,0.0,5.0,11.7,82.0,5.0
2023-11-28 19:00:00,5080.91,11.7,82.0,10.6,0.0,5.0,11.7,82.0,5.0
2023-11-28 20:00:00,4815.03,11.7,82.0,10.6,0.0,5.0,11.7,82.0,5.0
2023-11-28 21:00:00,4595.53,11.7,82.0,10.6,0.0,5.0,11.7,82.0,5.0
2023-11-28 22:00:00,4123.44,11.7,82.0,10.6,0.0,5.0,11.7,82.0,5.0
2023-11-28 23:00:00,3739.2000000000003,11.7,82.0,10.6,0.0,5.0,11.7,82.0,5.0
2023-11-29 00:00:00,3180.0,11.7,82.0,10.6,0.0,5.0,11.7,82.0,5.0
2023-11-29 01:00:00,3281.09,11.7,82.0,10.6,0.0,5.0,11.7,82.0,5.0
2023-11-29 02:00:00,3325.5099999999998,11.7,82.0,10.6,0.0,5.0,11.7,82.0,5.0
2023-11-29 03:00:00,3338.68,11.7,82.0,10.6,0.0,5.0,11.7,82.0,5.0
2023-11-29 04:00:00,3431.7200000000003,11.7,82.0,10.6,0.0,5.0,11.7,82.0,5.0
2023-11-29 05:00:00,3393.34,11.7,82.0,10.6,0.0,5.0,11.7,82.0,5.0
2023-11-29 06:00:00,3706.24,11.7,82.0,10.6,0.0,5.0,11.7,82.0,5.0
2023-11-29 07:00:00,3889.2400000000002,11.7,82.0,10.6,0.0,5.0,11.7,82.0,5.0
2023-11-29 08:00:00,4240.12,11.7,82.0,10.6,0.0,5.0,11.7,82.0,5.0
2023-11-29 09:00:00,4479.65,11.7,82.0,10.6,0.0,5.0,11.7,82.0,5.0
2023-11-29 10:00:00,4415.05,11.7,82.0,10.6,0.0,5.0,11.7,82.0,5.0
2023-11-29 11:00:00,4669.23,11.7,82.0,10.6,0.0,5.0,11.7,82.0,5.0
2023-11-29 12:00:00,4711.24,11.7,82.0,10.6,0.0,5.0,11.7,82.0,5.0
2023-11-29 13:00:00,4757.03,11.7,82.0,10.6,0.0,5.0,11.7,82.0,5.0
2023-11-29 14:00:00,4662.08,11.7,82.0,10.6,0.0,5.0,11.7,82.0,5.0
2023-11-29 15:00:00,4615.3,11.7,82.0,10.6,0.0,5.0,11.7,82.0,5.0
2023-11-29 16:00:00,4376.75,11.7,82.0,10.6,0.0,5.0,11.7,82.0,5.0
2023-11-29 17:00:00,4821.09,11.7,82.0,10.6,0.0,5.0,11.7,82.0,5.0
2023-11-29 18:00:00,5026.68,11.7,82.0,10.6,0.0,5.0,11.7,82.0,5.0
2023-11-29 19:00:00,5240.2,11.7,82.0,10.6,0.0,5.0,11.7,82.0,5.0
2023-11-29 20:00:00,5092.47,11.7,82.0,10.6,0.0,5.0,11.7,82.0,5.0
2023-11-29 21:00:00,4657.1,11.7,82.0,10.6,0.0,5.0,11.7,82.0,5.0
2023-11-29 22:00:00,4287.52,11.7,82.0,10.6,0.0,5.0,11.7,82.0,5.0
2023-11-29 23:00:00,3897.87,11.7,82.0,10.6,0.0,5.0,11.7,82.0,5.0
2023-11-30 00:00:00,3216.59,11.7,82.0,10.6,0.0,5.0,11.7,82.0,5.0
2023-11-30 01:00:00,3001.21,11.7,82.0,10.6,0.0,5.0,11.7,82.0,5.0
2023-11-30 02:00:00,3328.83,11.7,82.0,10.6,0.0,5.0,11.7,82.0,5.0
2023-11-30 03:00:00,3206.56,11.7,82.0,10.6,0.0,5.0,11.7,82.0,5.0
2023-11-30 04:00:00,3290.76,11.7,82.0,10.6,0.0,5.0,11.7,82.0,5.0
2023-11-30 05:00:00,3375.99,11.7,82.0,10.6,0.0,5.0,11.7,82.0,5.0
2023-11-30 06:00:00,3626.41,11.7,82.0,10.6,0.0,5.0,11.7,82.0,5.0
2023-11-30 07:00:00,3904.43,11.7,82.0,10.6,0.0,5.0,11.7,82.0,5.0
2023-11-30 08:00:00,4126.59,11.7,82.0,10.6,0.0,5.0,11.7,82.0,5.0
2023-11-30 09:00:00,4508.67,11.7,82.0,10.6,0.0,5.0,11.7,82.0,5.0
2023-11-30 10:00:00,4420.25,11.7,82.0,10.6,0.0,5.0,11.7,82.0,5.0
2023-11-30 11:00:00,4556.91,11.7,82.0,10.6,0.0,5.0,11.7,82.0,5.0
2023-11-30 12:00:00,4624.18,11.7,82.0,10.6,0.0,5.0,11.7,82.0,5.0
2023-11-30 13:00:00,4893.32,11.7,82.0,10.6,0.0,5.0,11.7,82.0,5.0
2023-11-30 14:00:00,4671.07,11.7,82.0,10.6,0.0,5.0,11.7,82.0,5.0
2023-11-30 15:00:00,4486.76,11.7,82.0,10.6,0.0,5.0,11.7,82.0,5.0
2023-11-30 16:00:00,4459.24,11.7,82.0,10.6,0.0,5.0,11.7,82.0,5.0
2023-11-30 17:00:00,4763.58,11.7,82.0,10.6,0.0,5.0,11.7,82.0,5.0
2023-11-30 18:00:00,5033.05,11.7,82.0,10.6,0.0,5.0,11.7,82.0,5.0
2023-11-30 19:00:00,5149.2,11.7,82.0,10.6,0.0,5.0,11.7,82.0,5.0
2023-11-30 20:00:00,5009.61,11.7,82.0,10.6,0.0,5.0,11.7,82.0,5.0
2023-11-30 21:00:00,4866.0,11.7,82.0,10.6,0.0,5.0,11.7,82.0,5.0
2023-11-30 22:00:00,4062.57,11.7,82.0,10.6,0.0,5.0,11.7,82.0,5.0
2023-11-30 23:00:00,3832.34,11.7,82.0,10.6,0.0,5.0,11.7,82.0,5.0
2023-12-01 00:00:00,3049.12,11.7,82.0,10.6,0.0,5.0,11.7,82.0,5.0
2023-12-01 01:00:00,3322.16,11.7,82.0,10.6,0.0,5.0,11.7,82.0,5.0
2023-12-01 02:00:00,3280.8,11.7,82.0,10.6,0.0,5.0,11.7,82.0,5.0
2023-12-01 03:00:00,3361.27,11.7,82.0,10.6,0.0,5.0,11.7,82.0,5.0
2023-12-01 04:00:00,3261.34,11.7,82.0,10.6,0.0,5.0,11.7,82.0,5.0
2023-12-01 05:00:00,3407.9,11.7,82.0,10.6,0.0,5.0,11.7,82.0,5.0
2023-12-01 06:00:00,3788.67,11.7,82.0,10.6,0.0,5.0,11.7,82.0,5.0
2023-12-01 07:00:00,3938.11,11.7,82.0,10.6,0.0,5.0,11.7,82.0,5.0
2023-12-01 08:00:00,4240.639999999999,11.7,82.0,10.6,0.0,5.0,11.7,82.0,5.0
2023-12-01 09:00:00,4396.77,11.7,82.0,10.6,0.0,5.0,11.7,82.0,5.0
2023-12-01 10:00:00,4475.78,11.7,82.0,10.6,0.0,5.0,11.7,82.0,5.0
2023-12-01 11:00:00,4720.42,11.7,82.0,10.6,0.0,5.0,11.7,82.0,5.0
2023-12-01 12:00:00,4610.72,11.7,82.0,10.6,0.0,5.0,11.7,82.0,5.0
2023-12-01 13:00:00,4588.18,11.7,82.0,10.6,0.0,5.0,11.7,82.0,5.0
2023-12-01 14:00:00,4616.97,11.7,82.0,10.6,0.0,5.0,11.7,82.0,5.0
2023-12-01 15:00:00,4548.95,11.7,82.0,10.6,0.0,5.0,11.7,82.0,5.0
2023-12-01 16:00:00,4461.73,11.7,82.0,10.6,0.0,5.0,11.7,82.0,5.0
2023-12-01 17:00:00,4844.05,11.7,82.0,10.6,0.0,5.0,11.7,82.0,5.0
2023-12-01 18:00:00,4934.5,11.7,82.0,10.6,0.0,5.0,11.7,82.0,5.0
2023-12-01 19:00:00,5122.67,11.7,82.0,10.6,0.0,5.0,11.7,82.0,5.0
2023-12-01 20:00:00,4974.44,11.7,82.0,10.6,0.0,5.0,11.7,82.0,5.0
2023-12-01 21:00:00,4792.88,11.7,82.0,10.6,0.0,5.0,11.7,82.0,5.0
2023-12-01 22:00:00,4119.26,11.7,82.0,10.6,0.0,5.0,11.7,82.0,5.0
2023-12-01 23:00:00,3752.1099999999997,11.7,82.0,10.6,0.0,5.0,11.7,82.0,5.0
2023-12-02 00:00:00,3049.3,11.7,82.0,10.6,0.0,5.0,11.7,82.0,5.0
2023-12-02 01:00:00,3058.4,11.7,82.0,10.6,0.0,5.0,11.7,82.0,5.0
2023-12-02 02:00:00,3075.54,11.7,82.0,10.6,0.0,5.0,11.7,82.0,5.0
2023-12-02 03:00:00,3134.37,11.7,82.0,10.6,0.0,5.0,11.7,82.0,5.0
2023-12-02 04:00:00,3241.03,11.7,82.0,10.6,0.0,5.0,11.7,82.0,5.0
2023-12-02 05:00:00,3358.0299999999997,11.7,82.0,10.6,0.0,5.0,11.7,82.0,5.0
2023-12-02 06:00:00,3514.5,11.7,82.0,10.6,0.0,5.0,11.7,82.0,5.0
2023-12-02 07:00:00,3684.35,11.7,82.0,10.6,0.0,5.0,11.7,82.0,5.0
2023-12-02 08:00:00,3888.57,11.7,82.0,10.6,0.0,5.0,11.7,82.0,5.0
2023-12-02 09:00:00,4316.29,11.7,82.0,10.6,0.0,5.0,11.7,82.0,5.0
2023-12-02 10:00:00,4307.22,11.7,82.0,10.6,0.0,5.0,11.7,82.0,5.0
2023-12-02 11:00:00,4489.0599999999995,11.7,82.0,10.6,0.0,5.0,11.7,82.0,5.0
2023-12-02 12:00:00,4535.17,11.7,82.0,10.6,0.0,5.0,11.7,82.0,5.0
2023-12-02 13:00:00,4369.61,11.7,82.0,10.6,0.0,5.0,11.7,82.0,5.0
2023-12-02 14:00:00,4474.23,11.7,82.0,10.6,0.0,5.0,11.7,82.0,5.0
2023-12-02 15:00:00,4339.55,11.7,82.0,10.6,0.0,5.0,11.7,82.0,5.0
2023-12-02 16:00:00,4290.4,11.7,82.0,10.6,0.0,5.0,11.7,82.0,5.0
2023-12-02 17:00:00,4545.32,11.7,82.0,10.6,0.0,5.0,11.7,82.0,5.0
2023-12-02 18:00:00,4924.8099999999995,11.7,82.0,10.6,0.0,5.0,11.7,82.0,5.0
2023-12-02 19:00:00,4875.06,11.7,82.0,10.6,0.0,5.0,11.7,82.0,5.0
2023-12-02 20:00:00,4801.65,11.7,82.0,10.6,0.0,5.0,11.7,82.0,5.0
2023-12-02 21:00:00,4625.04,11.7,82.0,10.6,0.0,5.0,11.7,82.0,5.0
2023-12-02 22:00:00,3963.96,11.7,82.0,10.6,0.0,5.0,11.7,82.0,5.0
2023-12-02 23:00:00,3764.08,11.7,82.0,10.6,0.0,5.0,11.7,82.0,5.0
2023-12-03 00:00:00,2970.57,11.7,82.0,10.6,0.0,5.0,11.7,82.0,5.0
2023-12-03 01:00:00,3072.75,11.7,82.0,10.6,0.0,5.0,11.7,82.0,5.0
2023-12-03 02:00:00,2948.61,11.7,82.0,10.6,0.0,5.0,11.7,82.0,5.0
2023-12-03 03:00:00,3035.75,11.7,82.0,10.6,0.0,5.0,11.7,82.0,5.0
2023-12-03 04:00:00,3151.85,11.7,82.0,10.6,0.0,5.0,11.7,82.0,5.0
2023-12-03 05:00:00,3099.18,11.7,82.0,10.6,0.0,5.0,11.7,82.0,5.0
2023-12-03 06:00:00,3352.45,11.7,82.0,10.6,0.0,5.0,11.7,82.0,5.0
2023-12-03 07:00:00,3416.7400000000002,11.7,82.0,10.6,0.0,5.0,11.7,82.0,5.0
2023-12-03 08:00:00,3881.0499999999997,11.7,82.0,10.6,0.0,5.0,11.7,82.0,5.0
2023-12-03 09:00:00,3984.26,11.7,82.0,10.6,0.0,5.0,11.7,82.0,5.0
2023-12-03 10:00:00,4116.04,11.7,82.0,10.6,0.0,5.0,11.7,82.0,5.0
2023-12-03 11:00:00,4287.38,11.7,82.0,10.6,0.0,5.0,11.7,82.0,5.0
2023-12-03 12:00:00,4154.72,11.7,82.0,10.6,0.0,5.0,11.7,82.0,5.0
2023-12-03 13:00:00,4265.36,11.7,82.0,10.6,0.0,5.0,11.7,82.0,5.0
2023-12-03 14:00:00,4368.1,11.7,82.0,10.6,0.0,5.0,11.7,82.0,5.0
2023-12-03 15:00:00,4252.58,11.7,82.0,10.6,0.0,5.0,11.7,82.0,5.0
2023-12-03 16:00:00,3929.95,11.7,82.0,10.6,0.0,5.0,11.7,82.0,5.0
2023-12-03 17:00:00,4329.96,11.7,82.0,10.6,0.0,5.0,11.7,82.0,5.0
2023-12-03 18:00:00,4636.27,11.7,82.0,10.6,0.0,5.0,11.7,82.0,5.0
2023-12-03 19:00:00,4620.8099999999995,11.7,82.0,10.6,0.0,5.0,11.7,82.0,5.0
2023-12-03 20:00:00,4567.64,11.7,82.0,10.6,0.0,5.0,11.7,82.0,5.0
2023-12-03 21:00:00,4370.389999999999,11.7,82.0,10.6,0.0,5.0,11.7,82.0,5.0
2023-12-03 22:00:00,3792.5299999999997,11.7,82.0,10.6,0.0,5.0,11.7,82.0,5.0
2023-12-03 23:00:00,3364.2,11.7,82.0,10.6,0.0,5.0,11.7,82.0,5.0
2023-12-04 00:00:00,3041.79,11.7,82.0,10.6,0.0,5.0,11.7,82.0,5.0
2023-12-04 01:00:00,3180.94,11.7,82.0,10.6,0.0,5.0,11.7,82.0,5.0
2023-12-04 02:00:00,3458.12,11.7,82.0,10.6,0.0,5.0,11.7,82.0,5.0
2023-12-04 03:00:00,3380.47,11.7,82.0,10.6,0.0,5.0,11.7,82.0,5.0
2023-12-04 04:00:00,3337.91,11.7,82.0,10.6,0.0,5.0,11.7,82.0,5.0
2023-12-04 05:00:00,3316.9,11.7,82.0,10.6,0.0,5.0,11.7,82.0,5.0
2023-12-04 06:00:00,3828.83,11.7,82.0,10.6,0.0,5.0,11.7,82.0,5.0
2023-12-04 07:00:00,4013.07,11.7,82.0,10.6,0.0,5.0,11.7,82.0,5.0
2023-12-04 08:00:00,4152.46,11.7,82.0,10.6,0.0,5.0,11.7,82.0,5.0
2023-12-04 09:00:00,4457.83,11.7,82.0,10.6,0.0,5.0,11.7,82.0,5.0
2023-12-04 10:00:00,4442.16,11.7,82.0,10.6,0.0,5.0,11.7,82.0,5.0
2023-12-04 11:00:00,4455.09,11.7,82.0,10.6,0.0,5.0,11.7,82.0,5.0
2023-12-04 12:00:00,4715.86,11.7,82.0,10.6,0.0,5.0,11.7,82.0,5.0
2023-12-04 13:00:00,4746.26,11.7,82.0,10.6,0.0,5.0,11.7,82.0,5.0
2023-12-04 14:00:00,4695.72,11.7,82.0,10.6,0.0,5.0,11.7,82.0,5.0
2023-12-04 15:00:00,4419.44,11.7,82.0,10.6,0.0,5.0,11.7,82.0,5.0
2023-12-04 16:00:00,4540.05,11.7,82.0,10.6,0.0,5.0,11.7,82.0,5.0
2023-12-04 17:00:00,4732.33,11.7,82.0,10.6,0.0,5.0,11.7,82.0,5.0
2023-12-04 18:00:00,5200.23,11.7,82.0,10.6,0.0,5.0,11.7,82.0,5.0
2023-12-04 19:00:00,5219.4,11.7,82.0,10.6,0.0,5.0,11.7,82.0,5.0
2023-12-04 20:00:00,5070.42,11.7,82.0,10.6,0.0,5.0,11.7,82.0,5.0
2023-12-04 21:00:00,4704.41,11.7,82.0,10.6,0.0,5.0,11.7,82.0,5.0
2023-12-04 22:00:00,4036.43,11.7,82.0,10.6,0.0,5.0,11.7,82.0,5.0
2023-12-04 23:00:00,3807.32,11.7,82.0,10.6,0.0,5.0,11.7,82.0,5.0
2023-12-05 00:00:00,3283.45,11.7,82.0,10.6,0.0,5.0,11.7,82.0,5.0
2023-12-05 01:00:00,3223.37,11.7,82.0,10.6,0.0,5.0,11.7,82.0,5.0
2023-12-05 02:00:00,3441.89,11.7,82.0,10.6,0.0,5.0,11.7,82.0,5.0
2023-12-05 03:00:00,3371.17,11.7,82.0,10.6,0.0,5.0,11.7,82.0,5.0
2023-12-05 04:00:00,3339.6,11.7,82.0,10.6,0.0,5.0,11.7,82.0,5.0
2023-12-05 05:00:00,3346.68,11.7,82.0,10.6,0.0,5.0,11.7,82.0,5.0
2023-12-05 06:00:00,3770.75,11.7,82.0,10.6,0.0,5.0,11.7,82.0,5.0
2023-12-05 07:00:00,3909.44,11.7,82.0,10.6,0.0,5.0,11.7,82.0,5.0
2023-12-05 08:00:00,4389.56,11.7,82.0,10.6,0.0,5.0,11.7,82.0,5.0
2023-12-05 09:00:00,4564.47,11.7,82.0,10.6,0.0,5.0,11.7,82.0,5.0
2023-12-05 10:00:00,4466.75,11.7,82.0,10.6,0.0,5.0,11.7,82.0,5.0
2023-12-05 11:00:00,4544.9400000000005,11.7,82.0,10.6,0.0,5.0,11.7,82.0,5.0
2023-12-05 12:00:00,4840.46,11.7,82.0,10.6,0.0,5.0,11.7,82.0,5.0
2023-12-05 13:00:00,4710.51,11.7,82.0,10.6,0.0,5.0,11.7,82.0,5.0
2023-12-05 14:00:00,4711.17,11.7,82.0,10.6,0.0,5.0,11.7,82.0,5.0
2023-12-05 15:00:00,4689.16,11.7,82.0,10.6,0.0,5.0,11.7,82.0,5.0
2023-12-05 16:00:00,4591.54,11.7,82.0,10.6,0.0,5.0,11.7,82.0,5.0
2023-12-05 17:00:00,4711.5,11.7,82.0,10.6,0.0,5.0,11.7,82.0,5.0
2023-12-05 18:00:00,4972.06,11.7,82.0,10.6,0.0,5.0,11.7,82.0,5.0
2023-12-05 19:00:00,5117.37,11.7,82.0,10.6,0.0,5.0,11.7,82.0,5.0
2023-12-05 20:00:00,5090.17,11.7,82.0,10.6,0.0,5.0,11.7,82.0,5.0
2023-12-05 21:00:00,4782.3,11.7,82.0,10.6,0.0,5.0,11.7,82.0,5.0
2023-12-05 22:00:00,4151.57,11.7,82.0,10.6,0.0,5.0,11.7,82.0,5.0
2023-12-05 23:00:00,3673.9900000000002,11.7,82.0,10.6,0.0,5.0,11.7,82.0,5.0
2023-12-06 00:00:00,3209.61,11.7,82.0,10.6,0.0,5.0,11.7,82.0,5.0
2023-12-06 01:00:00,3376.52,11.7,82.0,10.6,0.0,5.0,11.7,82.0,5.0
2023-12-06 02:00:00,3428.0,11.7,82.0,10.6,0.0,5.0,11.7,82.0,5.0
2023-12-06 03:00:00,3333.7400000000002,11.7,82.0,10.6,0.0,5.0,11.7,82.0,5.0
2023-12-06 04:00:00,3470.21,11.7,82.0,10.6,0.0,5.0,11.7,82.0,5.0
2023-12-06 05:00:00,3543.4300000000003,11.7,82.0,10.6,0.0,5.0,11.7,82.0,5.0
2023-12-06 06:00:00,3767.73,11.7,82.0,10.6,0.0,5.0,11.7,82.0,5.0
2023-12-06 07:00:00,3917.05,11.7,82.0,10.6,0.0,5.0,11.7,82.0,5.0
2023-12-06 08:00:00,4212.12,11.7,82.0,10.6,0.0,5.0,11.7,82.0,5.0
2023-12-06 09:00:00,4626.88,11.7,82.0,10.6,0.0,5.0,11.7,82.0,5.0
2023-12-06 10:00:00,4533.43,11.7,82.0,10.6,0.0,5.0,11.7,82.0,5.0
2023-12-06 11:00:00,4479.23,11.7,82.0,10.6,0.0,5.0,11.7,82.0,5.0
2023-12-06 12:00:00,4758.25,11.7,82.0,10.6,0.0,5.0,11.7,82.0,5.0
2023-12-06 13:00:00,4862.02,11.7,82.0,10.6,0.0,5.0,11.7,82.0,5.0
2023-12-06 14:00:00,4664.05,11.7,82.0,10.6,0.0,5.0,11.7,82.0,5.0
2023-12-06 15:00:00,4577.63,11.7,82.0,10.6,0.0,5.0,11.7,82.0,5.0
2023-12-06 16:00:00,4460.1,11.7,82.0,10.6,0.0,5.0,11.7,82.0,5.0
2023-12-06 17:00:00,4911.9800000000005,11.7,82.0,10.6,0.0,5.0,11.7,82.0,5.0
2023-12-06 18:00:00,5061.0199999999995,11.7,82.0,10.6,0.0,5.0,11.7,82.0,5.0
2023-12-06 19:00:00,5170.0,11.7,82.0,10.6,0.0,5.0,11.7,82.0,5.0
2023-12-06 20:00:00,5033.79,11.7,82.0,10.6,0.0,5.0,11.7,82.0,5.0
2023-12-06 21:00:00,4730.59,11.7,82.0,10.6,0.0,5.0,11.7,82.0,5.0
2023-12-06 22:00:00,4225.69,11.7,82.0,10.6,0.0,5.0,11.7,82.0,5.0
2023-12-06 23:00:00,3832.4300000000003,11.7,82.0,10.6,0.0,5.0,11.7,82.0,5.0
2023-12-07 00:00:00,3258.64,11.7,82.0,10.6,0.0,5.0,11.7,82.0,5.0
2023-12-07 01:00:00,3427.86,11.7,82.0,10.6,0.0,5.0,11.7,82.0,5.0
2023-12-07 02:00:00,3428.5299999999997,11.7,82.0,10.6,0.0,5.0,11.7,82.0,5.0
2023-12-07 03:00:00,3481.05,11.7,82.0,10.6,0.0,5.0,11.7,82.0,5.0
2023-12-07 04:00:00,3406.74,11.7,82.0,10.6,0.0,5.0,11.7,82.0,5.0
2023-12-07 05:00:00,3299.5299999999997,11.7,82.0,10.6,0.0,5.0,11.7,82.0,5.0
2023-12-07 06:00:00,3713.4300000000003,11.7,82.0,10.6,0.0,5.0,11.7,82.0,5.0
2023-12-07 07:00:00,4006.47,11.7,82.0,10.6,0.0,5.0,11.7,82.0,5.0
2023-12-07 08:00:00,4200.83,11.7,82.0,10.6,0.0,5.0,11.7,82.0,5.0
2023-12-07 09:00:00,4355.8,11.7,82.0,10.6,0.0,5.0,11.7,82.0,5.0
2023-12-07 10:00:00,4506.48,11.7,82.0,10.6,0.0,5.0,11.7,82.0,5.0
2023-12-07 11:00:00,4719.56,11.7,82.0,10.6,0.0,5.0,11.7,82.0,5.0
2023-12-07 12:00:00,4934.46,11.7,82.0,10.6,0.0,5.0,11.7,82.0,5.0
2023-12-07 13:00:00,4643.55,11.7,82.0,10.6,0.0,5.0,11.7,82.0,5.0
2023-12-07 14:00:00,4697.59,11.7,82.0,10.6,0.0,5.0,11.7,82.0,5.0
2023-12-07 15:00:00,4720.44,11.7,82.0,10.6,0.0,5.0,11.7,82.0,5.0
2023-12-07 16:00:00,4521.94,11.7,82.0,10.6,0.0,5.0,11.7,82.0,5.0
2023-12-07 17:00:00,4849.36,11.7,82.0,10.6,0.0,5.0,11.7,82.0,5.0
2023-12-07 18:00:00,5100.94,11.7,82.0,10.6,0.0,5.0,11.7,82.0,5.0
2023-12-07 19:00:00,5211.59,11.7,82.0,10.6,0.0,5.0,11.7,82.0,5.0
2023-12-07 20:00:00,5015.81,11.7,82.0,10.6,0.0,5.0,11.7,82.0,5.0
2023-12-07 21:00:00,4670.42,11.7,82.0,10.6,0.0,5.0,11.7,82.0,5.0
2023-12-07 22:00:00,4093.1899999999996,11.7,82.0,10.6,0.0,5.0,11.7,82.0,5.0
2023-12-07 23:00:00,3660.25,11.7,82.0,10.6,0.0,5.0,11.7,82.0,5.0
2023-12-08 00:00:00,3186.15,11.7,82.0,10.6,0.0,5.0,11.7,82.0,5.0
2023-12-08 01:00:00,3139.2,11.7,82.0,10.6,0.0,5.0,11.7,82.0,5.0
2023-12-08 02:00:00,3418.65,11.7,82.0,10.6,0.0,5.0,11.7,82.0,5.0
2023-12-08 03:00:00,3519.45,11.7,82.0,10.6,0.0,5.0,11.7,82.0,5.0
2023-12-08 04:00:00,3265.73,11.7,82.0,10.6,0.0,5.0,11.7,82.0,5.0
2023-12-08 05:00:00,3462.5,11.7,82.0,10.6,0.0,5.0,11.7,82.0,5.0
2023-12-08 06:00:00,3534.37,11.7,82.0,10.6,0.0,5.0,11.7,82.0,5.0
2023-12-08 07:00:00,3881.78,11.7,82.0,10.6,0.0,5.0,11.7,82.0,5.0
2023-12-08 08:00:00,4282.57,11.7,82.0,10.6,0.0,5.0,11.7,82.0,5.0
2023-12-08 09:00:00,4540.67,11.7,82.0,10.6,0.0,5.0,11.7,82.0,5.0
2023-12-08 10:00:00,4482.58,11.7,82.0,10.6,0.0,5.0,11.7,82.0,5.0
2023-12-08 11:00:00,4630.6900000000005,11.7,82.0,10.6,0.0,5.0,11.7,82.0,5.0
2023-12-08 12:00:00,4755.77,11.7,82.0,10.6,0.0,5.0,11.7,82.0,5.0
2023-12-08 13:00:00,4857.97,11.7,82.0,10.6,0.0,5.0,11.7,82.0,5.0
2023-12-08 14:00:00,4877.389999999999,11.7,82.0,10.6,0.0,5.0,11.7,82.0,5.0
2023-12-08 15:00:00,4731.2,11.7,82.0,10.6,0.0,5.0,11.7,82.0,5.0
2023-12-08 16:00:00,4422.7699999999995,11.7,82.0,10.6,0.0,5.0,11.7,82.0,5.0
2023-12-08 17:00:00,4769.86,11.7,82.0,10.6,0.0,5.0,11.7,82.0,5.0
2023-12-08 18:00:00,5132.01,11.7,82.0,10.6,0.0,5.0,11.7,82.0,5.0
2023-12-08 19:00:00,5069.17,11.7,82.0,10.6,0.0,5.0,11.7,82.0,5.0
2023-12-08 20:00:00,4990.86,11.7,82.0,10.6,0.0,5.0,11.7,82.0,5.0
2023-12-08 21:00:00,4662.67,11.7,82.0,10.6,0.0,5.0,11.7,82.0,5.0
2023-12-08 22:00:00,4124.68,11.7,82.0,10.6,0.0,5.0,11.7,82.0,5.0
2023-12-08 23:00:00,3680.71,11.7,82.0,10.6,0.0,5.0,11.7,82.0,5.0
2023-12-09 00:00:00,3012.42,11.7,82.0,10.6,0.0,5.0,11.7,82.0,5.0
2023-12-09 01:00:00,3237.31,11.7,82.0,10.6,0.0,5.0,11.7,82.0,5.0
2023-12-09 02:00:00,3264.02,11.7,82.0,10.6,0.0,5.0,11.7,82.0,5.0
2023-12-09 03:00:00,3233.23,11.7,82.0,10.6,0.0,5.0,11.7,82.0,5.0
2023-12-09 04:00:00,3383.92,11.7,82.0,10.6,0.0,5.0,11.7,82.0,5.0
2023-12-09 05:00:00,3281.67,11.7,82.0,10.6,0.0,5.0,11.7,82.0,5.0
2023-12-09 06:00:00,3532.44,11.7,82.0,10.6,0.0,5.0,11.7,82.0,5.0
2023-12-09 07:00:00,3824.0099999999998,11.7,82.0,10.6,0.0,5.0,11.7,82.0,5.0
2023-12-09 08:00:00,4025.26,11.7,82.0,10.6,0.0,5.0,11.7,82.0,5.0
2023-12-09 09:00:00,4400.25,11.7,82.0,10.6,0.0,5.0,11.7,82.0,5.0
2023-12-09 10:00:00,4446.8099999999995,11.7,82.0,10.6,0.0,5.0,11.7,82.0,5.0
2023-12-09 11:00:00,4475.68,11.7,82.0,10.6,0.0,5.0,11.7,82.0,5.0
2023-12-09 12:00:00,4425.61,11.7,82.0,10.6,0.0,5.0,11.7,82.0,5.0
2023-12-09 13:00:00,4563.43,11.7,82.0,10.6,0.0,5.0,11.7,82.0,5.0
2023-12-09 14:00:00,4491.83,11.7,82.0,10.6,0.0,5.0,11.7,82.0,5.0
2023-12-09 15:00:00,4446.04,11.7,82.0,10.6,0.0,5.0,11.7,82.0,5.0
2023-12-09 16:00:00,4183.3,11.7,82.0,10.6,0.0,5.0,11.7,82.0,5.0
2023-12-09 17:00:00,4597.47,11.7,82.0,10.6,0.0,5.0,11.7,82.0,5.0
2023-12-09 18:00:00,4942.93,11.7,82.0,10.6,0.0,5.0,11.7,82.0,5.0
2023-12-09 19:00:00,5026.41,11.7,82.0,10.6,0.0,5.0,11.7,82.0,5.0
2023-12-09 20:00:00,4800.83,11.7,82.0,10.6,0.0,5.0,11.7,82.0,5.0
2023-12-09 21:00:00,4572.95,11.7,82.0,10.6,0.0,5.0,11.7,82.0,5.0
2023-12-09 22:00:00,4048.98,11.7,82.0,10.6,0.0,5.0,11.7,82.0,5.0
2023-12-09 23:00:00,3685.81,11.7,82.0,10.6,0.0,5.0,11.7,82.0,5.0
2023-12-10 00:00:00,2947.1,11.7,82.0,10.6,0.0,5.0,11.7,82.0,5.0
2023-12-10 01:00:00,3117.87,11.7,82.0,10.6,0.0,5.0,11.7,82.0,5.0
2023-12-10 02:00:00,2966.24,11.7,82.0,10.6,0.0,5.0,11.7,82.0,5.0
2023-12-10 03:00:00,3027.42,11.7,82.0,10.6,0.0,5.0,11.7,82.0,5.0
2023-12-10 04:00:00,3208.46,11.7,82.0,10.6,0.0,5.0,11.7,82.0,5.0
2023-12-10 05:00:00,3062.91,11.7,82.0,10.6,0.0,5.0,11.7,82.0,5.0
2023-12-10 06:00:00,3284.92,11.7,82.0,10.6,0.0,5.0,11.7,82.0,5.0
2023-12-10 07:00:00,3544.08,11.7,82.0,10.6,0.0,5.0,11.7,82.0,5.0
2023-12-10 08:00:00,3941.25,11.7,82.0,10.6,0.0,5.0,11.7,82.0,5.0
2023-12-10 09:00:00,4098.88,11.7,82.0,10.6,0.0,5.0,11.7,82.0,5.0
2023-12-10 10:00:00,4082.12,11.7,82.0,10.6,0.0,5.0,11.7,82.0,5.0
2023-12-10 11:00:00,4320.1900000000005,11.7,82.0,10.6,0.0,5.0,11.7,82.0,5.0
2023-12-10 12:00:00,4272.51,11.7,82.0,10.6,0.0,5.0,11.7,82.0,5.0
2023-12-10 13:00:00,4411.75,11.7,82.0,10.6,0.0,5.0,11.7,82.0,5.0
2023-12-10 14:00:00,4380.34,11.7,82.0,10.6,0.0,5.0,11.7,82.0,5.0
2023-12-10 15:00:00,4212.22,11.7,82.0,10.6,0.0,5.0,11.7,82.0,5.0
2023-12-10 16:00:00,4085.2400000000002,11.7,82.0,10.6,0.0,5.0,11.7,82.0,5.0
2023-12-10 17:00:00,4120.35,11.7,82.0,10.6,0.0,5.0,11.7,82.0,5.0
2023-12-10 18:00:00,4756.11,11.7,82.0,10.6,0.0,5.0,11.7,82.0,5.0
2023-12-10 19:00:00,4735.69,11.7,82.0,10.6,0.0,5.0,11.7,82.0,5.0
2023-12-10 20:00:00,4591.0,11.7,82.0,10.6,0.0,5.0,11.7,82.0,5.0
2023-12-10 21:00:00,4472.03,11.7,82.0,10.6,0.0,5.0,11.7,82.0,5.0
2023-12-10 22:00:00,3809.28,11.7,82.0,10.6,0.0,5.0,11.7,82.0,5.0
2023-12-10 23:00:00,3554.71,11.7,82.0,10.6,0.0,5.0,11.7,82.0,5.0
2023-12-11 00:00:00,3276.87,11.7,82.0,10.6,0.0,5.0,11.7,82.0,5.0
2023-12-11 01:00:00,3294.13,11.7,82.0,10.6,0.0,5.0,11.7,82.0,5.0
2023-12-11 02:00:00,3537.48,11.7,82.0,10.6,0.0,5.0,11.7,82.0,5.0
2023-12-11 03:00:00,3380.94,11.7,82.0,10.6,0.0,5.0,11.7,82.0,5.0
2023-12-11 04:00:00,3499.68,11.7,82.0,10.6,0.0,5.0,11.7,82.0,5.0
2023-12-11 05:00:00,3415.0,11.7,82.0,10.6,0.0,5.0,11.7,82.0,5.0
2023-12-11 06:00:00,3686.07,11.7,82.0,10.6,0.0,5.0,11.7,82.0,5.0
2023-12-11 07:00:00,3940.17,11.7,82.0,10.6,0.0,5.0,11.7,82.0,5.0
2023-12-11 08:00:00,4254.22,11.7,82.0,10.6,0.0,5.0,11.7,82.0,5.0
2023-12-11 09:00:00,4406.36,11.7,82.0,10.6,0.0,5.0,11.7,82.0,5.0
2023-12-11 10:00:00,4485.42,11.7,82.0,10.6,0.0,5.0,11.7,82.0,5.0
2023-12-11 11:00:00,4635.36,11.7,82.0,10.6,0.0,5.0,11.7,82.0,5.0
2023-12-11 12:00:00,4688.3,11.7,82.0,10.6,0.0,5.0,11.7,82.0,5.0
2023-12-11 13:00:00,4862.37,11.7,82.0,10.6,0.0,5.0,11.7,82.0,5.0
2023-12-11 14:00:00,4754.91,11.7,82.0,10.6,0.0,5.0,11.7,82.0,5.0
2023-12-11 15:00:00,4594.72,11.7,82.0,10.6,0.0,5.0,11.7,82.0,5.0
2023-12-11 16:00:00,4431.5,11.7,82.0,10.6,0.0,5.0,11.7,82.0,5.0
2023-12-11 17:00:00,4823.88,11.7,82.0,10.6,0.0,5.0,11.7,82.0,5.0
2023-12-11 18:00:00,4957.24,11.7,82.0,10.6,0.0,5.0,11.7,82.0,5.0
2023-12-11 19:00:00,5261.51,11.7,82.0,10.6,0.0,5.0,11.7,82.0,5.0
2023-12-11 20:00:00,5313.89,11.7,82.0,10.6,0.0,5.0,11.7,82.0,5.0
2023-12-11 21:00:00,4793.28,11.7,82.0,10.6,0.0,5.0,11.7,82.0,5.0
2023-12-11 22:00:00,4109.68,11.7,82.0,10.6,0.0,5.0,11.7,82.0,5.0
2023-12-11 23:00:00,3851.73,11.7,82.0,10.6,0.0,5.0,11.7,82.0,5.0
2023-12-12 00:00:00,3106.7599999999998,11.7,82.0,10.6,0.0,5.0,11.7,82.0,5.0
2023-12-12 01:00:00,3440.17,11.7,82.0,10.6,0.0,5.0,11.7,82.0,5.0
2023-12-12 02:00:00,3325.96,11.7,82.0,10.6,0.0,5.0,11.7,82.0,5.0
2023-12-12 03:00:00,3423.65,11.7,82.0,10.6,0.0,5.0,11.7,82.0,5.0
2023-12-12 04:00:00,3418.59,11.7,82.0,10.6,0.0,5.0,11.7,82.0,5.0
2023-12-12 05:00:00,3430.98,11.7,82.0,10.6,0.0,5.0,11.7,82.0,5.0
2023-12-12 06:00:00,3808.1800000000003,11.7,82.0,10.6,0.0,5.0,11.7,82.0,5.0
2023-12-12 07:00:00,3971.1499999999996,11.7,82.0,10.6,0.0,5.0,11.7,82.0,5.0
2023-12-12 08:00:00,4267.12,11.7,82.0,10.6,0.0,5.0,11.7,82.0,5.0
2023-12-12 09:00:00,4547.1900000000005,11.7,82.0,10.6,0.0,5.0,11.7,82.0,5.0
2023-12-12 10:00:00,4445.31,11.7,82.0,10.6,0.0,5.0,11.7,82.0,5.0
2023-12-12 11:00:00,4639.15,11.7,82.0,10.6,0.0,5.0,11.7,82.0,5.0
2023-12-12 12:00:00,4726.63,11.7,82.0,10.6,0.0,5.0,11.7,82.0,5.0
2023-12-12 13:00:00,4967.14,11.7,82.0,10.6,0.0,5.0,11.7,82.0,5.0
2023-12-12 14:00:00,4858.29,11.7,82.0,10.6,0.0,5.0,11.7,82.0,5.0
2023-12-12 15:00:00,4861.67,11.7,82.0,10.6,0.0,5.0,11.7,82.0,5.0
2023-12-12 16:00:00,4679.13,11.7,82.0,10.6,0.0,5.0,11.7,82.0,5.0
2023-12-12 17:00:00,4678.49,11.7,82.0,10.6,0.0,5.0,11.7,82.0,5.0
2023-12-12 18:00:00,4935.76,11.7,82.0,10.6,0.0,5.0,11.7,82.0,5.0
2023-12-12 19:00:00,5385.39,11.7,82.0,10.6,0.0,5.0,11.7,82.0,5.0
2023-12-12 20:00:00,5143.22,11.7,82.0,10.6,0.0,5.0,11.7,82.0,5.0
2023-12-12 21:00:00,4740.08,11.7,82.0,10.6,0.0,5.0,11.7,82.0,5.0
2023-12-12 22:00:00,4283.09,11.7,82.0,10.6,0.0,5.0,11.7,82.0,5.0
2023-12-12 23:00:00,3734.04,11.7,82.0,10.6,0.0,5.0,11.7,82.0,5.0
2023-12-13 00:00:00,3159.24,11.7,82.0,10.6,0.0,5.0,11.7,82.0,5.0
2023-12-13 01:00:00,3375.53,11.7,82.0,10.6,0.0,5.0,11.7,82.0,5.0
2023-12-13 02:00:00,3385.02,11.7,82.0,10.6,0.0,5.0,11.7,82.0,5.0
2023-12-13 03:00:00,3354.84,11.7,82.0,10.6,0.0,5.0,11.7,82.0,5.0
2023-12-13 04:00:00,3388.29,11.7,82.0,10.6,0.0,5.0,11.7,82.0,5.0
2023-12-13 05:00:00,3405.65,11.7,82.0,10.6,0.0,5.0,11.7,82.0,5.0
2023-12-13 06:00:00,3627.21,11.7,82.0,10.6,0.0,5.0,11.7,82.0,5.0
2023-12-13 07:00:00,3806.19,11.7,82.0,10.6,0.0,5.0,11.7,82.0,5.0
2023-12-13 08:00:00,4368.38,11.7,82.0,10.6,0.0,5.0,11.7,82.0,5.0
2023-12-13 09:00:00,4473.06,11.7,82.0,10.6,0.0,5.0,11.7,82.0,5.0
2023-12-13 10:00:00,4623.84,11.7,82.0,10.6,0.0,5.0,11.7,82.0,5.0
2023-12-13 11:00:00,4762.09,11.7,82.0,10.6,0.0,5.0,11.7,82.0,5.0
2023-12-13 12:00:00,4743.93,11.7,82.0,10.6,0.0,5.0,11.7,82.0,5.0
2023-12-13 13:00:00,4724.35,11.7,82.0,10.6,0.0,5.0,11.7,82.0,5.0
2023-12-13 14:00:00,4751.71,11.7,82.0,10.6,0.0,5.0,11.7,82.0,5.0
2023-12-13 15:00:00,4613.09,11.7,82.0,10.6,0.0,5.0,11.7,82.0,5.0
2023-12-13 16:00:00,4520.32,11.7,82.0,10.6,0.0,5.0,11.7,82.0,5.0
2023-12-13 17:00:00,5005.14,11.7,82.0,10.6,0.0,5.0,11.7,82.0,5.0
2023-12-13 18:00:00,5011.76,11.7,82.0,10.6,0.0,5.0,11.7,82.0,5.0
2023-12-13 19:00:00,5123.82,11.7,82.0,10.6,0.0,5.0,11.7,82.0,5.0
2023-12-13 20:00:00,5225.87,11.7,82.0,10.6,0.0,5.0,11.7,82.0,5.0
2023-12-13 21:00:00,4814.49,11.7,82.0,10.6,0.0,5.0,11.7,82.0,5.0
2023-12-13 22:00:00,4203.88,11.7,82.0,10.6,0.0,5.0,11.7,82.0,5.0
2023-12-13 23:00:00,3946.6200000000003,11.7,82.0,10.6,0.0,5.0,11.7,82.0,5.0
2023-12-14 00:00:00,3158.6,11.7,82.0,10.6,0.0,5.0,11.7,82.0,5.0
2023-12-14 01:00:00,3176.12,11.7,82.0,10.6,0.0,5.0,11.7,82.0,5.0
2023-12-14 02:00:00,3428.42,11.7,82.0,10.6,0.0,5.0,11.7,82.0,5.0
2023-12-14 03:00:00,3276.25,11.7,82.0,10.6,0.0,5.0,11.7,82.0,5.0
2023-12-14 04:00:00,3452.61,11.7,82.0,10.6,0.0,5.0,11.7,82.0,5.0
2023-12-14 05:00:00,3534.14,11.7,82.0,10.6,0.0,5.0,11.7,82.0,5.0
2023-12-14 06:00:00,3840.2799999999997,11.7,82.0,10.6,0.0,5.0,11.7,82.0,5.0
2023-12-14 07:00:00,4066.57,11.7,82.0,10.6,0.0,5.0,11.7,82.0,5.0
2023-12-14 08:00:00,4360.12,11.7,82.0,10.6,0.0,5.0,11.7,82.0,5.0
2023-12-14 09:00:00,4546.3,11.7,82.0,10.6,0.0,5.0,11.7,82.0,5.0
2023-12-14 10:00:00,4641.37,11.7,82.0,10.6,0.0,5.0,11.7,82.0,5.0
2023-12-14 11:00:00,4576.39,11.7,82.0,10.6,0.0,5.0,11.7,82.0,5.0
2023-12-14 12:00:00,4796.28,11.7,82.0,10.6,0.0,5.0,11.7,82.0,5.0
2023-12-14 13:00:00,4932.23,11.7,82.0,10.6,0.0,5.0,11.7,82.0,5.0
2023-12-14 14:00:00,4806.25,11.7,82.0,10.6,0.0,5.0,11.7,82.0,5.0
2023-12-14 15:00:00,4597.7300000000005,11.7,82.0,10.6,0.0,5.0,11.7,82.0,5.0
2023-12-14 16:00:00,4565.37,11.7,82.0,10.6,0.0,5.0,11.7,82.0,5.0
2023-12-14 17:00:00,4885.14,11.7,82.0,10.6,0.0,5.0,11.7,82.0,5.0
2023-12-14 18:00:00,4988.21,11.7,82.0,10.6,0.0,5.0,11.7,82.0,5.0
2023-12-14 19:00:00,5207.04,11.7,82.0,10.6,0.0,5.0,11.7,82.0,5.0
2023-12-14 20:00:00,4974.95,11.7,82.0,10.6,0.0,5.0,11.7,82.0,5.0
2023-12-14 21:00:00,4840.68,11.7,82.0,10.6,0.0,5.0,11.7,82.0,5.0
2023-12-14 22:00:00,4159.67,11.7,82.0,10.6,0.0,5.0,11.7,82.0,5.0
2023-12-14 23:00:00,3879.6,11.7,82.0,10.6,0.0,5.0,11.7,82.0,5.0
2023-12-15 00:00:00,3221.03,11.7,82.0,10.6,0.0,5.0,11.7,82.0,5.0
2023-12-15 01:00:00,3245.93,11.7,82.0,10.6,0.0,5.0,11.7,82.0,5.0
2023-12-15 02:00:00,3309.1,11.7,82.0,10.6,0.0,5.0,11.7,82.0,5.0
2023-12-15 03:00:00,3409.04,11.7,82.0,10.6,0.0,5.0,11.7,82.0,5.0
2023-12-15 04:00:00,3344.0299999999997,11.7,82.0,10.6,0.0,5.0,11.7,82.0,5.0
2023-12-15 05:00:00,3453.87,11.7,82.0,10.6,0.0,5.0,11.7,82.0,5.0
2023-12-15 06:00:00,3727.05,11.7,82.0,10.6,0.0,5.0,11.7,82.0,5.0
2023-12-15 07:00:00,4007.49,11.7,82.0,10.6,0.0,5.0,11.7,82.0,5.0
2023-12-15 08:00:00,4195.26,11.7,82.0,10.6,0.0,5.0,11.7,82.0,5.0
2023-12-15 09:00:00,4516.47,11.7,82.0,10.6,0.0,5.0,11.7,82.0,5.0
2023-12-15 10:00:00,4483.88,11.7,82.0,10.6,0.0,5.0,11.7,82.0,5.0
2023-12-15 11:00:00,4563.22,11.7,82.0,10.6,0.0,5.0,11.7,82.0,5.0
2023-12-15 12:00:00,4739.31,11.7,82.0,10.6,0.0,5.0,11.7,82.0,5.0
2023-12-15 13:00:00,4648.35,11.7,82.0,10.6,0.0,5.0,11.7,82.0,5.0
2023-12-15 14:00:00,4780.24,11.7,82.0,10.6,0.0,5.0,11.7,82.0,5.0
2023-12-15 15:00:00,4671.48,11.7,82.0,10.6,0.0,5.0,11.7,82.0,5.0
2023-12-15 16:00:00,4511.01,11.7,82.0,10.6,0.0,5.0,11.7,82.0,5.0
2023-12-15 17:00:00,4858.9,11.7,82.0,10.6,0.0,5.0,11.7,82.0,5.0
2023-12-15 18:00:00,5234.68,11.7,82.0,10.6,0.0,5.0,11.7,82.0,5.0
2023-12-15 19:00:00,5189.76,11.7,82.0,10.6,0.0,5.0,11.7,82.0,5.0
2023-12-15 20:00:00,5051.98,11.7,82.0,10.6,0.0,5.0,11.7,82.0,5.0
2023-12-15 21:00:00,4832.72,11.7,82.0,10.6,0.0,5.0,11.7,82.0,5.0
2023-12-15 22:00:00,4236.24,11.7,82.0,10.6,0.0,5.0,11.7,82.0,5.0
2023-12-15 23:00:00,3794.71,11.7,82.0,10.6,0.0,5.0,11.7,82.0,5.0
2023-12-16 00:00:00,3210.53,11.7,82.0,10.6,0.0,5.0,11.7,82.0,5.0
2023-12-16 01:00:00,3283.76,11.7,82.0,10.6,0.0,5.0,11.7,82.0,5.0
2023-12-16 02:00:00,3278.62,11.7,82.0,10.6,0.0,5.0,11.7,82.0,5.0
2023-12-16 03:00:00,3340.74,11.7,82.0,10.6,0.0,5.0,11.7,82.0,5.0
2023-12-16 04:00:00,3253.77,11.7,82.0,10.6,0.0,5.0,11.7,82.0,5.0
2023-12-16 05:00:00,3396.01,11.7,82.0,10.6,0.0,5.0,11.7,82.0,5.0
2023-12-16 06:00:00,3665.83,11.7,82.0,10.6,0.0,5.0,11.7,82.0,5.0
2023-12-16 07:00:00,3860.55,11.7,82.0,10.6,0.0,5.0,11.7,82.0,5.0
2023-12-16 08:00:00,3913.75,11.7,82.0,10.6,0.0,5.0,11.7,82.0,5.0
2023-12-16 09:00:00,4394.7699999999995,11.7,82.0,10.6,0.0,5.0,11.7,82.0,5.0
2023-12-16 10:00:00,4278.76,11.7,82.0,10.6,0.0,5.0,11.7,82.0,5.0
2023-12-16 11:00:00,4599.45,11.7,82.0,10.6,0.0,5.0,11.7,82.0,5.0
2023-12-16 12:00:00,4693.55,11.7,82.0,10.6,0.0,5.0,11.7,82.0,5.0
2023-12-16 13:00:00,4613.77,11.7,82.0,10.6,0.0,5.0,11.7,82.0,5.0
2023-12-16 14:00:00,4622.72,11.7,82.0,10.6,0.0,5.0,11.7,82.0,5.0
2023-12-16 15:00:00,4579.74,11.7,82.0,10.6,0.0,5.0,11.7,82.0,5.0
2023-12-16 16:00:00,4329.0,11.7,82.0,10.6,0.0,5.0,11.7,82.0,5.0
2023-12-16 17:00:00,4645.92,11.7,82.0,10.6,0.0,5.0,11.7,82.0,5.0
2023-12-16 18:00:00,4916.04,11.7,82.0,10.6,0.0,5.0,11.7,82.0,5.0
2023-12-16 19:00:00,5026.36,11.7,82.0,10.6,0.0,5.0,11.7,82.0,5.0
2023-12-16 20:00:00,5002.82,11.7,82.0,10.6,0.0,5.0,11.7,82.0,5.0
2023-12-16 21:00:00,4633.19,11.7,82.0,10.6,0.0,5.0,11.7,82.0,5.0
2023-12-16 22:00:00,4046.77,11.7,82.0,10.6,0.0,5.0,11.7,82.0,5.0
2023-12-16 23:00:00,3617.5,11.7,82.0,10.6,0.0,5.0,11.7,82.0,5.0
2023-12-17 00:00:00,3085.56,11.7,82.0,10.6,0.0,5.0,11.7,82.0,5.0
2023-12-17 01:00:00,2991.79,11.7,82.0,10.6,0.0,5.0,11.7,82.0,5.0
2023-12-17 02:00:00,3093.33,11.7,82.0,10.6,0.0,5.0,11.7,82.0,5.0
2023-12-17 03:00:00,3053.97,11.7,82.0,10.6,0.0,5.0,11.7,82.0,5.0
2023-12-17 04:00:00,3186.13,11.7,82.0,10.6,0.0,5.0,11.7,82.0,5.0
2023-12-17 05:00:00,3156.45,11.7,82.0,10.6,0.0,5.0,11.7,82.0,5.0
2023-12-17 06:00:00,3374.51,11.7,82.0,10.6,0.0,5.0,11.7,82.0,5.0
2023-12-17 07:00:00,3691.05,11.7,82.0,10.6,0.0,5.0,11.7,82.0,5.0
2023-12-17 08:00:00,3899.82,11.7,82.0,10.6,0.0,5.0,11.7,82.0,5.0
2023-12-17 09:00:00,4172.25,11.7,82.0,10.6,0.0,5.0,11.7,82.0,5.0
2023-12-17 10:00:00,4194.14,11.7,82.0,10.6,0.0,5.0,11.7,82.0,5.0
2023-12-17 11:00:00,4257.7300000000005,11.7,82.0,10.6,0.0,5.0,11.7,82.0,5.0
2023-12-17 12:00:00,4592.95,11.7,82.0,10.6,0.0,5.0,11.7,82.0,5.0
2023-12-17 13:00:00,4497.79,11.7,82.0,10.6,0.0,5.0,11.7,82.0,5.0
2023-12-17 14:00:00,4309.8,11.7,82.0,10.6,0.0,5.0,11.7,82.0,5.0
2023-12-17 15:00:00,4274.41,11.7,82.0,10.6,0.0,5.0,11.7,82.0,5.0
2023-12-17 16:00:00,4060.48,11.7,82.0,10.6,0.0,5.0,11.7,82.0,5.0
2023-12-17 17:00:00,4335.21,11.7,82.0,10.6,0.0,5.0,11.7,82.0,5.0
2023-12-17 18:00:00,4620.42,11.7,82.0,10.6,0.0,5.0,11.7,82.0,5.0
2023-12-17 19:00:00,4684.15,11.7,82.0,10.6,0.0,5.0,11.7,82.0,5.0
2023-12-17 20:00:00,4568.639999999999,11.7,82.0,10.6,0.0,5.0,11.7,82.0,5.0
2023-12-17 21:00:00,4350.33,11.7,82.0,10.6,0.0,5.0,11.7,82.0,5.0
2023-12-17 22:00:00,3833.14,11.7,82.0,10.6,0.0,5.0,11.7,82.0,5.0
2023-12-17 23:00:00,3603.87,11.7,82.0,10.6,0.0,5.0,11.7,82.0,5.0
2023-12-18 00:00:00,3391.89,11.7,82.0,10.6,0.0,5.0,11.7,82.0,5.0
2023-12-18 01:00:00,3254.35,11.7,82.0,10.6,0.0,5.0,11.7,82.0,5.0
2023-12-18 02:00:00,3311.42,11.7,82.0,10.6,0.0,5.0,11.7,82.0,5.0
2023-12-18 03:00:00,3401.91,11.7,82.0,10.6,0.0,5.0,11.7,82.0,5.0
2023-12-18 04:00:00,3470.48,11.7,82.0,10.6,0.0,5.0,11.7,82.0,5.0
2023-12-18 05:00:00,3486.79,11.7,82.0,10.6,0.0,5.0,11.7,82.0,5.0
2023-12-18 06:00:00,3642.08,11.7,82.0,10.6,0.0,5.0,11.7,82.0,5.0
2023-12-18 07:00:00,3973.75,11.7,82.0,10.6,0.0,5.0,11.7,82.0,5.0
2023-12-18 08:00:00,4172.84,11.7,82.0,10.6,0.0,5.0,11.7,82.0,5.0
2023-12-18 09:00:00,4640.87,11.7,82.0,10.6,0.0,5.0,11.7,82.0,5.0
2023-12-18 10:00:00,4440.21,11.7,82.0,10.6,0.0,5.0,11.7,82.0,5.0
2023-12-18 11:00:00,4673.639999999999,11.7,82.0,10.6,0.0,5.0,11.7,82.0,5.0
2023-12-18 12:00:00,4749.6,11.7,82.0,10.6,0.0,5.0,11.7,82.0,5.0
2023-12-18 13:00:00,4744.03,11.7,82.0,10.6,0.0,5.0,11.7,82.0,5.0
2023-12-18 14:00:00,4800.59,11.7,82.0,10.6,0.0,5.0,11.7,82.0,5.0
2023-12-18 15:00:00,4713.04,11.7,82.0,10.6,0.0,5.0,11.7,82.0,5.0
2023-12-18 16:00:00,4562.2,11.7,82.0,10.6,0.0,5.0,11.7,82.0,5.0
2023-12-18 17:00:00,4929.39,11.7,82.0,10.6,0.0,5.0,11.7,82.0,5.0
2023-12-18 18:00:00,5097.02,11.7,82.0,10.6,0.0,5.0,11.7,82.0,5.0
2023-12-18 19:00:00,5262.7699999999995,11.7,82.0,10.6,0.0,5.0,11.7,82.0,5.0
2023-12-18 20:00:00,5050.38,11.7,82.0,10.6,0.0,5.0,11.7,82.0,5.0
2023-12-18 21:00:00,4679.28,11.7,82.0,10.6,0.0,5.0,11.7,82.0,5.0
2023-12-18 22:00:00,4207.68,11.7,82.0,10.6,0.0,5.0,11.7,82.0,5.0
2023-12-18 23:00:00,3711.45,11.7,82.0,10.6,0.0,5.0,11.7,82.0,5.0
2023-12-19 00:00:00,3321.33,11.7,82.0,10.6,0.0,5.0,11.7,82.0,5.0
2023-12-19 01:00:00,3453.9,11.7,82.0,10.6,0.0,5.0,11.7,82.0,5.0
2023-12-19 02:00:00,3490.47,11.7,82.0,10.6,0.0,5.0,11.7,82.0,5.0
2023-12-19 03:00:00,3444.17,11.7,82.0,10.6,0.0,5.0,11.7,82.0,5.0
2023-12-19 04:00:00,3452.87,11.7,82.0,10.6,0.0,5.0,11.7,82.0,5.0
2023-12-19 05:00:00,3568.24,11.7,82.0,10.6,0.0,5.0,11.7,82.0,5.0
2023-12-19 06:00:00,3757.46,11.7,82.0,10.6,0.0,5.0,11.7,82.0,5.0
2023-12-19 07:00:00,4037.38,11.7,82.0,10.6,0.0,5.0,11.7,82.0,5.0
2023-12-19 08:00:00,4229.88,11.7,82.0,10.6,0.0,5.0,11.7,82.0,5.0
2023-12-19 09:00:00,4405.22,11.7,82.0,10.6,0.0,5.0,11.7,82.0,5.0
2023-12-19 10:00:00,4512.7699999999995,11.7,82.0,10.6,0.0,5.0,11.7,82.0,5.0
2023-12-19 11:00:00,4742.53,11.7,82.0,10.6,0.0,5.0,11.7,82.0,5.0
2023-12-19 12:00:00,4854.28,11.7,82.0,10.6,0.0,5.0,11.7,82.0,5.0
2023-12-19 13:00:00,4830.76,11.7,82.0,10.6,0.0,5.0,11.7,82.0,5.0
2023-12-19 14:00:00,4703.96,11.7,82.0,10.6,0.0,5.0,11.7,82.0,5.0
2023-12-19 15:00:00,4632.85,11.7,82.0,10.6,0.0,5.0,11.7,82.0,5.0
2023-12-19 16:00:00,4457.099999999999,11.7,82.0,10.6,0.0,5.0,11.7,82.0,5.0
2023-12-19 17:00:00,4874.88,11.7,82.0,10.6,0.0,5.0,11.7,82.0,5.0
2023-12-19 18:00:00,5153.820000000001,11.7,82.0,10.6,0.0,5.0,11.7,82.0,5.0
2023-12-19 19:00:00,5220.82,11.7,82.0,10.6,0.0,5.0,11.7,82.0,5.0
2023-12-19 20:00:00,5073.86,11.7,82.0,10.6,0.0,5.0,11.7,82.0,5.0
2023-12-19 21:00:00,4732.95,11.7,82.0,10.6,0.0,5.0,11.7,82.0,5.0
2023-12-19 22:00:00,4072.11,11.7,82.0,10.6,0.0,5.0,11.7,82.0,5.0
2023-12-19 23:00:00,3822.53,11.7,82.0,10.6,0.0,5.0,11.7,82.0,5.0
2023-12-20 00:00:00,3279.0899999999997,11.7,82.0,10.6,0.0,5.0,11.7,82.0,5.0
2023-12-20 01:00:00,3211.48,11.7,82.0,10.6,0.0,5.0,11.7,82.0,5.0
2023-12-20 02:00:00,3332.9700000000003,11.7,82.0,10.6,0.0,5.0,11.7,82.0,5.0
2023-12-20 03:00:00,3492.34,11.7,82.0,10.6,0.0,5.0,11.7,82.0,5.0
2023-12-20 04:00:00,3385.48,11.7,82.0,10.6,0.0,5.0,11.7,82.0,5.0
2023-12-20 05:00:00,3600.57,11.7,82.0,10.6,0.0,5.0,11.7,82.0,5.0
2023-12-20 06:00:00,3701.84,11.7,82.0,10.6,0.0,5.0,11.7,82.0,5.0
2023-12-20 07:00:00,4010.68,11.7,82.0,10.6,0.0,5.0,11.7,82.0,5.0
2023-12-20 08:00:00,4335.81,11.7,82.0,10.6,0.0,5.0,11.7,82.0,5.0
2023-12-20 09:00:00,4734.1,11.7,82.0,10.6,0.0,5.0,11.7,82.0,5.0
2023-12-20 10:00:00,4466.28,11.7,82.0,10.6,0.0,5.0,11.7,82.0,5.0
2023-12-20 11:00:00,4748.08,11.7,82.0,10.6,0.0,5.0,11.7,82.0,5.0
2023-12-20 12:00:00,4751.76,11.7,82.0,10.6,0.0,5.0,11.7,82.0,5.0
2023-12-20 13:00:00,4830.17,11.7,82.0,10.6,0.0,5.0,11.7,82.0,5.0
2023-12-20 14:00:00,4699.1900000000005,11.7,82.0,10.6,0.0,5.0,11.7,82.0,5.0
2023-12-20 15:00:00,4554.68,11.7,82.0,10.6,0.0,5.0,11.7,82.0,5.0
2023-12-20 16:00:00,4703.95,11.7,82.0,10.6,0.0,5.0,11.7,82.0,5.0
2023-12-20 17:00:00,4767.32,11.7,82.0,10.6,0.0,5.0,11.7,82.0,5.0
2023-12-20 18:00:00,5165.48,11.7,82.0,10.6,0.0,5.0,11.7,82.0,5.0
2023-12-20 19:00:00,5383.31,11.7,82.0,10.6,0.0,5.0,11.7,82.0,5.0
2023-12-20 20:00:00,5181.22,11.7,82.0,10.6,0.0,5.0,11.7,82.0,5.0
2023-12-20 21:00:00,4806.74,11.7,82.0,10.6,0.0,5.0,11.7,82.0,5.0
2023-12-20 22:00:00,4252.18,11.7,82.0,10.6,0.0,5.0,11.7,82.0,5.0
2023-12-20 23:00:00,3786.19,11.7,82.0,10.6,0.0,5.0,11.7,82.0,5.0
2023-12-21 00:00:00,3208.6800000000003,11.7,82.0,10.6,0.0,5.0,11.7,82.0,5.0
2023-12-21 01:00:00,3420.31,11.7,82.0,10.6,0.0,5.0,11.7,82.0,5.0
2023-12-21 02:00:00,3500.7799999999997,11.7,82.0,10.6,0.0,5.0,11.7,82.0,5.0
2023-12-21 03:00:00,3438.23,11.7,82.0,10.6,0.0,5.0,11.7,82.0,5.0
2023-12-21 04:00:00,3324.2,11.7,82.0,10.6,0.0,5.0,11.7,82.0,5.0
2023-12-21 05:00:00,3578.54,11.7,82.0,10.6,0.0,5.0,11.7,82.0,5.0
2023-12-21 06:00:00,3637.05,11.7,82.0,10.6,0.0,5.0,11.7,82.0,5.0
2023-12-21 07:00:00,3875.63,11.7,82.0,10.6,0.0,5.0,11.7,82.0,5.0
2023-12-21 08:00:00,4196.45,11.7,82.0,10.6,0.0,5.0,11.7,82.0,5.0
2023-12-21 09:00:00,4491.79,11.7,82.0,10.6,0.0,5.0,11.7,82.0,5.0
2023-12-21 10:00:00,4588.08,11.7,82.0,10.6,0.0,5.0,11.7,82.0,5.0
2023-12-21 11:00:00,4603.63,11.7,82.0,10.6,0.0,5.0,11.7,82.0,5.0
2023-12-21 12:00:00,4825.51,11.7,82.0,10.6,0.0,5.0,11.7,82.0,5.0
2023-12-21 13:00:00,4828.92,11.7,82.0,10.6,0.0,5.0,11.7,82.0,5.0
2023-12-21 14:00:00,4817.67,11.7,82.0,10.6,0.0,5.0,11.7,82.0,5.0
2023-12-21 15:00:00,4615.71,11.7,82.0,10.6,0.0,5.0,11.7,82.0,5.0
2023-12-21 16:00:00,4644.71,11.7,82.0,10.6,0.0,5.0,11.7,82.0,5.0
2023-12-21 17:00:00,4759.82,11.7,82.0,10.6,0.0,5.0,11.7,82.0,5.0
2023-12-21 18:00:00,5087.63,11.7,82.0,10.6,0.0,5.0,11.7,82.0,5.0
2023-12-21 19:00:00,5213.67,11.7,82.0,10.6,0.0,5.0,11.7,82.0,5.0
2023-12-21 20:00:00,5039.69,11.7,82.0,10.6,0.0,5.0,11.7,82.0,5.0
2023-12-21 21:00:00,4937.889999999999,11.7,82.0,10.6,0.0,5.0,11.7,82.0,5.0
2023-12-21 22:00:00,4223.360000000001,11.7,82.0,10.6,0.0,5.0,11.7,82.0,5.0
2023-12-21 23:00:00,3667.1,11.7,82.0,10.6,0.0,5.0,11.7,82.0,5.0
2023-12-22 00:00:00,3172.66,11.7,82.0,10.6,0.0,5.0,11.7,82.0,5.0
2023-12-22 01:00:00,3346.2,11.7,82.0,10.6,0.0,5.0,11.7,82.0,5.0
2023-12-22 02:00:00,3401.12,11.7,82.0,10.6,0.0,5.0,11.7,82.0,5.0
2023-12-22 03:00:00,3446.13,11.7,82.0,10.6,0.0,5.0,11.7,82.0,5.0
2023-12-22 04:00:00,3384.46,11.7,82.0,10.6,0.0,5.0,11.7,82.0,5.0
2023-12-22 05:00:00,3413.96,11.7,82.0,10.6,0.0,5.0,11.7,82.0,5.0
2023-12-22 06:00:00,3844.03,11.7,82.0,10.6,0.0,5.0,11.7,82.0,5.0
2023-12-22 07:00:00,4059.96,11.7,82.0,10.6,0.0,5.0,11.7,82.0,5.0
2023-12-22 08:00:00,4260.42,11.7,82.0,10.6,0.0,5.0,11.7,82.0,5.0
2023-12-22 09:00:00,4405.95,11.7,82.0,10.6,0.0,5.0,11.7,82.0,5.0
2023-12-22 10:00:00,4511.0,11.7,82.0,10.6,0.0,5.0,11.7,82.0,5.0
2023-12-22 11:00:00,4759.51,11.7,82.0,10.6,0.0,5.0,11.7,82.0,5.0
2023-12-22 12:00:00,4820.34,11.7,82.0,10.6,0.0,5.0,11.7,82.0,5.0
2023-12-22 13:00:00,4787.11,11.7,82.0,10.6,0.0,5.0,11.7,82.0,5.0
2023-12-22 14:00:00,4755.95,11.7,82.0,10.6,0.0,5.0,11.7,82.0,5.0
2023-12-22 15:00:00,4771.45,11.7,82.0,10.6,0.0,5.0,11.7,82.0,5.0
2023-12-22 16:00:00,4623.4800000000005,11.7,82.0,10.6,0.0,5.0,11.7,82.0,5.0
2023-12-22 17:00:00,4871.26,11.7,82.0,10.6,0.0,5.0,11.7,82.0,5.0
2023-12-22 18:00:00,5165.360000000001,11.7,82.0,10.6,0.0,5.0,11.7,82.0,5.0
2023-12-22 19:00:00,5288.44,11.7,82.0,10.6,0.0,5.0,11.7,82.0,5.0
2023-12-22 20:00:00,5166.81,11.7,82.0,10.6,0.0,5.0,11.7,82.0,5.0
2023-12-22 21:00:00,4743.28,11.7,82.0,10.6,0.0,5.0,11.7,82.0,5.0
2023-12-22 22:00:00,4220.05,11.7,82.0,10.6,0.0,5.0,11.7,82.0,5.0
2023-12-22 23:00:00,3680.1400000000003,11.7,82.0,10.6,0.0,5.0,11.7,82.0,5.0
2023-12-23 00:00:00,3142.12,11.7,82.0,10.6,0.0,5.0,11.7,82.0,5.0
2023-12-23 01:00:00,3148.7,11.7,82.0,10.6,0.0,5.0,11.7,82.0,5.0
2023-12-23 02:00:00,3325.98,11.7,82.0,10.6,0.0,5.0,11.7,82.0,5.0
2023-12-23 03:00:00,3351.24,11.7,82.0,10.6,0.0,5.0,11.7,82.0,5.0
2023-12-23 04:00:00,3363.19,11.7,82.0,10.6,0.0,5.0,11.7,82.0,5.0
2023-12-23 05:00:00,3388.0699999999997,11.7,82.0,10.6,0.0,5.0,11.7,82.0,5.0
2023-12-23 06:00:00,3616.99,11.7,82.0,10.6,0.0,5.0,11.7,82.0,5.0
2023-12-23 07:00:00,3988.2000000000003,11.7,82.0,10.6,0.0,5.0,11.7,82.0,5.0
2023-12-23 08:00:00,4073.9,11.7,82.0,10.6,0.0,5.0,11.7,82.0,5.0
2023-12-23 09:00:00,4371.9400000000005,11.7,82.0,10.6,0.0,5.0,11.7,82.0,5.0
2023-12-23 10:00:00,4337.400000000001,11.7,82.0,10.6,0.0,5.0,11.7,82.0,5.0
2023-12-23 11:00:00,4517.32,11.7,82.0,10.6,0.0,5.0,11.7,82.0,5.0
2023-12-23 12:00:00,4657.74,11.7,82.0,10.6,0.0,5.0,11.7,82.0,5.0
2023-12-23 13:00:00,4589.82,11.7,82.0,10.6,0.0,5.0,11.7,82.0,5.0
2023-12-23 14:00:00,4691.93,11.7,82.0,10.6,0.0,5.0,11.7,82.0,5.0
2023-12-23 15:00:00,4547.87,11.7,82.0,10.6,0.0,5.0,11.7,82.0,5.0
2023-12-23 16:00:00,4314.55,11.7,82.0,10.6,0.0,5.0,11.7,82.0,5.0
2023-12-23 17:00:00,4667.1,11.7,82.0,10.6,0.0,5.0,11.7,82.0,5.0
2023-12-23 18:00:00,4800.15,11.7,82.0,10.6,0.0,5.0,11.7,82.0,5.0
2023-12-23 19:00:00,5045.92,11.7,82.0,10.6,0.0,5.0,11.7,82.0,5.0
2023-12-23 20:00:00,4941.85,11.7,82.0,10.6,0.0,5.0,11.7,82.0,5.0
2023-12-23 21:00:00,4510.95,11.7,82.0,10.6,0.0,5.0,11.7,82.0,5.0
2023-12-23 22:00:00,4123.38,11.7,82.0,10.6,0.0,5.0,11.7,82.0,5.0
2023-12-23 23:00:00,3654.59,11.7,82.0,10.6,0.0,5.0,11.7,82.0,5.0
2023-12-24 00:00:00,3070.77,11.7,82.0,10.6,0.0,5.0,11.7,82.0,5.0
2023-12-24 01:00:00,3072.8,11.7,82.0,10.6,0.0,5.0,11.7,82.0,5.0
2023-12-24 02:00:00,3169.6,11.7,82.0,10.6,0.0,5.0,11.7,82.0,5.0
2023-12-24 03:00:00,3201.18,11.7,82.0,10.6,0.0,5.0,11.7,82.0,5.0
2023-12-24 04:00:00,3066.95,11.7,82.0,10.6,0.0,5.0,11.7,82.0,5.0
2023-12-24 05:00:00,3147.03,11.7,82.0,10.6,0.0,5.0,11.7,82.0,5.0
2023-12-24 06:00:00,3371.2400000000002,11.7,82.0,10.6,0.0,5.0,11.7,82.0,5.0
2023-12-24 07:00:00,3717.07,11.7,82.0,10.6,0.0,5.0,11.7,82.0,5.0
2023-12-24 08:00:00,3879.83,11.7,82.0,10.6,0.0,5.0,11.7,82.0,5.0
2023-12-24 09:00:00,4112.01,11.7,82.0,10.6,0.0,5.0,11.7,82.0,5.0
2023-12-24 10:00:00,4205.55,11.7,82.0,10.6,0.0,5.0,11.7,82.0,5.0
2023-12-24 11:00:00,4385.76,11.7,82.0,10.6,0.0,5.0,11.7,82.0,5.0
2023-12-24 12:00:00,4406.46,11.7,82.0,10.6,0.0,5.0,11.7,82.0,5.0
2023-12-24 13:00:00,4380.56,11.7,82.0,10.6,0.0,5.0,11.7,82.0,5.0
2023-12-24 14:00:00,4339.14,11.7,82.0,10.6,0.0,5.0,11.7,82.0,5.0
2023-12-24 15:00:00,4186.24,11.7,82.0,10.6,0.0,5.0,11.7,82.0,5.0
2023-12-24 16:00:00,4094.25,11.7,82.0,10.6,0.0,5.0,11.7,82.0,5.0
2023-12-24 17:00:00,4510.43,11.7,82.0,10.6,0.0,5.0,11.7,82.0,5.0
2023-12-24 18:00:00,4604.34,11.7,82.0,10.6,0.0,5.0,11.7,82.0,5.0
2023-12-24 19:00:00,4750.24,11.7,82.0,10.6,0.0,5.0,11.7,82.0,5.0
2023-12-24 20:00:00,4675.49,11.7,82.0,10.6,0.0,5.0,11.7,82.0,5.0
2023-12-24 21:00:00,4454.54,11.7,82.0,10.6,0.0,5.0,11.7,82.0,5.0
2023-12-24 22:00:00,3767.9,11.7,82.0,10.6,0.0,5.0,11.7,82.0,5.0
2023-12-24 23:00:00,3411.02,11.7,82.0,10.6,0.0,5.0,11.7,82.0,5.0
2023-12-25 00:00:00,3380.3300000000004,11.7,82.0,10.6,0.0,5.0,11.7,82.0,5.0
2023-12-25 01:00:00,3152.85,11.7,82.0,10.6,0.0,5.0,11.7,82.0,5.0
2023-12-25 02:00:00,3406.06,11.7,82.0,10.6,0.0,5.0,11.7,82.0,5.0
2023-12-25 03:00:00,3657.07,11.7,82.0,10.6,0.0,5.0,11.7,82.0,5.0
2023-12-25 04:00:00,3496.82,11.7,82.0,10.6,0.0,5.0,11.7,82.0,5.0
2023-12-25 05:00:00,3598.2000000000003,11.7,82.0,10.6,0.0,5.0,11.7,82.0,5.0
2023-12-25 06:00:00,3818.02,11.7,82.0,10.6,0.0,5.0,11.7,82.0,5.0
2023-12-25 07:00:00,3876.85,11.7,82.0,10.6,0.0,5.0,11.7,82.0,5.0
2023-12-25 08:00:00,4283.01,11.7,82.0,10.6,0.0,5.0,11.7,82.0,5.0
2023-12-25 09:00:00,4491.58,11.7,82.0,10.6,0.0,5.0,11.7,82.0,5.0
2023-12-25 10:00:00,4489.29,11.7,82.0,10.6,0.0,5.0,11.7,82.0,5.0
2023-12-25 11:00:00,4675.31,11.7,82.0,10.6,0.0,5.0,11.7,82.0,5.0
2023-12-25 12:00:00,4784.1900000000005,11.7,82.0,10.6,0.0,5.0,11.7,82.0,5.0
2023-12-25 13:00:00,4873.04,11.7,82.0,10.6,0.0,5.0,11.7,82.0,5.0
2023-12-25 14:00:00,4778.36,11.7,82.0,10.6,0.0,5.0,11.7,82.0,5.0
2023-12-25 15:00:00,4578.29,11.7,82.0,10.6,0.0,5.0,11.7,82.0,5.0
2023-12-25 16:00:00,4477.32,11.7,82.0,10.6,0.0,5.0,11.7,82.0,5.0
2023-12-25 17:00:00,4869.25,11.7,82.0,10.6,0.0,5.0,11.7,82.0,5.0
2023-12-25 18:00:00,5135.36,11.7,82.0,10.6,0.0,5.0,11.7,82.0,5.0
2023-12-25 19:00:00,5264.81,11.7,82.0,10.6,0.0,5.0,11.7,82.0,5.0
2023-12-25 20:00:00,5156.57,11.7,82.0,10.6,0.0,5.0,11.7,82.0,5.0
2023-12-25 21:00:00,4769.6,11.7,82.0,10.6,0.0,5.0,11.7,82.0,5.0
2023-12-25 22:00:00,4228.77,11.7,82.0,10.6,0.0,5.0,11.7,82.0,5.0
2023-12-25 23:00:00,3800.98,11.7,82.0,10.6,0.0,5.0,11.7,82.0,5.0
2023-12-26 00:00:00,3189.65,11.7,82.0,10.6,0.0,5.0,11.7,82.0,5.0
2023-12-26 01:00:00,3415.82,11.7,82.0,10.6,0.0,5.0,11.7,82.0,5.0
2023-12-26 02:00:00,3446.0499999999997,11.7,82.0,10.6,0.0,5.0,11.7,82.0,5.0
2023-12-26 03:00:00,3532.8199999999997,11.7,82.0,10.6,0.0,5.0,11.7,82.0,5.0
2023-12-26 04:00:00,3268.08,11.7,82.0,10.6,0.0,5.0,11.7,82.0,5.0
2023-12-26 05:00:00,3476.94,11.7,82.0,10.6,0.0,5.0,11.7,82.0,5.0
2023-12-26 06:00:00,3791.5699999999997,11.7,82.0,10.6,0.0,5.0,11.7,82.0,5.0
2023-12-26 07:00:00,3882.55,11.7,82.0,10.6,0.0,5.0,11.7,82.0,5.0
2023-12-26 08:00:00,4183.01,11.7,82.0,10.6,0.0,5.0,11.7,82.0,5.0
2023-12-26 09:00:00,4584.05,11.7,82.0,10.6,0.0,5.0,11.7,82.0,5.0
2023-12-26 10:00:00,4666.04,11.7,82.0,10.6,0.0,5.0,11.7,82.0,5.0
2023-12-26 11:00:00,4712.28,11.7,82.0,10.6,0.0,5.0,11.7,82.0,5.0
2023-12-26 12:00:00,4920.889999999999,11.7,82.0,10.6,0.0,5.0,11.7,82.0,5.0
2023-12-26 13:00:00,4775.76,11.7,82.0,10.6,0.0,5.0,11.7,82.0,5.0
2023-12-26 14:00:00,4782.01,11.7,82.0,10.6,0.0,5.0,11.7,82.0,5.0
2023-12-26 15:00:00,4642.07,11.7,82.0,10.6,0.0,5.0,11.7,82.0,5.0
2023-12-26 16:00:00,4457.02,11.7,82.0,10.6,0.0,5.0,11.7,82.0,5.0
2023-12-26 17:00:00,4818.64,11.7,82.0,10.6,0.0,5.0,11.7,82.0,5.0
2023-12-26 18:00:00,5188.6,11.7,82.0,10.6,0.0,5.0,11.7,82.0,5.0
2023-12-26 19:00:00,5195.04,11.7,82.0,10.6,0.0,5.0,11.7,82.0,5.0
2023-12-26 20:00:00,5053.360000000001,11.7,82.0,10.6,0.0,5.0,11.7,82.0,5.0
2023-12-26 21:00:00,4837.28,11.7,82.0,10.6,0.0,5.0,11.7,82.0,5.0
2023-12-26 22:00:00,3995.48,11.7,82.0,10.6,0.0,5.0,11.7,82.0,5.0
2023-12-26 23:00:00,3950.6800000000003,11.7,82.0,10.6,0.0,5.0,11.7,82.0,5.0
2023-12-27 00:00:00,2964.62,11.7,82.0,10.6,0.0,5.0,11.7,82.0,5.0
2023-12-27 01:00:00,3418.64,11.7,82.0,10.6,0.0,5.0,11.7,82.0,5.0
2023-12-27 02:00:00,3380.7200000000003,11.7,82.0,10.6,0.0,5.0,11.7,82.0,5.0
2023-12-27 03:00:00,3272.71,11.7,82.0,10.6,0.0,5.0,11.7,82.0,5.0
2023-12-27 04:00:00,3386.11,11.7,82.0,10.6,0.0,5.0,11.7,82.0,5.0
2023-12-27 05:00:00,3442.9700000000003,11.7,82.0,10.6,0.0,5.0,11.7,82.0,5.0
2023-12-27 06:00:00,3718.12,11.7,82.0,10.6,0.0,5.0,11.7,82.0,5.0
2023-12-27 07:00:00,4014.92,11.7,82.0,10.6,0.0,5.0,11.7,82.0,5.0
2023-12-27 08:00:00,4293.25,11.7,82.0,10.6,0.0,5.0,11.7,82.0,5.0
2023-12-27 09:00:00,4543.0199999999995,11.7,82.0,10.6,0.0,5.0,11.7,82.0,5.0
2023-12-27 10:00:00,4555.17,11.7,82.0,10.6,0.0,5.0,11.7,82.0,5.0
2023-12-27 11:00:00,4701.35,11.7,82.0,10.6,0.0,5.0,11.7,82.0,5.0
2023-12-27 12:00:00,4812.52,11.7,82.0,10.6,0.0,5.0,11.7,82.0,5.0
2023-12-27 13:00:00,4922.02,11.7,82.0,10.6,0.0,5.0,11.7,82.0,5.0
2023-12-27 14:00:00,4726.85,11.7,82.0,10.6,0.0,5.0,11.7,82.0,5.0
2023-12-27 15:00:00,4678.35,11.7,82.0,10.6,0.0,5.0,11.7,82.0,5.0
2023-12-27 16:00:00,4465.23,11.7,82.0,10.6,0.0,5.0,11.7,82.0,5.0
2023-12-27 17:00:00,4733.0599999999995,11.7,82.0,10.6,0.0,5.0,11.7,82.0,5.0
2023-12-27 18:00:00,5190.67,11.7,82.0,10.6,0.0,5.0,11.7,82.0,5.0
2023-12-27 19:00:00,5304.11,11.7,82.0,10.6,0.0,5.0,11.7,82.0,5.0
2023-12-27 20:00:00,5177.13,11.7,82.0,10.6,0.0,5.0,11.7,82.0,5.0
2023-12-27 21:00:00,4712.37,11.7,82.0,10.6,0.0,5.0,11.7,82.0,5.0
2023-12-27 22:00:00,4121.66,11.7,82.0,10.6,0.0,5.0,11.7,82.0,5.0
2023-12-27 23:00:00,3814.88,11.7,82.0,10.6,0.0,5.0,11.7,82.0,5.0
2023-12-28 00:00:00,3325.84,11.7,82.0,10.6,0.0,5.0,11.7,82.0,5.0
2023-12-28 01:00:00,3382.6400000000003,11.7,82.0,10.6,0.0,5.0,11.7,82.0,5.0
2023-12-28 02:00:00,3551.15,11.7,82.0,10.6,0.0,5.0,11.7,82.0,5.0
2023-12-28 03:00:00,3514.55,11.7,82.0,10.6,0.0,5.0,11.7,82.0,5.0
2023-12-28 04:00:00,3317.15,11.7,82.0,10.6,0.0,5.0,11.7,82.0,5.0
2023-12-28 05:00:00,3436.73,11.7,82.0,10.6,0.0,5.0,11.7,82.0,5.0
2023-12-28 06:00:00,3704.5,11.7,82.0,10.6,0.0,5.0,11.7,82.0,5.0
2023-12-28 07:00:00,4037.3900000000003,11.7,82.0,10.6,0.0,5.0,11.7,82.0,5.0
2023-12-28 08:00:00,4161.78,11.7,82.0,10.6,0.0,5.0,11.7,82.0,5.0
2023-12-28 09:00:00,4544.76,11.7,82.0,10.6,0.0,5.0,11.7,82.0,5.0
2023-12-28 10:00:00,4502.74,11.7,82.0,10.6,0.0,5.0,11.7,82.0,5.0
2023-12-28 11:00:00,4598.05,11.7,82.0,10.6,0.0,5.0,11.7,82.0,5.0
2023-12-28 12:00:00,4838.29,11.7,82.0,10.6,0.0,5.0,11.7,82.0,5.0
2023-12-28 13:00:00,4791.51,11.7,82.0,10.6,0.0,5.0,11.7,82.0,5.0
2023-12-28 14:00:00,4845.320000000001,11.7,82.0,10.6,0.0,5.0,11.7,82.0,5.0
2023-12-28 15:00:00,4704.49,11.7,82.0,10.6,0.0,5.0,11.7,82.0,5.0
2023-12-28 16:00:00,4339.82,11.7,82.0,10.6,0.0,5.0,11.7,82.0,5.0
2023-12-28 17:00:00,4745.5199999999995,11.7,82.0,10.6,0.0,5.0,11.7,82.0,5.0
2023-12-28 18:00:00,5207.25,11.7,82.0,10.6,0.0,5.0,11.7,82.0,5.0
2023-12-28 19:00:00,5206.76,11.7,82.0,10.6,0.0,5.0,11.7,82.0,5.0
2023-12-28 20:00:00,5212.28,11.7,82.0,10.6,0.0,5.0,11.7,82.0,5.0
2023-12-28 21:00:00,4873.5,11.7,82.0,10.6,0.0,5.0,11.7,82.0,5.0
2023-12-28 22:00:00,4253.37,11.7,82.0,10.6,0.0,5.0,11.7,82.0,5.0
2023-12-28 23:00:00,3868.41,11.7,82.0,10.6,0.0,5.0,11.7,82.0,5.0
2023-12-29 00:00:00,3141.55,11.7,82.0,10.6,0.0,5.0,11.7,82.0,5.0
2023-12-29 01:00:00,3376.24,11.7,82.0,10.6,0.0,5.0,11.7,82.0,5.0
2023-12-29 02:00:00,3374.2599999999998,11.7,82.0,10.6,0.0,5.0,11.7,82.0,5.0
2023-12-29 03:00:00,3482.31,11.7,82.0,10.6,0.0,5.0,11.7,82.0,5.0
2023-12-29 04:00:00,3360.21,11.7,82.0,10.6,0.0,5.0,11.7,82.0,5.0
2023-12-29 05:00:00,3526.5499999999997,11.7,82.0,10.6,0.0,5.0,11.7,82.0,5.0
2023-12-29 06:00:00,3717.1800000000003,11.7,82.0,10.6,0.0,5.0,11.7,82.0,5.0
2023-12-29 07:00:00,3869.06,11.7,82.0,10.6,0.0,5.0,11.7,82.0,5.0
2023-12-29 08:00:00,4225.94,11.7,82.0,10.6,0.0,5.0,11.7,82.0,5.0
2023-12-29 09:00:00,4630.88,11.7,82.0,10.6,0.0,5.0,11.7,82.0,5.0
2023-12-29 10:00:00,4476.89,11.7,82.0,10.6,0.0,5.0,11.7,82.0,5.0
2023-12-29 11:00:00,4669.96,11.7,82.0,10.6,0.0,5.0,11.7,82.0,5.0
2023-12-29 12:00:00,4736.5599999999995,11.7,82.0,10.6,0.0,5.0,11.7,82.0,5.0
2023-12-29 13:00:00,4790.24,11.7,82.0,10.6,0.0,5.0,11.7,82.0,5.0
2023-12-29 14:00:00,4764.93,11.7,82.0,10.6,0.0,5.0,11.7,82.0,5.0
2023-12-29 15:00:00,4615.610000000001,11.7,82.0,10.6,0.0,5.0,11.7,82.0,5.0
2023-12-29 16:00:00,4434.18,11.7,82.0,10.6,0.0,5.0,11.7,82.0,5.0
2023-12-29 17:00:00,4933.74,11.7,82.0,10.6,0.0,5.0,11.7,82.0,5.0
2023-12-29 18:00:00,5027.39,11.7,82.0,10.6,0.0,5.0,11.7,82.0,5.0
2023-12-29 19:00:00,5261.41,11.7,82.0,10.6,0.0,5.0,11.7,82.0,5.0
2023-12-29 20:00:00,5121.48,11.7,82.0,10.6,0.0,5.0,11.7,82.0,5.0
2023-12-29 21:00:00,4761.63,11.7,82.0,10.6,0.0,5.0,11.7,82.0,5.0
2023-12-29 22:00:00,4219.51,11.7,82.0,10.6,0.0,5.0,11.7,82.0,5.0
2023-12-29 23:00:00,3726.75,11.7,82.0,10.6,0.0,5.0,11.7,82.0,5.0
2023-12-30 00:00:00,3058.7,11.7,82.0,10.6,0.0,5.0,11.7,82.0,5.0
2023-12-30 01:00:00,3054.22,11.7,82.0,10.6,0.0,5.0,11.7,82.0,5.0
2023-12-30 02:00:00,3390.03,11.7,82.0,10.6,0.0,5.0,11.7,82.0,5.0
2023-12-30 03:00:00,3215.19,11.7,82.0,10.6,0.0,5.0,11.7,82.0,5.0
2023-12-30 04:00:00,3264.62,11.7,82.0,10.6,0.0,5.0,11.7,82.0,5.0
2023-12-30 05:00:00,3348.7799999999997,11.7,82.0,10.6,0.0,5.0,11.7,82.0,5.0
2023-12-30 06:00:00,3561.56,11.7,82.0,10.6,0.0,5.0,11.7,82.0,5.0
2023-12-30 07:00:00,3939.2599999999998,11.7,82.0,10.6,0.0,5.0,11.7,82.0,5.0
2023-12-30 08:00:00,4039.9,11.7,82.0,10.6,0.0,5.0,11.7,82.0,5.0
2023-12-30 09:00:00,4463.84,11.7,82.0,10.6,0.0,5.0,11.7,82.0,5.0
2023-12-30 10:00:00,4315.0,11.7,82.0,10.6,0.0,5.0,11.7,82.0,5.0
2023-12-30 11:00:00,4458.45,11.7,82.0,10.6,0.0,5.0,11.7,82.0,5.0
2023-12-30 12:00:00,4774.73,11.7,82.0,10.6,0.0,5.0,11.7,82.0,5.0
2023-12-30 13:00:00,4591.83,11.7,82.0,10.6,0.0,5.0,11.7,82.0,5.0
2023-12-30 14:00:00,4594.8,11.7,82.0,10.6,0.0,5.0,11.7,82.0,5.0
2023-12-30 15:00:00,4390.8,11.7,82.0,10.6,0.0,5.0,11.7,82.0,5.0
2023-12-30 16:00:00,4401.47,11.7,82.0,10.6,0.0,5.0,11.7,82.0,5.0
2023-12-30 17:00:00,4554.86,11.7,82.0,10.6,0.0,5.0,11.7,82.0,5.0
2023-12-30 18:00:00,4932.04,11.7,82.0,10.6,0.0,5.0,11.7,82.0,5.0
2023-12-30 19:00:00,4879.24,11.7,82.0,10.6,0.0,5.0,11.7,82.0,5.0
2023-12-30 20:00:00,4931.25,11.7,82.0,10.6,0.0,5.0,11.7,82.0,5.0
2023-12-30 21:00:00,4595.56,11.7,82.0,10.6,0.0,5.0,11.7,82.0,5.0
2023-12-30 22:00:00,3988.07,11.7,82.0,10.6,0.0,5.0,11.7,82.0,5.0
2023-12-30 23:00:00,3600.5099999999998,11.7,82.0,10.6,0.0,5.0,11.7,82.0,5.0
2023-12-31 00:00:00,2969.84,11.7,82.0,10.6,0.0,5.0,11.7,82.0,5.0
2023-12-31 01:00:00,3209.84,11.7,82.0,10.6,0.0,5.0,11.7,82.0,5.0
2023-12-31 02:00:00,3171.62,11.7,82.0,10.6,0.0,5.0,11.7,82.0,5.0
2023-12-31 03:00:00,3117.03,11.7,82.0,10.6,0.0,5.0,11.7,82.0,5.0
2023-12-31 04:00:00,3207.6800000000003,11.7,82.0,10.6,0.0,5.0,11.7,82.0,5.0
2023-12-31 05:00:00,3150.36,11.7,82.0,10.6,0.0,5.0,11.7,82.0,5.0
2023-12-31 06:00:00,3467.53,11.7,82.0,10.6,0.0,5.0,11.7,82.0,5.0
2023-12-31 07:00:00,3638.81,11.7,82.0,10.6,0.0,5.0,11.7,82.0,5.0
2023-12-31 08:00:00,3880.3,11.7,82.0,10.6,0.0,5.0,11.7,82.0,5.0
2023-12-31 09:00:00,4187.41,11.7,82.0,10.6,0.0,5.0,11.7,82.0,5.0
2023-12-31 10:00:00,4055.02,11.7,82.0,10.6,0.0,5.0,11.7,82.0,5.0
2023-12-31 11:00:00,4270.6900000000005,11.7,82.0,10.6,0.0,5.0,11.7,82.0,5.0
2023-12-31 12:00:00,4522.27,11.7,82.0,10.6,0.0,5.0,11.7,82.0,5.0
2023-12-31 13:00:00,4334.25,11.7,82.0,10.6,0.0,5.0,11.7,82.0,5.0
2023-12-31 14:00:00,4326.0,11.7,82.0,10.6,0.0,5.0,11.7,82.0,5.0
2023-12-31 15:00:00,4498.35,11.7,82.0,10.6,0.0,5.0,11.7,82.0,5.0
2023-12-31 16:00:00,4123.11,11.7,82.0,10.6,0.0,5.0,11.7,82.0,5.0
2023-12-31 17:00:00,4487.66,11.7,82.0,10.6,0.0,5.0,11.7,82.0,5.0
2023-12-31 18:00:00,4645.05,11.7,82.0,10.6,0.0,5.0,11.7,82.0,5.0
2023-12-31 19:00:00,4744.14,11.7,82.0,10.6,0.0,5.0,11.7,82.0,5.0
2023-12-31 20:00:00,4466.74,11.7,82.0,10.6,0.0,5.0,11.7,82.0,5.0
2023-12-31 21:00:00,4394.09,11.7,82.0,10.6,0.0,5.0,11.7,82.0,5.0
2023-12-31 22:00:00,3870.25,11.7,82.0,10.6,0.0,5.0,11.7,82.0,5.0
2023-12-31 23:00:00,3472.4900000000002,11.7,82.0,10.6,0.0,5.0,11.7,82.0,5.0
