timestamp,solar_generation_mw,renewable_generation_mw
2023-01-01 00:00:00,0.0,53.22
2023-01-01 01:00:00,0.0,43.17
2023-01-01 02:00:00,0.0,55.76
2023-01-01 03:00:00,0.0,50.92
2023-01-01 04:00:00,0.0,32.83
2023-01-01 05:00:00,0.0,59.27
2023-01-01 06:00:00,0.0,53.58
2023-01-01 07:00:00,21.59,65.1
2023-01-01 08:00:00,85.02,142.82
2023-01-01 09:00:00,180.09,234.77
2023-01-01 10:00:00,259.08,295.9
2023-01-01 11:00:00,329.93,361.84
2023-01-01 12:00:00,373.71,422.66
2023-01-01 13:00:00,343.9,384.54
2023-01-01 14:00:00,288.18,344.97
2023-01-01 15:00:00,185.04,220.88
2023-01-01 16:00:00,86.79,118.1
2023-01-01 17:00:00,21.71,72.2
2023-01-01 18:00:00,0.0,59.03
2023-01-01 19:00:00,0.0,39.77
2023-01-01 20:00:00,0.0,41.11
2023-01-01 21:00:00,0.0,44.09
2023-01-01 22:00:00,0.0,35.68
2023-01-01 23:00:00,0.0,33.9
2023-01-02 00:00:00,0.0,44.27
2023-01-02 01:00:00,0.0,36.81
2023-01-02 02:00:00,0.0,50.09
2023-01-02 03:00:00,0.0,43.11
2023-01-02 04:00:00,0.0,54.98
2023-01-02 05:00:00,0.0,51.01
2023-01-02 06:00:00,0.0,54.97
2023-01-02 07:00:00,24.92,66.54
2023-01-02 08:00:00,83.51,133.98
2023-01-02 09:00:00,161.54,197.54
2023-01-02 10:00:00,235.01,288.62
2023-01-02 11:00:00,337.5,388.65
2023-01-02 12:00:00,370.26,414.03
2023-01-02 13:00:00,330.9,365.09
2023-01-02 14:00:00,240.92,290.97
2023-01-02 15:00:00,173.74,220.7
2023-01-02 16:00:00,92.28,141.32
2023-01-02 17:00:00,23.68,70.46
2023-01-02 18:00:00,0.0,30.92
2023-01-02 19:00:00,0.0,43.1
2023-01-02 20:00:00,0.0,36.44
2023-01-02 21:00:00,0.0,42.26
2023-01-02 22:00:00,0.0,55.6
2023-01-02 23:00:00,0.0,37.02
2023-01-03 00:00:00,0.0,31.75
2023-01-03 01:00:00,0.0,38.44
2023-01-03 02:00:00,0.0,38.81
2023-01-03 03:00:00,0.0,49.86
2023-01-03 04:00:00,0.0,46.71
2023-01-03 05:00:00,0.0,53.52
2023-01-03 06:00:00,0.0,42.19
2023-01-03 07:00:00,24.97,59.98
2023-01-03 08:00:00,78.62,111.32
2023-01-03 09:00:00,182.98,226.84
2023-01-03 10:00:00,243.5,288.53
2023-01-03 11:00:00,302.31,353.2
2023-01-03 12:00:00,345.64,387.07
2023-01-03 13:00:00,312.55,361.46
2023-01-03 14:00:00,254.57,287.2
2023-01-03 15:00:00,160.74,219.6
2023-01-03 16:00:00,94.92,145.91
2023-01-03 17:00:00,22.26,81.34
2023-01-03 18:00:00,0.0,51.51
2023-01-03 19:00:00,0.0,43.48
2023-01-03 20:00:00,0.0,38.17
2023-01-03 21:00:00,0.0,32.89
2023-01-03 22:00:00,0.0,57.08
2023-01-03 23:00:00,0.0,43.67
2023-01-04 00:00:00,0.0,36.07
2023-01-04 01:00:00,0.0,39.18
2023-01-04 02:00:00,0.0,47.38
2023-01-04 03:00:00,0.0,35.3
2023-01-04 04:00:00,0.0,55.7
2023-01-04 05:00:00,0.0,52.76
2023-01-04 06:00:00,0.0,42.96
2023-01-04 07:00:00,24.05,71.57
2023-01-04 08:00:00,90.16,122.69
2023-01-04 09:00:00,171.7,202.95
2023-01-04 10:00:00,261.87,301.77
2023-01-04 11:00:00,301.77,334.87
2023-01-04 12:00:00,356.05,391.17
2023-01-04 13:00:00,355.37,402.8
2023-01-04 14:00:00,253.75,301.48
2023-01-04 15:00:00,157.24,216.0
2023-01-04 16:00:00,87.07,140.55
2023-01-04 17:00:00,21.36,65.96
2023-01-04 18:00:00,0.0,58.13
2023-01-04 19:00:00,0.0,47.15
2023-01-04 20:00:00,0.0,44.2
2023-01-04 21:00:00,0.0,38.01
2023-01-04 22:00:00,0.0,39.95
2023-01-04 23:00:00,0.0,45.62
2023-01-05 00:00:00,0.0,43.17
2023-01-05 01:00:00,0.0,30.65
2023-01-05 02:00:00,0.0,54.79
2023-01-05 03:00:00,0.0,56.88
2023-01-05 04:00:00,0.0,34.21
2023-01-05 05:00:00,0.0,46.62
2023-01-05 06:00:00,0.0,50.17
2023-01-05 07:00:00,22.34,72.12
2023-01-05 08:00:00,91.58,144.64
2023-01-05 09:00:00,160.36,217.84
2023-01-05 10:00:00,247.31,278.43
2023-01-05 11:00:00,329.95,371.08
2023-01-05 12:00:00,373.87,428.12
2023-01-05 13:00:00,313.62,372.21
2023-01-05 14:00:00,250.66,296.11
2023-01-05 15:00:00,165.82,223.9
2023-01-05 16:00:00,81.23,112.58
2023-01-05 17:00:00,23.1,82.87
2023-01-05 18:00:00,0.0,52.46
2023-01-05 19:00:00,0.0,56.72
2023-01-05 20:00:00,0.0,56.8
2023-01-05 21:00:00,0.0,45.57
2023-01-05 22:00:00,0.0,39.48
2023-01-05 23:00:00,0.0,53.16
2023-01-06 00:00:00,0.0,49.85
2023-01-06 01:00:00,0.0,41.21
2023-01-06 02:00:00,0.0,32.83
2023-01-06 03:00:00,0.0,52.4
2023-01-06 04:00:00,0.0,37.87
2023-01-06 05:00:00,0.0,58.1
2023-01-06 06:00:00,0.0,33.68
2023-01-06 07:00:00,25.05,59.65
2023-01-06 08:00:00,81.5,129.48
2023-01-06 09:00:00,188.58,224.47
2023-01-06 10:00:00,251.73,305.05
2023-01-06 11:00:00,358.58,403.6
2023-01-06 12:00:00,323.39,353.81
2023-01-06 13:00:00,307.62,341.57
2023-01-06 14:00:00,272.01,305.66
2023-01-06 15:00:00,175.03,225.86
2023-01-06 16:00:00,88.89,124.88
2023-01-06 17:00:00,24.92,76.38
2023-01-06 18:00:00,0.0,33.93
2023-01-06 19:00:00,0.0,33.71
2023-01-06 20:00:00,0.0,57.83
2023-01-06 21:00:00,0.0,41.93
2023-01-06 22:00:00,0.0,39.03
2023-01-06 23:00:00,0.0,44.66
2023-01-07 00:00:00,0.0,49.89
2023-01-07 01:00:00,0.0,58.67
2023-01-07 02:00:00,0.0,38.59
2023-01-07 03:00:00,0.0,57.74
2023-01-07 04:00:00,0.0,30.75
2023-01-07 05:00:00,0.0,46.66
2023-01-07 06:00:00,0.0,33.18
2023-01-07 07:00:00,21.65,64.22
2023-01-07 08:00:00,95.98,143.86
2023-01-07 09:00:00,190.74,244.87
2023-01-07 10:00:00,260.4,313.94
2023-01-07 11:00:00,293.07,326.34
2023-01-07 12:00:00,373.85,427.75
2023-01-07 13:00:00,307.82,353.74
2023-01-07 14:00:00,268.05,324.08
2023-01-07 15:00:00,178.59,220.97
2023-01-07 16:00:00,85.08,127.86
2023-01-07 17:00:00,24.17,80.19
2023-01-07 18:00:00,0.0,37.44
2023-01-07 19:00:00,0.0,37.1
2023-01-07 20:00:00,0.0,52.38
2023-01-07 21:00:00,0.0,54.5
2023-01-07 22:00:00,0.0,33.16
2023-01-07 23:00:00,0.0,32.0
2023-01-08 00:00:00,0.0,47.83
2023-01-08 01:00:00,0.0,34.39
2023-01-08 02:00:00,0.0,54.74
2023-01-08 03:00:00,0.0,39.31
2023-01-08 04:00:00,0.0,34.32
2023-01-08 05:00:00,0.0,57.63
2023-01-08 06:00:00,0.0,38.54
2023-01-08 07:00:00,21.71,55.17
2023-01-08 08:00:00,78.59,110.25
2023-01-08 09:00:00,162.83,194.43
2023-01-08 10:00:00,267.23,317.65
2023-01-08 11:00:00,318.88,358.42
2023-01-08 12:00:00,349.93,406.18
2023-01-08 13:00:00,350.29,381.59
2023-01-08 14:00:00,244.62,281.72
2023-01-08 15:00:00,165.58,212.72
2023-01-08 16:00:00,85.86,117.34
2023-01-08 17:00:00,22.8,68.51
2023-01-08 18:00:00,0.0,55.0
2023-01-08 19:00:00,0.0,31.56
2023-01-08 20:00:00,0.0,57.75
2023-01-08 21:00:00,0.0,32.97
2023-01-08 22:00:00,0.0,55.31
2023-01-08 23:00:00,0.0,57.08
2023-01-09 00:00:00,0.0,59.39
2023-01-09 01:00:00,0.0,54.06
2023-01-09 02:00:00,0.0,53.38
2023-01-09 03:00:00,0.0,49.27
2023-01-09 04:00:00,0.0,53.37
2023-01-09 05:00:00,0.0,34.04
2023-01-09 06:00:00,0.0,45.43
2023-01-09 07:00:00,25.18,69.06
2023-01-09 08:00:00,85.29,134.48
2023-01-09 09:00:00,166.21,200.4
2023-01-09 10:00:00,260.98,303.49
2023-01-09 11:00:00,307.82,348.85
2023-01-09 12:00:00,339.77,379.59
2023-01-09 13:00:00,317.9,368.47
2023-01-09 14:00:00,250.99,309.46
2023-01-09 15:00:00,190.12,234.55
2023-01-09 16:00:00,84.24,130.3
2023-01-09 17:00:00,25.14,74.72
2023-01-09 18:00:00,0.0,45.98
2023-01-09 19:00:00,0.0,48.99
2023-01-09 20:00:00,0.0,38.64
2023-01-09 21:00:00,0.0,52.05
2023-01-09 22:00:00,0.0,36.07
2023-01-09 23:00:00,0.0,50.84
2023-01-10 00:00:00,0.0,55.82
2023-01-10 01:00:00,0.0,33.96
2023-01-10 02:00:00,0.0,48.43
2023-01-10 03:00:00,0.0,32.85
2023-01-10 04:00:00,0.0,51.77
2023-01-10 05:00:00,0.0,32.53
2023-01-10 06:00:00,0.0,34.12
2023-01-10 07:00:00,25.68,79.71
2023-01-10 08:00:00,89.12,142.6
2023-01-10 09:00:00,185.66,244.04
2023-01-10 10:00:00,248.59,296.29
2023-01-10 11:00:00,298.37,346.85
2023-01-10 12:00:00,325.41,372.36
2023-01-10 13:00:00,331.16,375.14
2023-01-10 14:00:00,263.45,316.37
2023-01-10 15:00:00,185.81,230.57
2023-01-10 16:00:00,89.23,147.17
2023-01-10 17:00:00,21.54,55.05
2023-01-10 18:00:00,0.0,49.74
2023-01-10 19:00:00,0.0,42.56
2023-01-10 20:00:00,0.0,53.23
2023-01-10 21:00:00,0.0,50.14
2023-01-10 22:00:00,0.0,40.01
2023-01-10 23:00:00,0.0,56.95
2023-01-11 00:00:00,0.0,52.88
2023-01-11 01:00:00,0.0,38.12
2023-01-11 02:00:00,0.0,40.93
2023-01-11 03:00:00,0.0,39.43
2023-01-11 04:00:00,0.0,34.73
2023-01-11 05:00:00,0.0,34.43
2023-01-11 06:00:00,0.0,43.14
2023-01-11 07:00:00,22.84,74.73
2023-01-11 08:00:00,88.38,146.46
2023-01-11 09:00:00,185.12,229.5
2023-01-11 10:00:00,255.38,314.98
2023-01-11 11:00:00,341.13,399.67
2023-01-11 12:00:00,321.52,377.04
2023-01-11 13:00:00,335.59,369.25
2023-01-11 14:00:00,267.07,317.65
2023-01-11 15:00:00,156.85,200.48
2023-01-11 16:00:00,93.39,132.25
2023-01-11 17:00:00,23.21,66.48
2023-01-11 18:00:00,0.0,57.55
2023-01-11 19:00:00,0.0,53.44
2023-01-11 20:00:00,0.0,33.32
2023-01-11 21:00:00,0.0,59.91
2023-01-11 22:00:00,0.0,56.38
2023-01-11 23:00:00,0.0,38.52
2023-01-12 00:00:00,0.0,55.11
2023-01-12 01:00:00,0.0,33.19
2023-01-12 02:00:00,0.0,59.97
2023-01-12 03:00:00,0.0,49.97
2023-01-12 04:00:00,0.0,49.5
2023-01-12 05:00:00,0.0,32.71
2023-01-12 06:00:00,0.0,30.87
2023-01-12 07:00:00,22.14,56.43
2023-01-12 08:00:00,92.49,128.44
2023-01-12 09:00:00,189.91,239.6
2023-01-12 10:00:00,236.6,266.76
2023-01-12 11:00:00,295.39,343.57
2023-01-12 12:00:00,371.79,408.95
2023-01-12 13:00:00,350.18,381.9
2023-01-12 14:00:00,278.81,336.64
2023-01-12 15:00:00,184.81,235.75
2023-01-12 16:00:00,93.62,124.82
2023-01-12 17:00:00,21.95,55.7
2023-01-12 18:00:00,0.0,52.36
2023-01-12 19:00:00,0.0,48.9
2023-01-12 20:00:00,0.0,55.53
2023-01-12 21:00:00,0.0,34.66
2023-01-12 22:00:00,0.0,52.04
2023-01-12 23:00:00,0.0,35.79
2023-01-13 00:00:00,0.0,38.12
2023-01-13 01:00:00,0.0,51.3
2023-01-13 02:00:00,0.0,59.41
2023-01-13 03:00:00,0.0,48.35
2023-01-13 04:00:00,0.0,31.64
2023-01-13 05:00:00,0.0,48.49
2023-01-13 06:00:00,0.0,56.52
2023-01-13 07:00:00,24.45,59.64
2023-01-13 08:00:00,79.89,115.4
2023-01-13 09:00:00,192.47,236.23
2023-01-13 10:00:00,277.88,326.97
2023-01-13 11:00:00,331.15,365.5
2023-01-13 12:00:00,382.43,421.47
2023-01-13 13:00:00,331.54,382.53
2023-01-13 14:00:00,270.44,328.66
2023-01-13 15:00:00,161.86,207.11
2023-01-13 16:00:00,85.63,129.86
2023-01-13 17:00:00,21.54,55.56
2023-01-13 18:00:00,0.0,39.14
2023-01-13 19:00:00,0.0,42.84
2023-01-13 20:00:00,0.0,48.33
2023-01-13 21:00:00,0.0,49.04
2023-01-13 22:00:00,0.0,42.35
2023-01-13 23:00:00,0.0,42.26
2023-01-14 00:00:00,0.0,36.53
2023-01-14 01:00:00,0.0,47.65
2023-01-14 02:00:00,0.0,39.51
2023-01-14 03:00:00,0.0,31.08
2023-01-14 04:00:00,0.0,42.55
2023-01-14 05:00:00,0.0,44.22
2023-01-14 06:00:00,0.0,47.17
2023-01-14 07:00:00,23.74,74.8
2023-01-14 08:00:00,90.12,139.69
2023-01-14 09:00:00,168.04,221.66
2023-01-14 10:00:00,264.91,307.85
2023-01-14 11:00:00,334.83,375.65
2023-01-14 12:00:00,350.54,402.64
2023-01-14 13:00:00,352.72,410.35
2023-01-14 14:00:00,262.4,308.01
2023-01-14 15:00:00,185.84,225.27
2023-01-14 16:00:00,93.61,138.43
2023-01-14 17:00:00,21.52,53.68
2023-01-14 18:00:00,0.0,31.67
2023-01-14 19:00:00,0.0,38.42
2023-01-14 20:00:00,0.0,40.02
2023-01-14 21:00:00,0.0,35.19
2023-01-14 22:00:00,0.0,39.42
2023-01-14 23:00:00,0.0,52.28
2023-01-15 00:00:00,0.0,30.44
2023-01-15 01:00:00,0.0,54.82
2023-01-15 02:00:00,0.0,55.7
2023-01-15 03:00:00,0.0,41.17
2023-01-15 04:00:00,0.0,34.61
2023-01-15 05:00:00,0.0,48.03
2023-01-15 06:00:00,0.0,40.95
2023-01-15 07:00:00,25.68,85.54
2023-01-15 08:00:00,92.41,131.74
2023-01-15 09:00:00,181.71,232.87
2023-01-15 10:00:00,256.01,305.24
2023-01-15 11:00:00,292.58,328.85
2023-01-15 12:00:00,351.45,386.36
2023-01-15 13:00:00,303.24,358.33
2023-01-15 14:00:00,289.2,335.88
2023-01-15 15:00:00,187.28,246.99
2023-01-15 16:00:00,80.81,124.26
2023-01-15 17:00:00,22.89,55.29
2023-01-15 18:00:00,0.0,43.01
2023-01-15 19:00:00,0.0,44.08
2023-01-15 20:00:00,0.0,34.52
2023-01-15 21:00:00,0.0,35.43
2023-01-15 22:00:00,0.0,57.21
2023-01-15 23:00:00,0.0,31.34
2023-01-16 00:00:00,0.0,36.99
2023-01-16 01:00:00,0.0,38.76
2023-01-16 02:00:00,0.0,44.71
2023-01-16 03:00:00,0.0,47.59
2023-01-16 04:00:00,0.0,44.8
2023-01-16 05:00:00,0.0,32.52
2023-01-16 06:00:00,0.0,55.31
2023-01-16 07:00:00,24.1,73.57
2023-01-16 08:00:00,90.53,143.42
2023-01-16 09:00:00,158.54,199.54
2023-01-16 10:00:00,264.38,304.53
2023-01-16 11:00:00,349.84,394.32
2023-01-16 12:00:00,369.37,424.93
2023-01-16 13:00:00,326.51,383.8
2023-01-16 14:00:00,267.01,322.52
2023-01-16 15:00:00,168.93,213.89
2023-01-16 16:00:00,87.98,121.13
2023-01-16 17:00:00,22.92,80.44
2023-01-16 18:00:00,0.0,35.33
2023-01-16 19:00:00,0.0,40.17
2023-01-16 20:00:00,0.0,35.75
2023-01-16 21:00:00,0.0,30.74
2023-01-16 22:00:00,0.0,57.82
2023-01-16 23:00:00,0.0,43.45
2023-01-17 00:00:00,0.0,39.23
2023-01-17 01:00:00,0.0,47.95
2023-01-17 02:00:00,0.0,30.22
2023-01-17 03:00:00,0.0,38.34
2023-01-17 04:00:00,0.0,51.09
2023-01-17 05:00:00,0.0,49.01
2023-01-17 06:00:00,0.0,48.61
2023-01-17 07:00:00,23.31,76.15
2023-01-17 08:00:00,94.82,146.44
2023-01-17 09:00:00,191.85,245.31
2023-01-17 10:00:00,282.45,315.87
2023-01-17 11:00:00,342.14,385.34
2023-01-17 12:00:00,353.51,403.13
2023-01-17 13:00:00,358.44,417.98
2023-01-17 14:00:00,250.51,302.52
2023-01-17 15:00:00,184.0,224.39
2023-01-17 16:00:00,80.48,111.71
2023-01-17 17:00:00,24.79,69.48
2023-01-17 18:00:00,0.0,43.95
2023-01-17 19:00:00,0.0,59.34
2023-01-17 20:00:00,0.0,42.35
2023-01-17 21:00:00,0.0,53.81
2023-01-17 22:00:00,0.0,32.54
2023-01-17 23:00:00,0.0,46.66
2023-01-18 00:00:00,0.0,54.06
2023-01-18 01:00:00,0.0,57.74
2023-01-18 02:00:00,0.0,54.68
2023-01-18 03:00:00,0.0,31.11
2023-01-18 04:00:00,0.0,41.18
2023-01-18 05:00:00,0.0,31.46
2023-01-18 06:00:00,0.0,50.26
2023-01-18 07:00:00,24.47,77.68
2023-01-18 08:00:00,94.12,146.3
2023-01-18 09:00:00,185.87,217.34
2023-01-18 10:00:00,247.55,296.21
2023-01-18 11:00:00,350.77,380.91
2023-01-18 12:00:00,350.68,401.0
2023-01-18 13:00:00,293.88,335.92
2023-01-18 14:00:00,284.04,334.19
2023-01-18 15:00:00,165.15,220.73
2023-01-18 16:00:00,84.6,140.2
2023-01-18 17:00:00,22.43,70.14
2023-01-18 18:00:00,0.0,38.24
2023-01-18 19:00:00,0.0,56.6
2023-01-18 20:00:00,0.0,35.63
2023-01-18 21:00:00,0.0,32.54
2023-01-18 22:00:00,0.0,40.26
2023-01-18 23:00:00,0.0,51.53
2023-01-19 00:00:00,0.0,54.22
2023-01-19 01:00:00,0.0,59.96
2023-01-19 02:00:00,0.0,38.89
2023-01-19 03:00:00,0.0,42.24
2023-01-19 04:00:00,0.0,34.1
2023-01-19 05:00:00,0.0,47.25
2023-01-19 06:00:00,0.0,51.03
2023-01-19 07:00:00,23.89,65.66
2023-01-19 08:00:00,95.04,139.95
2023-01-19 09:00:00,161.34,202.3
2023-01-19 10:00:00,238.31,274.37
2023-01-19 11:00:00,293.06,336.66
2023-01-19 12:00:00,359.5,399.8
2023-01-19 13:00:00,320.71,379.49
2023-01-19 14:00:00,276.11,322.34
2023-01-19 15:00:00,166.87,223.78
2023-01-19 16:00:00,82.53,122.29
2023-01-19 17:00:00,25.44,71.33
2023-01-19 18:00:00,0.0,47.72
2023-01-19 19:00:00,0.0,49.6
2023-01-19 20:00:00,0.0,38.98
2023-01-19 21:00:00,0.0,37.24
2023-01-19 22:00:00,0.0,39.67
2023-01-19 23:00:00,0.0,34.66
2023-01-20 00:00:00,0.0,56.23
2023-01-20 01:00:00,0.0,38.5
2023-01-20 02:00:00,0.0,46.84
2023-01-20 03:00:00,0.0,53.76
2023-01-20 04:00:00,0.0,53.51
2023-01-20 05:00:00,0.0,43.15
2023-01-20 06:00:00,0.0,59.84
2023-01-20 07:00:00,24.28,78.72
2023-01-20 08:00:00,94.81,148.44
2023-01-20 09:00:00,163.21,210.08
2023-01-20 10:00:00,240.22,289.81
2023-01-20 11:00:00,357.45,402.83
2023-01-20 12:00:00,344.67,375.75
2023-01-20 13:00:00,357.75,390.84
2023-01-20 14:00:00,236.87,274.25
2023-01-20 15:00:00,158.81,202.46
2023-01-20 16:00:00,87.7,127.08
2023-01-20 17:00:00,21.2,54.55
2023-01-20 18:00:00,0.0,31.82
2023-01-20 19:00:00,0.0,50.95
2023-01-20 20:00:00,0.0,36.21
2023-01-20 21:00:00,0.0,39.06
2023-01-20 22:00:00,0.0,41.82
2023-01-20 23:00:00,0.0,42.5
2023-01-21 00:00:00,0.0,30.05
2023-01-21 01:00:00,0.0,33.36
2023-01-21 02:00:00,0.0,55.88
2023-01-21 03:00:00,0.0,30.04
2023-01-21 04:00:00,0.0,45.25
2023-01-21 05:00:00,0.0,44.69
2023-01-21 06:00:00,0.0,42.94
2023-01-21 07:00:00,24.8,80.04
2023-01-21 08:00:00,82.99,122.66
2023-01-21 09:00:00,165.32,209.72
2023-01-21 10:00:00,272.32,309.17
2023-01-21 11:00:00,314.56,372.47
2023-01-21 12:00:00,316.37,360.19
2023-01-21 13:00:00,340.71,375.22
2023-01-21 14:00:00,237.22,271.37
2023-01-21 15:00:00,190.21,220.49
2023-01-21 16:00:00,81.67,112.61
2023-01-21 17:00:00,21.5,70.1
2023-01-21 18:00:00,0.0,47.08
2023-01-21 19:00:00,0.0,47.71
2023-01-21 20:00:00,0.0,55.48
2023-01-21 21:00:00,0.0,30.14
2023-01-21 22:00:00,0.0,55.6
2023-01-21 23:00:00,0.0,48.57
2023-01-22 00:00:00,0.0,34.88
2023-01-22 01:00:00,0.0,53.19
2023-01-22 02:00:00,0.0,55.66
2023-01-22 03:00:00,0.0,37.63
2023-01-22 04:00:00,0.0,57.56
2023-01-22 05:00:00,0.0,43.63
2023-01-22 06:00:00,0.0,59.54
2023-01-22 07:00:00,22.74,77.13
2023-01-22 08:00:00,84.06,138.04
2023-01-22 09:00:00,178.51,215.0
2023-01-22 10:00:00,257.45,296.98
2023-01-22 11:00:00,297.21,328.11
2023-01-22 12:00:00,338.3,368.87
2023-01-22 13:00:00,303.21,354.97
2023-01-22 14:00:00,273.69,325.85
2023-01-22 15:00:00,168.07,224.77
2023-01-22 16:00:00,89.13,122.91
2023-01-22 17:00:00,21.66,72.45
2023-01-22 18:00:00,0.0,45.22
2023-01-22 19:00:00,0.0,59.75
2023-01-22 20:00:00,0.0,30.12
2023-01-22 21:00:00,0.0,30.5
2023-01-22 22:00:00,0.0,59.79
2023-01-22 23:00:00,0.0,47.54
2023-01-23 00:00:00,0.0,33.81
2023-01-23 01:00:00,0.0,56.92
2023-01-23 02:00:00,0.0,56.41
2023-01-23 03:00:00,0.0,46.09
2023-01-23 04:00:00,0.0,48.65
2023-01-23 05:00:00,0.0,38.2
2023-01-23 06:00:00,0.0,47.84
2023-01-23 07:00:00,22.41,72.32
2023-01-23 08:00:00,93.59,124.13
2023-01-23 09:00:00,178.32,215.26
2023-01-23 10:00:00,282.84,320.45
2023-01-23 11:00:00,333.79,380.4
2023-01-23 12:00:00,341.96,392.29
2023-01-23 13:00:00,341.68,388.69
2023-01-23 14:00:00,276.46,335.96
2023-01-23 15:00:00,171.83,217.27
2023-01-23 16:00:00,78.43,132.31
2023-01-23 17:00:00,23.52,65.76
2023-01-23 18:00:00,0.0,56.69
2023-01-23 19:00:00,0.0,41.85
2023-01-23 20:00:00,0.0,50.48
2023-01-23 21:00:00,0.0,34.48
2023-01-23 22:00:00,0.0,58.85
2023-01-23 23:00:00,0.0,35.35
2023-01-24 00:00:00,0.0,35.99
2023-01-24 01:00:00,0.0,55.77
2023-01-24 02:00:00,0.0,57.38
2023-01-24 03:00:00,0.0,36.36
2023-01-24 04:00:00,0.0,44.09
2023-01-24 05:00:00,0.0,52.0
2023-01-24 06:00:00,0.0,41.37
2023-01-24 07:00:00,23.5,75.75
2023-01-24 08:00:00,91.65,145.14
2023-01-24 09:00:00,177.37,210.51
2023-01-24 10:00:00,284.5,340.47
2023-01-24 11:00:00,346.65,379.65
2023-01-24 12:00:00,327.84,380.15
2023-01-24 13:00:00,293.44,352.82
2023-01-24 14:00:00,255.42,307.0
2023-01-24 15:00:00,189.06,230.9
2023-01-24 16:00:00,84.07,132.33
2023-01-24 17:00:00,23.82,66.09
2023-01-24 18:00:00,0.0,58.06
2023-01-24 19:00:00,0.0,44.03
2023-01-24 20:00:00,0.0,35.9
2023-01-24 21:00:00,0.0,41.32
2023-01-24 22:00:00,0.0,41.82
2023-01-24 23:00:00,0.0,33.93
2023-01-25 00:00:00,0.0,34.89
2023-01-25 01:00:00,0.0,50.54
2023-01-25 02:00:00,0.0,40.18
2023-01-25 03:00:00,0.0,58.65
2023-01-25 04:00:00,0.0,37.31
2023-01-25 05:00:00,0.0,32.97
2023-01-25 06:00:00,0.0,56.43
2023-01-25 07:00:00,22.32,58.38
2023-01-25 08:00:00,81.62,127.28
2023-01-25 09:00:00,173.64,211.42
2023-01-25 10:00:00,237.09,281.53
2023-01-25 11:00:00,357.72,407.3
2023-01-25 12:00:00,349.27,382.59
2023-01-25 13:00:00,309.18,348.02
2023-01-25 14:00:00,276.82,333.12
2023-01-25 15:00:00,189.58,249.12
2023-01-25 16:00:00,96.28,154.87
2023-01-25 17:00:00,21.31,55.44
2023-01-25 18:00:00,0.0,46.59
2023-01-25 19:00:00,0.0,32.91
2023-01-25 20:00:00,0.0,55.37
2023-01-25 21:00:00,0.0,48.5
2023-01-25 22:00:00,0.0,46.27
2023-01-25 23:00:00,0.0,34.96
2023-01-26 00:00:00,0.0,37.6
2023-01-26 01:00:00,0.0,34.81
2023-01-26 02:00:00,0.0,55.56
2023-01-26 03:00:00,0.0,47.53
2023-01-26 04:00:00,0.0,52.05
2023-01-26 05:00:00,0.0,38.88
2023-01-26 06:00:00,0.0,42.15
2023-01-26 07:00:00,24.7,77.87
2023-01-26 08:00:00,82.01,140.26
2023-01-26 09:00:00,160.84,217.72
2023-01-26 10:00:00,240.14,278.08
2023-01-26 11:00:00,349.97,385.35
2023-01-26 12:00:00,343.24,386.74
2023-01-26 13:00:00,308.69,360.0
2023-01-26 14:00:00,281.59,337.83
2023-01-26 15:00:00,168.89,214.82
2023-01-26 16:00:00,82.77,120.11
2023-01-26 17:00:00,21.75,79.95
2023-01-26 18:00:00,0.0,53.32
2023-01-26 19:00:00,0.0,45.53
2023-01-26 20:00:00,0.0,44.72
2023-01-26 21:00:00,0.0,45.89
2023-01-26 22:00:00,0.0,46.1
2023-01-26 23:00:00,0.0,43.04
2023-01-27 00:00:00,0.0,33.95
2023-01-27 01:00:00,0.0,33.77
2023-01-27 02:00:00,0.0,58.57
2023-01-27 03:00:00,0.0,44.46
2023-01-27 04:00:00,0.0,58.6
2023-01-27 05:00:00,0.0,34.91
2023-01-27 06:00:00,0.0,36.23
2023-01-27 07:00:00,22.2,53.1
2023-01-27 08:00:00,80.39,137.9
2023-01-27 09:00:00,168.23,216.47
2023-01-27 10:00:00,260.27,302.28
2023-01-27 11:00:00,328.37,363.99
2023-01-27 12:00:00,385.56,440.11
2023-01-27 13:00:00,342.77,386.83
2023-01-27 14:00:00,243.04,300.66
2023-01-27 15:00:00,168.96,200.46
2023-01-27 16:00:00,84.5,138.33
2023-01-27 17:00:00,24.02,76.55
2023-01-27 18:00:00,0.0,36.36
2023-01-27 19:00:00,0.0,57.71
2023-01-27 20:00:00,0.0,43.14
2023-01-27 21:00:00,0.0,49.17
2023-01-27 22:00:00,0.0,30.07
2023-01-27 23:00:00,0.0,59.8
2023-01-28 00:00:00,0.0,38.43
2023-01-28 01:00:00,0.0,31.86
2023-01-28 02:00:00,0.0,43.75
2023-01-28 03:00:00,0.0,33.87
2023-01-28 04:00:00,0.0,34.57
2023-01-28 05:00:00,0.0,48.97
2023-01-28 06:00:00,0.0,57.66
2023-01-28 07:00:00,22.53,74.32
2023-01-28 08:00:00,86.68,136.48
2023-01-28 09:00:00,178.47,222.65
2023-01-28 10:00:00,287.04,327.32
2023-01-28 11:00:00,304.02,354.36
2023-01-28 12:00:00,375.07,406.28
2023-01-28 13:00:00,322.72,379.49
2023-01-28 14:00:00,275.98,335.73
2023-01-28 15:00:00,175.96,225.76
2023-01-28 16:00:00,83.77,142.2
2023-01-28 17:00:00,22.76,74.92
2023-01-28 18:00:00,0.0,46.85
2023-01-28 19:00:00,0.0,51.59
2023-01-28 20:00:00,0.0,45.27
2023-01-28 21:00:00,0.0,57.21
2023-01-28 22:00:00,0.0,42.58
2023-01-28 23:00:00,0.0,49.41
2023-01-29 00:00:00,0.0,40.27
2023-01-29 01:00:00,0.0,42.24
2023-01-29 02:00:00,0.0,43.2
2023-01-29 03:00:00,0.0,33.77
2023-01-29 04:00:00,0.0,32.75
2023-01-29 05:00:00,0.0,50.02
2023-01-29 06:00:00,0.0,49.89
2023-01-29 07:00:00,21.05,60.85
2023-01-29 08:00:00,81.84,135.18
2023-01-29 09:00:00,188.07,225.47
2023-01-29 10:00:00,271.47,305.35
2023-01-29 11:00:00,310.74,344.9
2023-01-29 12:00:00,333.67,383.91
2023-01-29 13:00:00,354.36,390.44
2023-01-29 14:00:00,264.52,315.56
2023-01-29 15:00:00,191.47,239.77
2023-01-29 16:00:00,82.89,131.65
2023-01-29 17:00:00,22.53,81.81
2023-01-29 18:00:00,0.0,50.56
2023-01-29 19:00:00,0.0,30.7
2023-01-29 20:00:00,0.0,42.0
2023-01-29 21:00:00,0.0,56.25
2023-01-29 22:00:00,0.0,48.31
2023-01-29 23:00:00,0.0,43.32
2023-01-30 00:00:00,0.0,58.08
2023-01-30 01:00:00,0.0,55.62
2023-01-30 02:00:00,0.0,39.67
2023-01-30 03:00:00,0.0,46.34
2023-01-30 04:00:00,0.0,44.69
2023-01-30 05:00:00,0.0,48.97
2023-01-30 06:00:00,0.0,37.33
2023-01-30 07:00:00,25.45,83.17
2023-01-30 08:00:00,93.72,153.07
2023-01-30 09:00:00,183.82,236.76
2023-01-30 10:00:00,276.69,321.11
2023-01-30 11:00:00,323.19,360.4
2023-01-30 12:00:00,360.26,398.94
2023-01-30 13:00:00,309.55,357.13
2023-01-30 14:00:00,257.23,293.8
2023-01-30 15:00:00,186.43,242.25
2023-01-30 16:00:00,81.29,111.52
2023-01-30 17:00:00,22.61,76.54
2023-01-30 18:00:00,0.0,34.15
2023-01-30 19:00:00,0.0,53.23
2023-01-30 20:00:00,0.0,33.47
2023-01-30 21:00:00,0.0,41.7
2023-01-30 22:00:00,0.0,59.96
2023-01-30 23:00:00,0.0,35.78
2023-01-31 00:00:00,0.0,34.62
2023-01-31 01:00:00,0.0,42.68
2023-01-31 02:00:00,0.0,48.59
2023-01-31 03:00:00,0.0,57.99
2023-01-31 04:00:00,0.0,59.42
2023-01-31 05:00:00,0.0,32.09
2023-01-31 06:00:00,0.0,53.72
2023-01-31 07:00:00,22.29,78.84
2023-01-31 08:00:00,90.41,123.77
2023-01-31 09:00:00,187.04,222.33
2023-01-31 10:00:00,257.98,304.55
2023-01-31 11:00:00,326.23,376.81
2023-01-31 12:00:00,360.84,420.6
2023-01-31 13:00:00,360.48,405.97
2023-01-31 14:00:00,239.85,291.69
2023-01-31 15:00:00,192.34,231.89
2023-01-31 16:00:00,86.69,129.43
2023-01-31 17:00:00,21.21,71.38
2023-01-31 18:00:00,0.0,53.62
2023-01-31 19:00:00,0.0,54.96
2023-01-31 20:00:00,0.0,54.64
2023-01-31 21:00:00,0.0,42.5
2023-01-31 22:00:00,0.0,39.65
2023-01-31 23:00:00,0.0,52.46
2023-02-01 00:00:00,0.0,54.04
2023-02-01 01:00:00,0.0,44.74
2023-02-01 02:00:00,0.0,56.79
2023-02-01 03:00:00,0.0,34.32
2023-02-01 04:00:00,0.0,56.37
2023-02-01 05:00:00,0.0,32.88
2023-02-01 06:00:00,0.0,46.02
2023-02-01 07:00:00,21.29,52.87
2023-02-01 08:00:00,78.21,121.3
2023-02-01 09:00:00,184.91,215.96
2023-02-01 10:00:00,270.6,325.29
2023-02-01 11:00:00,303.38,337.79
2023-02-01 12:00:00,376.15,430.84
2023-02-01 13:00:00,328.86,383.44
2023-02-01 14:00:00,239.72,281.55
2023-02-01 15:00:00,183.55,221.27
2023-02-01 16:00:00,92.04,137.17
2023-02-01 17:00:00,24.65,68.59
2023-02-01 18:00:00,0.0,36.58
2023-02-01 19:00:00,0.0,36.25
2023-02-01 20:00:00,0.0,52.54
2023-02-01 21:00:00,0.0,33.57
2023-02-01 22:00:00,0.0,32.58
2023-02-01 23:00:00,0.0,35.29
2023-02-02 00:00:00,0.0,35.26
2023-02-02 01:00:00,0.0,54.69
2023-02-02 02:00:00,0.0,41.96
2023-02-02 03:00:00,0.0,59.71
2023-02-02 04:00:00,0.0,34.12
2023-02-02 05:00:00,0.0,49.61
2023-02-02 06:00:00,0.0,41.79
2023-02-02 07:00:00,25.27,84.54
2023-02-02 08:00:00,94.26,130.03
2023-02-02 09:00:00,164.53,214.21
2023-02-02 10:00:00,250.56,302.6
2023-02-02 11:00:00,330.74,377.27
2023-02-02 12:00:00,373.78,425.1
2023-02-02 13:00:00,293.67,325.15
2023-02-02 14:00:00,267.81,312.4
2023-02-02 15:00:00,165.97,208.53
2023-02-02 16:00:00,92.15,146.95
2023-02-02 17:00:00,23.72,65.28
2023-02-02 18:00:00,0.0,45.66
2023-02-02 19:00:00,0.0,39.44
2023-02-02 20:00:00,0.0,46.92
2023-02-02 21:00:00,0.0,50.3
2023-02-02 22:00:00,0.0,31.98
2023-02-02 23:00:00,0.0,30.03
2023-02-03 00:00:00,0.0,36.37
2023-02-03 01:00:00,0.0,56.84
2023-02-03 02:00:00,0.0,49.39
2023-02-03 03:00:00,0.0,35.16
2023-02-03 04:00:00,0.0,56.71
2023-02-03 05:00:00,0.0,44.1
2023-02-03 06:00:00,0.0,58.07
2023-02-03 07:00:00,21.25,57.71
2023-02-03 08:00:00,88.98,124.84
2023-02-03 09:00:00,181.41,217.83
2023-02-03 10:00:00,240.07,276.28
2023-02-03 11:00:00,320.88,356.16
2023-02-03 12:00:00,322.71,378.52
2023-02-03 13:00:00,313.85,354.67
2023-02-03 14:00:00,237.65,278.37
2023-02-03 15:00:00,166.14,214.45
2023-02-03 16:00:00,81.98,138.63
2023-02-03 17:00:00,25.54,58.53
2023-02-03 18:00:00,0.0,33.46
2023-02-03 19:00:00,0.0,48.59
2023-02-03 20:00:00,0.0,33.66
2023-02-03 21:00:00,0.0,55.57
2023-02-03 22:00:00,0.0,52.63
2023-02-03 23:00:00,0.0,54.59
2023-02-04 00:00:00,0.0,45.78
2023-02-04 01:00:00,0.0,59.9
2023-02-04 02:00:00,0.0,31.33
2023-02-04 03:00:00,0.0,42.04
2023-02-04 04:00:00,0.0,39.72
2023-02-04 05:00:00,0.0,58.46
2023-02-04 06:00:00,0.0,54.19
2023-02-04 07:00:00,21.79,81.15
2023-02-04 08:00:00,87.37,132.18
2023-02-04 09:00:00,192.13,233.55
2023-02-04 10:00:00,256.54,304.08
2023-02-04 11:00:00,300.64,340.27
2023-02-04 12:00:00,327.02,360.12
2023-02-04 13:00:00,351.32,399.0
2023-02-04 14:00:00,254.4,296.66
2023-02-04 15:00:00,172.28,221.27
2023-02-04 16:00:00,95.25,153.23
2023-02-04 17:00:00,22.88,62.76
2023-02-04 18:00:00,0.0,47.04
2023-02-04 19:00:00,0.0,43.85
2023-02-04 20:00:00,0.0,49.76
2023-02-04 21:00:00,0.0,46.63
2023-02-04 22:00:00,0.0,39.62
2023-02-04 23:00:00,0.0,40.37
2023-02-05 00:00:00,0.0,41.36
2023-02-05 01:00:00,0.0,32.84
2023-02-05 02:00:00,0.0,34.98
2023-02-05 03:00:00,0.0,51.69
2023-02-05 04:00:00,0.0,41.67
2023-02-05 05:00:00,0.0,36.44
2023-02-05 06:00:00,0.0,52.67
2023-02-05 07:00:00,22.22,77.02
2023-02-05 08:00:00,95.27,143.19
2023-02-05 09:00:00,181.02,212.6
2023-02-05 10:00:00,286.79,328.56
2023-02-05 11:00:00,355.29,402.66
2023-02-05 12:00:00,313.14,344.3
2023-02-05 13:00:00,338.57,385.45
2023-02-05 14:00:00,236.06,288.36
2023-02-05 15:00:00,187.76,232.65
2023-02-05 16:00:00,86.77,116.93
2023-02-05 17:00:00,24.83,64.75
2023-02-05 18:00:00,0.0,41.19
2023-02-05 19:00:00,0.0,46.95
2023-02-05 20:00:00,0.0,38.11
2023-02-05 21:00:00,0.0,34.82
2023-02-05 22:00:00,0.0,53.25
2023-02-05 23:00:00,0.0,44.9
2023-02-06 00:00:00,0.0,46.09
2023-02-06 01:00:00,0.0,58.96
2023-02-06 02:00:00,0.0,58.91
2023-02-06 03:00:00,0.0,55.67
2023-02-06 04:00:00,0.0,35.63
2023-02-06 05:00:00,0.0,47.83
2023-02-06 06:00:00,0.0,41.23
2023-02-06 07:00:00,21.45,75.78
2023-02-06 08:00:00,87.06,133.99
2023-02-06 09:00:00,192.54,240.76
2023-02-06 10:00:00,258.06,299.16
2023-02-06 11:00:00,320.52,354.07
2023-02-06 12:00:00,371.29,426.42
2023-02-06 13:00:00,311.38,350.49
2023-02-06 14:00:00,282.86,313.58
2023-02-06 15:00:00,175.55,219.46
2023-02-06 16:00:00,90.9,125.8
2023-02-06 17:00:00,24.25,65.55
2023-02-06 18:00:00,0.0,31.2
2023-02-06 19:00:00,0.0,43.85
2023-02-06 20:00:00,0.0,45.67
2023-02-06 21:00:00,0.0,36.43
2023-02-06 22:00:00,0.0,34.19
2023-02-06 23:00:00,0.0,35.65
2023-02-07 00:00:00,0.0,40.32
2023-02-07 01:00:00,0.0,32.9
2023-02-07 02:00:00,0.0,58.42
2023-02-07 03:00:00,0.0,42.15
2023-02-07 04:00:00,0.0,54.27
2023-02-07 05:00:00,0.0,59.23
2023-02-07 06:00:00,0.0,49.55
2023-02-07 07:00:00,25.25,74.28
2023-02-07 08:00:00,86.09,129.02
2023-02-07 09:00:00,157.72,203.76
2023-02-07 10:00:00,289.44,348.2
2023-02-07 11:00:00,294.62,345.79
2023-02-07 12:00:00,335.01,392.1
2023-02-07 13:00:00,294.94,353.02
2023-02-07 14:00:00,280.83,314.36
2023-02-07 15:00:00,158.6,213.64
2023-02-07 16:00:00,81.07,127.12
2023-02-07 17:00:00,25.47,72.49
2023-02-07 18:00:00,0.0,43.35
2023-02-07 19:00:00,0.0,31.89
2023-02-07 20:00:00,0.0,59.06
2023-02-07 21:00:00,0.0,39.32
2023-02-07 22:00:00,0.0,35.68
2023-02-07 23:00:00,0.0,38.58
2023-02-08 00:00:00,0.0,58.93
2023-02-08 01:00:00,0.0,32.83
2023-02-08 02:00:00,0.0,56.02
2023-02-08 03:00:00,0.0,51.24
2023-02-08 04:00:00,0.0,54.9
2023-02-08 05:00:00,0.0,59.28
2023-02-08 06:00:00,0.0,58.3
2023-02-08 07:00:00,21.58,75.45
2023-02-08 08:00:00,88.24,134.54
2023-02-08 09:00:00,189.48,248.63
2023-02-08 10:00:00,273.51,318.0
2023-02-08 11:00:00,323.19,364.78
2023-02-08 12:00:00,339.41,381.16
2023-02-08 13:00:00,298.01,330.33
2023-02-08 14:00:00,277.65,321.03
2023-02-08 15:00:00,190.65,239.02
2023-02-08 16:00:00,78.85,113.58
2023-02-08 17:00:00,21.97,81.24
2023-02-08 18:00:00,0.0,45.47
2023-02-08 19:00:00,0.0,58.09
2023-02-08 20:00:00,0.0,59.32
2023-02-08 21:00:00,0.0,37.09
2023-02-08 22:00:00,0.0,31.47
2023-02-08 23:00:00,0.0,34.61
2023-02-09 00:00:00,0.0,31.9
2023-02-09 01:00:00,0.0,35.85
2023-02-09 02:00:00,0.0,47.06
2023-02-09 03:00:00,0.0,57.37
2023-02-09 04:00:00,0.0,46.12
2023-02-09 05:00:00,0.0,48.78
2023-02-09 06:00:00,0.0,54.02
2023-02-09 07:00:00,24.0,79.92
2023-02-09 08:00:00,95.66,136.1
2023-02-09 09:00:00,159.73,196.51
2023-02-09 10:00:00,258.77,317.14
2023-02-09 11:00:00,317.82,370.94
2023-02-09 12:00:00,352.58,388.06
2023-02-09 13:00:00,313.87,363.47
2023-02-09 14:00:00,271.74,314.78
2023-02-09 15:00:00,164.81,216.47
2023-02-09 16:00:00,81.31,139.41
2023-02-09 17:00:00,21.88,55.1
2023-02-09 18:00:00,0.0,45.59
2023-02-09 19:00:00,0.0,45.25
2023-02-09 20:00:00,0.0,43.1
2023-02-09 21:00:00,0.0,59.84
2023-02-09 22:00:00,0.0,44.59
2023-02-09 23:00:00,0.0,44.34
2023-02-10 00:00:00,0.0,42.65
2023-02-10 01:00:00,0.0,32.0
2023-02-10 02:00:00,0.0,47.79
2023-02-10 03:00:00,0.0,36.84
2023-02-10 04:00:00,0.0,49.13
2023-02-10 05:00:00,0.0,31.53
2023-02-10 06:00:00,0.0,44.07
2023-02-10 07:00:00,25.37,69.64
2023-02-10 08:00:00,79.31,133.98
2023-02-10 09:00:00,180.25,233.7
2023-02-10 10:00:00,258.23,307.37
2023-02-10 11:00:00,350.64,399.57
2023-02-10 12:00:00,338.39,388.27
2023-02-10 13:00:00,337.98,396.8
2023-02-10 14:00:00,255.07,297.82
2023-02-10 15:00:00,186.29,231.46
2023-02-10 16:00:00,91.75,135.54
2023-02-10 17:00:00,22.02,74.38
2023-02-10 18:00:00,0.0,35.96
2023-02-10 19:00:00,0.0,48.8
2023-02-10 20:00:00,0.0,52.42
2023-02-10 21:00:00,0.0,56.84
2023-02-10 22:00:00,0.0,38.18
2023-02-10 23:00:00,0.0,33.32
2023-02-11 00:00:00,0.0,58.68
2023-02-11 01:00:00,0.0,34.63
2023-02-11 02:00:00,0.0,35.93
2023-02-11 03:00:00,0.0,38.74
2023-02-11 04:00:00,0.0,45.88
2023-02-11 05:00:00,0.0,56.48
2023-02-11 06:00:00,0.0,51.24
2023-02-11 07:00:00,21.82,62.55
2023-02-11 08:00:00,87.0,121.42
2023-02-11 09:00:00,166.46,205.71
2023-02-11 10:00:00,241.63,288.14
2023-02-11 11:00:00,340.26,372.36
2023-02-11 12:00:00,348.21,401.68
2023-02-11 13:00:00,343.21,397.66
2023-02-11 14:00:00,259.34,313.96
2023-02-11 15:00:00,165.26,206.08
2023-02-11 16:00:00,81.44,125.46
2023-02-11 17:00:00,22.89,60.12
2023-02-11 18:00:00,0.0,39.42
2023-02-11 19:00:00,0.0,38.18
2023-02-11 20:00:00,0.0,33.93
2023-02-11 21:00:00,0.0,43.16
2023-02-11 22:00:00,0.0,39.09
2023-02-11 23:00:00,0.0,41.08
2023-02-12 00:00:00,0.0,37.08
2023-02-12 01:00:00,0.0,52.89
2023-02-12 02:00:00,0.0,57.9
2023-02-12 03:00:00,0.0,44.94
2023-02-12 04:00:00,0.0,49.29
2023-02-12 05:00:00,0.0,56.02
2023-02-12 06:00:00,0.0,48.41
2023-02-12 07:00:00,25.34,82.6
2023-02-12 08:00:00,92.76,136.59
2023-02-12 09:00:00,159.39,189.86
2023-02-12 10:00:00,260.94,305.77
2023-02-12 11:00:00,319.82,366.87
2023-02-12 12:00:00,353.44,408.54
2023-02-12 13:00:00,299.31,336.07
2023-02-12 14:00:00,278.37,333.81
2023-02-12 15:00:00,193.01,249.2
2023-02-12 16:00:00,94.57,134.0
2023-02-12 17:00:00,22.93,60.97
2023-02-12 18:00:00,0.0,58.16
2023-02-12 19:00:00,0.0,40.34
2023-02-12 20:00:00,0.0,46.71
2023-02-12 21:00:00,0.0,38.89
2023-02-12 22:00:00,0.0,35.09
2023-02-12 23:00:00,0.0,35.86
2023-02-13 00:00:00,0.0,31.74
2023-02-13 01:00:00,0.0,58.48
2023-02-13 02:00:00,0.0,42.09
2023-02-13 03:00:00,0.0,55.02
2023-02-13 04:00:00,0.0,50.44
2023-02-13 05:00:00,0.0,35.76
2023-02-13 06:00:00,0.0,54.36
2023-02-13 07:00:00,22.26,79.66
2023-02-13 08:00:00,80.78,131.11
2023-02-13 09:00:00,186.37,223.43
2023-02-13 10:00:00,249.85,308.79
2023-02-13 11:00:00,310.02,352.92
2023-02-13 12:00:00,344.63,382.22
2023-02-13 13:00:00,345.12,398.28
2023-02-13 14:00:00,255.48,310.53
2023-02-13 15:00:00,164.24,194.37
2023-02-13 16:00:00,88.71,148.53
2023-02-13 17:00:00,21.14,57.38
2023-02-13 18:00:00,0.0,54.3
2023-02-13 19:00:00,0.0,32.67
2023-02-13 20:00:00,0.0,41.86
2023-02-13 21:00:00,0.0,52.41
2023-02-13 22:00:00,0.0,41.15
2023-02-13 23:00:00,0.0,35.67
2023-02-14 00:00:00,0.0,35.86
2023-02-14 01:00:00,0.0,42.3
2023-02-14 02:00:00,0.0,44.38
2023-02-14 03:00:00,0.0,55.85
2023-02-14 04:00:00,0.0,49.27
2023-02-14 05:00:00,0.0,50.71
2023-02-14 06:00:00,0.0,42.36
2023-02-14 07:00:00,22.94,80.64
2023-02-14 08:00:00,82.72,134.61
2023-02-14 09:00:00,184.17,217.1
2023-02-14 10:00:00,260.45,296.47
2023-02-14 11:00:00,304.58,348.49
2023-02-14 12:00:00,334.1,387.98
2023-02-14 13:00:00,354.17,408.25
2023-02-14 14:00:00,249.28,287.5
2023-02-14 15:00:00,165.77,199.82
2023-02-14 16:00:00,95.57,137.63
2023-02-14 17:00:00,22.06,77.46
2023-02-14 18:00:00,0.0,31.05
2023-02-14 19:00:00,0.0,34.86
2023-02-14 20:00:00,0.0,49.18
2023-02-14 21:00:00,0.0,53.49
2023-02-14 22:00:00,0.0,36.33
2023-02-14 23:00:00,0.0,57.52
2023-02-15 00:00:00,0.0,55.53
2023-02-15 01:00:00,0.0,55.45
2023-02-15 02:00:00,0.0,36.83
2023-02-15 03:00:00,0.0,31.52
2023-02-15 04:00:00,0.0,56.02
2023-02-15 05:00:00,0.0,39.17
2023-02-15 06:00:00,0.0,52.8
2023-02-15 07:00:00,21.59,75.02
2023-02-15 08:00:00,95.47,147.32
2023-02-15 09:00:00,172.64,228.94
2023-02-15 10:00:00,263.72,316.06
2023-02-15 11:00:00,348.19,400.67
2023-02-15 12:00:00,333.99,367.53
2023-02-15 13:00:00,308.21,353.3
2023-02-15 14:00:00,262.49,309.97
2023-02-15 15:00:00,170.94,224.55
2023-02-15 16:00:00,95.0,132.4
2023-02-15 17:00:00,24.58,74.92
2023-02-15 18:00:00,0.0,35.66
2023-02-15 19:00:00,0.0,53.86
2023-02-15 20:00:00,0.0,58.82
2023-02-15 21:00:00,0.0,51.66
2023-02-15 22:00:00,0.0,57.54
2023-02-15 23:00:00,0.0,59.53
2023-02-16 00:00:00,0.0,40.56
2023-02-16 01:00:00,0.0,49.15
2023-02-16 02:00:00,0.0,44.22
2023-02-16 03:00:00,0.0,59.6
2023-02-16 04:00:00,0.0,32.81
2023-02-16 05:00:00,0.0,42.37
2023-02-16 06:00:00,0.0,38.52
2023-02-16 07:00:00,24.84,66.32
2023-02-16 08:00:00,96.23,152.74
2023-02-16 09:00:00,167.49,220.6
2023-02-16 10:00:00,253.19,301.38
2023-02-16 11:00:00,337.06,391.95
2023-02-16 12:00:00,314.6,351.2
2023-02-16 13:00:00,340.73,387.64
2023-02-16 14:00:00,261.96,293.62
2023-02-16 15:00:00,169.22,225.17
2023-02-16 16:00:00,78.77,120.66
2023-02-16 17:00:00,25.61,57.14
2023-02-16 18:00:00,0.0,37.73
2023-02-16 19:00:00,0.0,56.0
2023-02-16 20:00:00,0.0,52.38
2023-02-16 21:00:00,0.0,56.57
2023-02-16 22:00:00,0.0,36.48
2023-02-16 23:00:00,0.0,45.94
2023-02-17 00:00:00,0.0,53.38
2023-02-17 01:00:00,0.0,37.37
2023-02-17 02:00:00,0.0,36.92
2023-02-17 03:00:00,0.0,30.82
2023-02-17 04:00:00,0.0,58.76
2023-02-17 05:00:00,0.0,51.3
2023-02-17 06:00:00,0.0,52.32
2023-02-17 07:00:00,23.57,67.85
2023-02-17 08:00:00,86.47,135.68
2023-02-17 09:00:00,163.82,220.46
2023-02-17 10:00:00,279.41,319.9
2023-02-17 11:00:00,331.58,365.81
2023-02-17 12:00:00,384.36,441.45
2023-02-17 13:00:00,355.15,395.11
2023-02-17 14:00:00,243.94,280.29
2023-02-17 15:00:00,159.71,193.31
2023-02-17 16:00:00,79.51,139.2
2023-02-17 17:00:00,21.32,55.3
2023-02-17 18:00:00,0.0,47.41
2023-02-17 19:00:00,0.0,53.23
2023-02-17 20:00:00,0.0,48.93
2023-02-17 21:00:00,0.0,56.47
2023-02-17 22:00:00,0.0,49.15
2023-02-17 23:00:00,0.0,45.66
2023-02-18 00:00:00,0.0,51.38
2023-02-18 01:00:00,0.0,43.42
2023-02-18 02:00:00,0.0,40.38
2023-02-18 03:00:00,0.0,44.03
2023-02-18 04:00:00,0.0,35.09
2023-02-18 05:00:00,0.0,53.9
2023-02-18 06:00:00,0.0,34.61
2023-02-18 07:00:00,22.17,77.43
2023-02-18 08:00:00,84.28,134.86
2023-02-18 09:00:00,187.92,220.25
2023-02-18 10:00:00,276.83,316.06
2023-02-18 11:00:00,306.72,357.39
2023-02-18 12:00:00,379.76,418.61
2023-02-18 13:00:00,330.91,369.61
2023-02-18 14:00:00,265.2,313.86
2023-02-18 15:00:00,178.86,227.57
2023-02-18 16:00:00,80.69,131.5
2023-02-18 17:00:00,24.28,74.76
2023-02-18 18:00:00,0.0,43.41
2023-02-18 19:00:00,0.0,42.27
2023-02-18 20:00:00,0.0,32.6
2023-02-18 21:00:00,0.0,36.67
2023-02-18 22:00:00,0.0,43.23
2023-02-18 23:00:00,0.0,52.29
2023-02-19 00:00:00,0.0,37.11
2023-02-19 01:00:00,0.0,54.89
2023-02-19 02:00:00,0.0,46.37
2023-02-19 03:00:00,0.0,52.81
2023-02-19 04:00:00,0.0,44.18
2023-02-19 05:00:00,0.0,44.98
2023-02-19 06:00:00,0.0,57.84
2023-02-19 07:00:00,23.38,69.24
2023-02-19 08:00:00,89.28,141.41
2023-02-19 09:00:00,159.04,204.51
2023-02-19 10:00:00,261.18,318.83
2023-02-19 11:00:00,325.74,369.79
2023-02-19 12:00:00,383.62,427.14
2023-02-19 13:00:00,304.27,340.78
2023-02-19 14:00:00,239.85,269.87
2023-02-19 15:00:00,172.3,225.38
2023-02-19 16:00:00,91.7,122.66
2023-02-19 17:00:00,23.76,58.39
2023-02-19 18:00:00,0.0,35.02
2023-02-19 19:00:00,0.0,48.8
2023-02-19 20:00:00,0.0,39.79
2023-02-19 21:00:00,0.0,49.25
2023-02-19 22:00:00,0.0,42.37
2023-02-19 23:00:00,0.0,52.79
2023-02-20 00:00:00,0.0,36.92
2023-02-20 01:00:00,0.0,57.17
2023-02-20 02:00:00,0.0,45.01
2023-02-20 03:00:00,0.0,52.68
2023-02-20 04:00:00,0.0,55.49
2023-02-20 05:00:00,0.0,59.96
2023-02-20 06:00:00,0.0,38.61
2023-02-20 07:00:00,22.19,60.08
2023-02-20 08:00:00,88.92,148.73
2023-02-20 09:00:00,192.84,238.64
2023-02-20 10:00:00,269.87,325.67
2023-02-20 11:00:00,355.91,392.03
2023-02-20 12:00:00,351.7,406.69
2023-02-20 13:00:00,312.67,355.86
2023-02-20 14:00:00,289.01,348.56
2023-02-20 15:00:00,189.74,243.69
2023-02-20 16:00:00,83.15,122.78
2023-02-20 17:00:00,23.65,70.47
2023-02-20 18:00:00,0.0,49.1
2023-02-20 19:00:00,0.0,42.25
2023-02-20 20:00:00,0.0,52.48
2023-02-20 21:00:00,0.0,40.01
2023-02-20 22:00:00,0.0,39.92
2023-02-20 23:00:00,0.0,33.82
2023-02-21 00:00:00,0.0,35.66
2023-02-21 01:00:00,0.0,55.52
2023-02-21 02:00:00,0.0,43.39
2023-02-21 03:00:00,0.0,36.84
2023-02-21 04:00:00,0.0,52.78
2023-02-21 05:00:00,0.0,46.62
2023-02-21 06:00:00,0.0,39.49
2023-02-21 07:00:00,21.83,71.51
2023-02-21 08:00:00,83.26,115.21
2023-02-21 09:00:00,158.42,205.87
2023-02-21 10:00:00,235.8,291.26
2023-02-21 11:00:00,302.52,350.72
2023-02-21 12:00:00,345.53,388.82
2023-02-21 13:00:00,296.78,350.86
2023-02-21 14:00:00,283.9,314.23
2023-02-21 15:00:00,162.97,220.09
2023-02-21 16:00:00,88.31,122.81
2023-02-21 17:00:00,21.95,71.75
2023-02-21 18:00:00,0.0,47.98
2023-02-21 19:00:00,0.0,58.59
2023-02-21 20:00:00,0.0,44.82
2023-02-21 21:00:00,0.0,39.01
2023-02-21 22:00:00,0.0,44.32
2023-02-21 23:00:00,0.0,40.79
2023-02-22 00:00:00,0.0,36.73
2023-02-22 01:00:00,0.0,31.38
2023-02-22 02:00:00,0.0,40.57
2023-02-22 03:00:00,0.0,51.34
2023-02-22 04:00:00,0.0,30.55
2023-02-22 05:00:00,0.0,43.18
2023-02-22 06:00:00,0.0,48.31
2023-02-22 07:00:00,24.78,79.1
2023-02-22 08:00:00,91.3,124.38
2023-02-22 09:00:00,173.88,221.98
2023-02-22 10:00:00,248.16,279.44
2023-02-22 11:00:00,307.2,350.85
2023-02-22 12:00:00,343.27,378.57
2023-02-22 13:00:00,348.46,406.23
2023-02-22 14:00:00,245.71,303.6
2023-02-22 15:00:00,157.06,214.81
2023-02-22 16:00:00,95.72,126.08
2023-02-22 17:00:00,24.72,83.83
2023-02-22 18:00:00,0.0,59.12
2023-02-22 19:00:00,0.0,46.51
2023-02-22 20:00:00,0.0,32.34
2023-02-22 21:00:00,0.0,55.49
2023-02-22 22:00:00,0.0,48.41
2023-02-22 23:00:00,0.0,48.44
2023-02-23 00:00:00,0.0,42.52
2023-02-23 01:00:00,0.0,47.16
2023-02-23 02:00:00,0.0,34.61
2023-02-23 03:00:00,0.0,52.19
2023-02-23 04:00:00,0.0,32.25
2023-02-23 05:00:00,0.0,51.89
2023-02-23 06:00:00,0.0,44.17
2023-02-23 07:00:00,23.47,62.84
2023-02-23 08:00:00,96.04,148.03
2023-02-23 09:00:00,169.98,205.22
2023-02-23 10:00:00,246.72,290.64
2023-02-23 11:00:00,356.57,408.59
2023-02-23 12:00:00,328.64,384.43
2023-02-23 13:00:00,317.82,373.37
2023-02-23 14:00:00,247.94,296.5
2023-02-23 15:00:00,190.5,228.24
2023-02-23 16:00:00,90.95,150.57
2023-02-23 17:00:00,21.7,54.35
2023-02-23 18:00:00,0.0,40.19
2023-02-23 19:00:00,0.0,32.14
2023-02-23 20:00:00,0.0,44.26
2023-02-23 21:00:00,0.0,52.61
2023-02-23 22:00:00,0.0,38.55
2023-02-23 23:00:00,0.0,40.05
2023-02-24 00:00:00,0.0,55.37
2023-02-24 01:00:00,0.0,45.6
2023-02-24 02:00:00,0.0,55.28
2023-02-24 03:00:00,0.0,43.39
2023-02-24 04:00:00,0.0,58.59
2023-02-24 05:00:00,0.0,49.52
2023-02-24 06:00:00,0.0,56.55
2023-02-24 07:00:00,23.37,57.62
2023-02-24 08:00:00,81.01,131.64
2023-02-24 09:00:00,158.14,196.74
2023-02-24 10:00:00,242.32,285.55
2023-02-24 11:00:00,320.3,365.96
2023-02-24 12:00:00,333.38,364.34
2023-02-24 13:00:00,334.04,375.25
2023-02-24 14:00:00,270.55,303.81
2023-02-24 15:00:00,156.91,194.36
2023-02-24 16:00:00,86.6,128.42
2023-02-24 17:00:00,24.95,66.29
2023-02-24 18:00:00,0.0,47.81
2023-02-24 19:00:00,0.0,30.65
2023-02-24 20:00:00,0.0,45.45
2023-02-24 21:00:00,0.0,40.34
2023-02-24 22:00:00,0.0,42.64
2023-02-24 23:00:00,0.0,33.01
2023-02-25 00:00:00,0.0,53.48
2023-02-25 01:00:00,0.0,58.27
2023-02-25 02:00:00,0.0,30.67
2023-02-25 03:00:00,0.0,48.04
2023-02-25 04:00:00,0.0,52.92
2023-02-25 05:00:00,0.0,38.54
2023-02-25 06:00:00,0.0,48.97
2023-02-25 07:00:00,25.53,84.96
2023-02-25 08:00:00,78.98,122.33
2023-02-25 09:00:00,176.53,210.93
2023-02-25 10:00:00,253.16,312.79
2023-02-25 11:00:00,292.96,336.54
2023-02-25 12:00:00,374.82,414.54
2023-02-25 13:00:00,324.79,384.13
2023-02-25 14:00:00,260.81,294.74
2023-02-25 15:00:00,158.3,216.66
2023-02-25 16:00:00,83.09,128.21
2023-02-25 17:00:00,21.4,64.11
2023-02-25 18:00:00,0.0,45.07
2023-02-25 19:00:00,0.0,59.13
2023-02-25 20:00:00,0.0,37.77
2023-02-25 21:00:00,0.0,45.14
2023-02-25 22:00:00,0.0,55.79
2023-02-25 23:00:00,0.0,43.45
2023-02-26 00:00:00,0.0,38.38
2023-02-26 01:00:00,0.0,55.66
2023-02-26 02:00:00,0.0,41.7
2023-02-26 03:00:00,0.0,45.92
2023-02-26 04:00:00,0.0,59.3
2023-02-26 05:00:00,0.0,35.59
2023-02-26 06:00:00,0.0,30.93
2023-02-26 07:00:00,22.89,58.9
2023-02-26 08:00:00,90.71,126.15
2023-02-26 09:00:00,181.23,219.13
2023-02-26 10:00:00,254.21,294.68
2023-02-26 11:00:00,341.07,385.07
2023-02-26 12:00:00,339.39,394.97
2023-02-26 13:00:00,331.12,367.53
2023-02-26 14:00:00,284.29,324.57
2023-02-26 15:00:00,157.83,202.67
2023-02-26 16:00:00,80.48,117.63
2023-02-26 17:00:00,24.64,58.56
2023-02-26 18:00:00,0.0,58.11
2023-02-26 19:00:00,0.0,48.2
2023-02-26 20:00:00,0.0,51.31
2023-02-26 21:00:00,0.0,51.41
2023-02-26 22:00:00,0.0,59.78
2023-02-26 23:00:00,0.0,40.25
2023-02-27 00:00:00,0.0,34.89
2023-02-27 01:00:00,0.0,45.58
2023-02-27 02:00:00,0.0,46.0
2023-02-27 03:00:00,0.0,35.34
2023-02-27 04:00:00,0.0,48.39
2023-02-27 05:00:00,0.0,30.42
2023-02-27 06:00:00,0.0,37.94
2023-02-27 07:00:00,21.15,54.4
2023-02-27 08:00:00,82.62,120.84
2023-02-27 09:00:00,157.61,195.99
2023-02-27 10:00:00,245.25,286.61
2023-02-27 11:00:00,318.3,358.47
2023-02-27 12:00:00,336.94,369.63
2023-02-27 13:00:00,293.58,329.64
2023-02-27 14:00:00,276.37,336.09
2023-02-27 15:00:00,190.57,235.7
2023-02-27 16:00:00,87.99,127.43
2023-02-27 17:00:00,24.77,77.71
2023-02-27 18:00:00,0.0,56.87
2023-02-27 19:00:00,0.0,43.03
2023-02-27 20:00:00,0.0,53.01
2023-02-27 21:00:00,0.0,54.19
2023-02-27 22:00:00,0.0,39.25
2023-02-27 23:00:00,0.0,57.88
2023-02-28 00:00:00,0.0,32.83
2023-02-28 01:00:00,0.0,59.83
2023-02-28 02:00:00,0.0,53.1
2023-02-28 03:00:00,0.0,32.8
2023-02-28 04:00:00,0.0,49.69
2023-02-28 05:00:00,0.0,31.03
2023-02-28 06:00:00,0.0,53.98
2023-02-28 07:00:00,23.92,79.63
2023-02-28 08:00:00,80.0,118.28
2023-02-28 09:00:00,171.64,202.91
2023-02-28 10:00:00,259.34,297.3
2023-02-28 11:00:00,318.82,361.57
2023-02-28 12:00:00,377.52,415.63
2023-02-28 13:00:00,353.22,396.0
2023-02-28 14:00:00,252.69,297.77
2023-02-28 15:00:00,171.77,209.49
2023-02-28 16:00:00,87.45,122.0
2023-02-28 17:00:00,22.69,69.66
2023-02-28 18:00:00,0.0,54.72
2023-02-28 19:00:00,0.0,37.7
2023-02-28 20:00:00,0.0,59.09
2023-02-28 21:00:00,0.0,53.54
2023-02-28 22:00:00,0.0,59.03
2023-02-28 23:00:00,0.0,55.14
2023-03-01 00:00:00,0.0,34.26
2023-03-01 01:00:00,0.0,45.79
2023-03-01 02:00:00,0.0,35.1
2023-03-01 03:00:00,0.0,54.55
2023-03-01 04:00:00,0.0,47.52
2023-03-01 05:00:00,0.0,37.9
2023-03-01 06:00:00,0.0,33.46
2023-03-01 07:00:00,23.73,75.36
2023-03-01 08:00:00,79.28,127.22
2023-03-01 09:00:00,186.43,218.46
2023-03-01 10:00:00,262.88,300.64
2023-03-01 11:00:00,337.37,370.93
2023-03-01 12:00:00,381.77,438.61
2023-03-01 13:00:00,304.62,344.32
2023-03-01 14:00:00,267.04,318.58
2023-03-01 15:00:00,172.69,207.38
2023-03-01 16:00:00,80.12,140.11
2023-03-01 17:00:00,23.2,79.38
2023-03-01 18:00:00,0.0,57.67
2023-03-01 19:00:00,0.0,32.63
2023-03-01 20:00:00,0.0,33.42
2023-03-01 21:00:00,0.0,57.89
2023-03-01 22:00:00,0.0,58.42
2023-03-01 23:00:00,0.0,39.44
2023-03-02 00:00:00,0.0,40.65
2023-03-02 01:00:00,0.0,43.57
2023-03-02 02:00:00,0.0,42.48
2023-03-02 03:00:00,0.0,35.7
2023-03-02 04:00:00,0.0,56.95
2023-03-02 05:00:00,0.0,37.6
2023-03-02 06:00:00,0.0,32.01
2023-03-02 07:00:00,21.14,70.75
2023-03-02 08:00:00,84.44,134.1
2023-03-02 09:00:00,159.86,218.36
2023-03-02 10:00:00,275.92,332.21
2023-03-02 11:00:00,301.22,340.82
2023-03-02 12:00:00,339.91,386.03
2023-03-02 13:00:00,312.23,344.05
2023-03-02 14:00:00,254.96,292.6
2023-03-02 15:00:00,170.6,206.51
2023-03-02 16:00:00,83.02,131.83
2023-03-02 17:00:00,22.87,63.23
2023-03-02 18:00:00,0.0,53.16
2023-03-02 19:00:00,0.0,41.37
2023-03-02 20:00:00,0.0,47.63
2023-03-02 21:00:00,0.0,58.99
2023-03-02 22:00:00,0.0,45.66
2023-03-02 23:00:00,0.0,57.29
2023-03-03 00:00:00,0.0,53.81
2023-03-03 01:00:00,0.0,31.76
2023-03-03 02:00:00,0.0,42.87
2023-03-03 03:00:00,0.0,50.95
2023-03-03 04:00:00,0.0,59.6
2023-03-03 05:00:00,0.0,43.75
2023-03-03 06:00:00,0.0,46.86
2023-03-03 07:00:00,21.58,74.13
2023-03-03 08:00:00,87.54,139.24
2023-03-03 09:00:00,188.39,237.26
2023-03-03 10:00:00,268.41,321.05
2023-03-03 11:00:00,349.7,405.77
2023-03-03 12:00:00,315.48,362.17
2023-03-03 13:00:00,306.7,362.51
2023-03-03 14:00:00,270.39,313.0
2023-03-03 15:00:00,163.32,203.49
2023-03-03 16:00:00,91.15,127.28
2023-03-03 17:00:00,21.42,78.06
2023-03-03 18:00:00,0.0,35.99
2023-03-03 19:00:00,0.0,38.77
2023-03-03 20:00:00,0.0,59.16
2023-03-03 21:00:00,0.0,51.25
2023-03-03 22:00:00,0.0,48.32
2023-03-03 23:00:00,0.0,39.23
2023-03-04 00:00:00,0.0,38.97
2023-03-04 01:00:00,0.0,31.19
2023-03-04 02:00:00,0.0,51.85
2023-03-04 03:00:00,0.0,31.3
2023-03-04 04:00:00,0.0,30.15
2023-03-04 05:00:00,0.0,51.88
2023-03-04 06:00:00,0.0,52.7
2023-03-04 07:00:00,23.28,67.86
2023-03-04 08:00:00,86.22,125.96
2023-03-04 09:00:00,175.6,218.53
2023-03-04 10:00:00,267.62,324.56
2023-03-04 11:00:00,360.17,392.53
2023-03-04 12:00:00,341.11,376.53
2023-03-04 13:00:00,316.03,354.65
2023-03-04 14:00:00,244.23,297.15
2023-03-04 15:00:00,174.66,232.24
2023-03-04 16:00:00,78.8,110.81
2023-03-04 17:00:00,22.94,55.35
2023-03-04 18:00:00,0.0,59.58
2023-03-04 19:00:00,0.0,36.27
2023-03-04 20:00:00,0.0,35.94
2023-03-04 21:00:00,0.0,47.21
2023-03-04 22:00:00,0.0,44.94
2023-03-04 23:00:00,0.0,47.41
2023-03-05 00:00:00,0.0,41.3
2023-03-05 01:00:00,0.0,54.8
2023-03-05 02:00:00,0.0,34.16
2023-03-05 03:00:00,0.0,42.85
2023-03-05 04:00:00,0.0,50.69
2023-03-05 05:00:00,0.0,56.05
2023-03-05 06:00:00,0.0,47.03
2023-03-05 07:00:00,21.29,56.4
2023-03-05 08:00:00,79.47,131.31
2023-03-05 09:00:00,167.0,218.71
2023-03-05 10:00:00,238.27,294.15
2023-03-05 11:00:00,349.22,381.89
2023-03-05 12:00:00,314.55,346.24
2023-03-05 13:00:00,350.46,387.5
2023-03-05 14:00:00,264.86,307.65
2023-03-05 15:00:00,185.68,230.35
2023-03-05 16:00:00,87.41,147.08
2023-03-05 17:00:00,21.69,76.61
2023-03-05 18:00:00,0.0,44.33
2023-03-05 19:00:00,0.0,56.59
2023-03-05 20:00:00,0.0,49.96
2023-03-05 21:00:00,0.0,50.56
2023-03-05 22:00:00,0.0,37.9
2023-03-05 23:00:00,0.0,42.56
2023-03-06 00:00:00,0.0,41.0
2023-03-06 01:00:00,0.0,45.64
2023-03-06 02:00:00,0.0,43.87
2023-03-06 03:00:00,0.0,39.81
2023-03-06 04:00:00,0.0,39.16
2023-03-06 05:00:00,0.0,37.53
2023-03-06 06:00:00,0.0,34.5
2023-03-06 07:00:00,25.25,73.31
2023-03-06 08:00:00,80.66,131.48
2023-03-06 09:00:00,187.59,224.72
2023-03-06 10:00:00,242.91,273.17
2023-03-06 11:00:00,295.09,347.96
2023-03-06 12:00:00,385.46,416.81
2023-03-06 13:00:00,343.22,375.38
2023-03-06 14:00:00,267.29,319.97
2023-03-06 15:00:00,169.62,199.95
2023-03-06 16:00:00,89.15,148.89
2023-03-06 17:00:00,22.22,57.9
2023-03-06 18:00:00,0.0,46.66
2023-03-06 19:00:00,0.0,47.89
2023-03-06 20:00:00,0.0,53.77
2023-03-06 21:00:00,0.0,52.59
2023-03-06 22:00:00,0.0,56.78
2023-03-06 23:00:00,0.0,54.17
2023-03-07 00:00:00,0.0,37.42
2023-03-07 01:00:00,0.0,46.68
2023-03-07 02:00:00,0.0,38.92
2023-03-07 03:00:00,0.0,39.89
2023-03-07 04:00:00,0.0,57.96
2023-03-07 05:00:00,0.0,50.46
2023-03-07 06:00:00,0.0,42.51
2023-03-07 07:00:00,23.6,68.21
2023-03-07 08:00:00,80.17,117.27
2023-03-07 09:00:00,175.82,207.84
2023-03-07 10:00:00,286.02,319.74
2023-03-07 11:00:00,305.44,358.4
2023-03-07 12:00:00,319.93,376.94
2023-03-07 13:00:00,341.68,373.74
2023-03-07 14:00:00,272.79,321.74
2023-03-07 15:00:00,184.27,239.12
2023-03-07 16:00:00,91.42,139.01
2023-03-07 17:00:00,22.54,73.46
2023-03-07 18:00:00,0.0,47.63
2023-03-07 19:00:00,0.0,49.93
2023-03-07 20:00:00,0.0,43.11
2023-03-07 21:00:00,0.0,52.68
2023-03-07 22:00:00,0.0,59.93
2023-03-07 23:00:00,0.0,34.81
2023-03-08 00:00:00,0.0,36.07
2023-03-08 01:00:00,0.0,46.18
2023-03-08 02:00:00,0.0,44.44
2023-03-08 03:00:00,0.0,47.15
2023-03-08 04:00:00,0.0,31.47
2023-03-08 05:00:00,0.0,42.13
2023-03-08 06:00:00,0.0,47.56
2023-03-08 07:00:00,24.19,75.8
2023-03-08 08:00:00,90.0,143.71
2023-03-08 09:00:00,179.39,225.52
2023-03-08 10:00:00,268.06,301.1
2023-03-08 11:00:00,310.6,356.42
2023-03-08 12:00:00,377.05,427.42
2023-03-08 13:00:00,298.05,345.82
2023-03-08 14:00:00,246.84,298.86
2023-03-08 15:00:00,186.85,234.65
2023-03-08 16:00:00,89.08,129.24
2023-03-08 17:00:00,23.15,79.07
2023-03-08 18:00:00,0.0,45.59
2023-03-08 19:00:00,0.0,41.05
2023-03-08 20:00:00,0.0,31.51
2023-03-08 21:00:00,0.0,34.29
2023-03-08 22:00:00,0.0,35.79
2023-03-08 23:00:00,0.0,41.2
2023-03-09 00:00:00,0.0,58.32
2023-03-09 01:00:00,0.0,45.15
2023-03-09 02:00:00,0.0,37.05
2023-03-09 03:00:00,0.0,33.17
2023-03-09 04:00:00,0.0,40.15
2023-03-09 05:00:00,0.0,54.47
2023-03-09 06:00:00,0.0,53.18
2023-03-09 07:00:00,24.91,58.23
2023-03-09 08:00:00,89.4,148.17
2023-03-09 09:00:00,171.2,202.73
2023-03-09 10:00:00,285.57,342.08
2023-03-09 11:00:00,327.7,374.27
2023-03-09 12:00:00,328.38,382.96
2023-03-09 13:00:00,326.09,357.11
2023-03-09 14:00:00,272.3,330.81
2023-03-09 15:00:00,186.91,225.23
2023-03-09 16:00:00,79.18,137.39
2023-03-09 17:00:00,25.57,71.54
2023-03-09 18:00:00,0.0,43.88
2023-03-09 19:00:00,0.0,42.59
2023-03-09 20:00:00,0.0,33.58
2023-03-09 21:00:00,0.0,32.9
2023-03-09 22:00:00,0.0,36.98
2023-03-09 23:00:00,0.0,55.1
2023-03-10 00:00:00,0.0,34.37
2023-03-10 01:00:00,0.0,36.8
2023-03-10 02:00:00,0.0,46.46
2023-03-10 03:00:00,0.0,36.45
2023-03-10 04:00:00,0.0,34.9
2023-03-10 05:00:00,0.0,46.9
2023-03-10 06:00:00,0.0,48.78
2023-03-10 07:00:00,25.45,59.98
2023-03-10 08:00:00,95.01,152.08
2023-03-10 09:00:00,186.91,235.85
2023-03-10 10:00:00,268.83,318.01
2023-03-10 11:00:00,339.26,369.75
2023-03-10 12:00:00,383.32,430.89
2023-03-10 13:00:00,345.51,386.83
2023-03-10 14:00:00,235.28,280.57
2023-03-10 15:00:00,175.06,218.17
2023-03-10 16:00:00,84.45,121.94
2023-03-10 17:00:00,23.55,64.81
2023-03-10 18:00:00,0.0,35.19
2023-03-10 19:00:00,0.0,39.59
2023-03-10 20:00:00,0.0,38.82
2023-03-10 21:00:00,0.0,46.3
2023-03-10 22:00:00,0.0,44.98
2023-03-10 23:00:00,0.0,49.31
2023-03-11 00:00:00,0.0,58.5
2023-03-11 01:00:00,0.0,38.56
2023-03-11 02:00:00,0.0,50.78
2023-03-11 03:00:00,0.0,30.75
2023-03-11 04:00:00,0.0,37.87
2023-03-11 05:00:00,0.0,43.91
2023-03-11 06:00:00,0.0,48.53
2023-03-11 07:00:00,24.3,76.7
2023-03-11 08:00:00,87.7,135.82
2023-03-11 09:00:00,170.98,202.22
2023-03-11 10:00:00,240.12,289.77
2023-03-11 11:00:00,360.21,390.68
2023-03-11 12:00:00,353.84,406.37
2023-03-11 13:00:00,348.62,394.98
2023-03-11 14:00:00,268.82,319.72
2023-03-11 15:00:00,188.01,221.68
2023-03-11 16:00:00,95.24,126.02
2023-03-11 17:00:00,25.08,57.38
2023-03-11 18:00:00,0.0,30.12
2023-03-11 19:00:00,0.0,43.36
2023-03-11 20:00:00,0.0,40.03
2023-03-11 21:00:00,0.0,34.98
2023-03-11 22:00:00,0.0,43.53
2023-03-11 23:00:00,0.0,42.07
2023-03-12 00:00:00,0.0,53.03
2023-03-12 01:00:00,0.0,56.79
2023-03-12 02:00:00,0.0,49.58
2023-03-12 03:00:00,0.0,33.73
2023-03-12 04:00:00,0.0,38.86
2023-03-12 05:00:00,0.0,57.4
2023-03-12 06:00:00,0.0,42.21
2023-03-12 07:00:00,25.6,84.12
2023-03-12 08:00:00,85.77,135.79
2023-03-12 09:00:00,173.21,225.81
2023-03-12 10:00:00,236.34,270.66
2023-03-12 11:00:00,334.02,371.0
2023-03-12 12:00:00,361.82,402.36
2023-03-12 13:00:00,352.73,407.31
2023-03-12 14:00:00,261.8,314.99
2023-03-12 15:00:00,166.38,211.21
2023-03-12 16:00:00,81.83,137.66
2023-03-12 17:00:00,25.01,82.07
2023-03-12 18:00:00,0.0,58.79
2023-03-12 19:00:00,0.0,36.85
2023-03-12 20:00:00,0.0,57.95
2023-03-12 21:00:00,0.0,47.14
2023-03-12 22:00:00,0.0,42.67
2023-03-12 23:00:00,0.0,46.81
2023-03-13 00:00:00,0.0,40.28
2023-03-13 01:00:00,0.0,38.66
2023-03-13 02:00:00,0.0,37.24
2023-03-13 03:00:00,0.0,32.47
2023-03-13 04:00:00,0.0,44.9
2023-03-13 05:00:00,0.0,56.63
2023-03-13 06:00:00,0.0,45.63
2023-03-13 07:00:00,23.07,67.0
2023-03-13 08:00:00,82.05,136.74
2023-03-13 09:00:00,163.7,215.2
2023-03-13 10:00:00,276.55,323.8
2023-03-13 11:00:00,351.1,389.83
2023-03-13 12:00:00,377.69,429.57
2023-03-13 13:00:00,346.7,396.64
2023-03-13 14:00:00,281.32,341.11
2023-03-13 15:00:00,171.86,226.28
2023-03-13 16:00:00,91.9,135.49
2023-03-13 17:00:00,25.52,67.35
2023-03-13 18:00:00,0.0,33.18
2023-03-13 19:00:00,0.0,36.77
2023-03-13 20:00:00,0.0,55.22
2023-03-13 21:00:00,0.0,41.9
2023-03-13 22:00:00,0.0,41.82
2023-03-13 23:00:00,0.0,37.38
2023-03-14 00:00:00,0.0,44.75
2023-03-14 01:00:00,0.0,54.17
2023-03-14 02:00:00,0.0,56.85
2023-03-14 03:00:00,0.0,32.1
2023-03-14 04:00:00,0.0,47.24
2023-03-14 05:00:00,0.0,44.02
2023-03-14 06:00:00,0.0,43.42
2023-03-14 07:00:00,22.92,67.08
2023-03-14 08:00:00,88.91,133.94
2023-03-14 09:00:00,173.77,228.31
2023-03-14 10:00:00,275.76,316.0
2023-03-14 11:00:00,346.82,402.43
2023-03-14 12:00:00,324.1,371.58
2023-03-14 13:00:00,311.44,363.62
2023-03-14 14:00:00,247.78,297.92
2023-03-14 15:00:00,165.79,211.12
2023-03-14 16:00:00,95.66,137.1
2023-03-14 17:00:00,25.27,84.88
2023-03-14 18:00:00,0.0,34.98
2023-03-14 19:00:00,0.0,54.59
2023-03-14 20:00:00,0.0,30.96
2023-03-14 21:00:00,0.0,41.8
2023-03-14 22:00:00,0.0,56.12
2023-03-14 23:00:00,0.0,50.66
2023-03-15 00:00:00,0.0,45.98
2023-03-15 01:00:00,0.0,41.64
2023-03-15 02:00:00,0.0,54.37
2023-03-15 03:00:00,0.0,51.29
2023-03-15 04:00:00,0.0,44.05
2023-03-15 05:00:00,0.0,56.77
2023-03-15 06:00:00,0.0,35.11
2023-03-15 07:00:00,24.12,83.28
2023-03-15 08:00:00,82.75,120.24
2023-03-15 09:00:00,161.53,217.35
2023-03-15 10:00:00,247.1,292.2
2023-03-15 11:00:00,359.89,390.25
2023-03-15 12:00:00,353.76,399.13
2023-03-15 13:00:00,347.29,387.95
2023-03-15 14:00:00,257.25,292.29
2023-03-15 15:00:00,183.66,237.2
2023-03-15 16:00:00,80.71,122.51
2023-03-15 17:00:00,25.36,55.44
2023-03-15 18:00:00,0.0,46.65
2023-03-15 19:00:00,0.0,40.02
2023-03-15 20:00:00,0.0,38.16
2023-03-15 21:00:00,0.0,43.8
2023-03-15 22:00:00,0.0,35.45
2023-03-15 23:00:00,0.0,45.89
2023-03-16 00:00:00,0.0,51.2
2023-03-16 01:00:00,0.0,47.26
2023-03-16 02:00:00,0.0,32.79
2023-03-16 03:00:00,0.0,55.33
2023-03-16 04:00:00,0.0,35.25
2023-03-16 05:00:00,0.0,52.94
2023-03-16 06:00:00,0.0,53.48
2023-03-16 07:00:00,21.97,57.57
2023-03-16 08:00:00,87.35,118.34
2023-03-16 09:00:00,164.69,216.41
2023-03-16 10:00:00,280.82,313.24
2023-03-16 11:00:00,352.42,406.35
2023-03-16 12:00:00,376.81,427.76
2023-03-16 13:00:00,338.14,383.89
2023-03-16 14:00:00,270.63,328.2
2023-03-16 15:00:00,160.1,199.57
2023-03-16 16:00:00,79.53,137.87
2023-03-16 17:00:00,23.15,73.41
2023-03-16 18:00:00,0.0,59.73
2023-03-16 19:00:00,0.0,34.85
2023-03-16 20:00:00,0.0,53.99
2023-03-16 21:00:00,0.0,56.62
2023-03-16 22:00:00,0.0,31.47
2023-03-16 23:00:00,0.0,52.62
2023-03-17 00:00:00,0.0,40.64
2023-03-17 01:00:00,0.0,49.46
2023-03-17 02:00:00,0.0,45.42
2023-03-17 03:00:00,0.0,37.79
2023-03-17 04:00:00,0.0,34.06
2023-03-17 05:00:00,0.0,33.51
2023-03-17 06:00:00,0.0,49.13
2023-03-17 07:00:00,22.69,59.19
2023-03-17 08:00:00,90.93,141.54
2023-03-17 09:00:00,176.24,234.29
2023-03-17 10:00:00,255.87,310.95
2023-03-17 11:00:00,297.01,349.2
2023-03-17 12:00:00,385.55,440.95
2023-03-17 13:00:00,331.65,380.45
2023-03-17 14:00:00,254.1,304.48
2023-03-17 15:00:00,184.75,244.7
2023-03-17 16:00:00,87.26,119.1
2023-03-17 17:00:00,23.89,57.46
2023-03-17 18:00:00,0.0,39.86
2023-03-17 19:00:00,0.0,51.93
2023-03-17 20:00:00,0.0,35.51
2023-03-17 21:00:00,0.0,34.97
2023-03-17 22:00:00,0.0,31.35
2023-03-17 23:00:00,0.0,56.2
2023-03-18 00:00:00,0.0,50.81
2023-03-18 01:00:00,0.0,31.2
2023-03-18 02:00:00,0.0,30.85
2023-03-18 03:00:00,0.0,46.76
2023-03-18 04:00:00,0.0,38.48
2023-03-18 05:00:00,0.0,47.9
2023-03-18 06:00:00,0.0,57.7
2023-03-18 07:00:00,22.37,72.74
2023-03-18 08:00:00,79.19,137.87
2023-03-18 09:00:00,192.49,244.66
2023-03-18 10:00:00,260.28,296.88
2023-03-18 11:00:00,347.64,399.73
2023-03-18 12:00:00,329.14,372.68
2023-03-18 13:00:00,323.63,378.42
2023-03-18 14:00:00,272.35,321.65
2023-03-18 15:00:00,180.31,218.42
2023-03-18 16:00:00,85.04,116.41
2023-03-18 17:00:00,24.83,67.82
2023-03-18 18:00:00,0.0,37.36
2023-03-18 19:00:00,0.0,36.28
2023-03-18 20:00:00,0.0,47.63
2023-03-18 21:00:00,0.0,36.98
2023-03-18 22:00:00,0.0,31.93
2023-03-18 23:00:00,0.0,53.03
2023-03-19 00:00:00,0.0,41.29
2023-03-19 01:00:00,0.0,41.41
2023-03-19 02:00:00,0.0,42.94
2023-03-19 03:00:00,0.0,54.45
2023-03-19 04:00:00,0.0,39.63
2023-03-19 05:00:00,0.0,52.74
2023-03-19 06:00:00,0.0,49.83
2023-03-19 07:00:00,23.08,75.51
2023-03-19 08:00:00,86.63,129.06
2023-03-19 09:00:00,175.73,215.26
2023-03-19 10:00:00,240.35,282.8
2023-03-19 11:00:00,300.35,342.66
2023-03-19 12:00:00,353.79,411.71
2023-03-19 13:00:00,294.33,342.97
2023-03-19 14:00:00,259.87,290.48
2023-03-19 15:00:00,165.58,199.13
2023-03-19 16:00:00,82.19,120.43
2023-03-19 17:00:00,22.93,68.8
2023-03-19 18:00:00,0.0,34.86
2023-03-19 19:00:00,0.0,32.81
2023-03-19 20:00:00,0.0,46.49
2023-03-19 21:00:00,0.0,39.87
2023-03-19 22:00:00,0.0,46.45
2023-03-19 23:00:00,0.0,36.65
2023-03-20 00:00:00,0.0,30.73
2023-03-20 01:00:00,0.0,58.24
2023-03-20 02:00:00,0.0,33.25
2023-03-20 03:00:00,0.0,33.81
2023-03-20 04:00:00,0.0,34.4
2023-03-20 05:00:00,0.0,59.44
2023-03-20 06:00:00,0.0,48.31
2023-03-20 07:00:00,25.82,58.47
2023-03-20 08:00:00,96.13,132.25
2023-03-20 09:00:00,179.33,221.93
2023-03-20 10:00:00,255.79,313.73
2023-03-20 11:00:00,302.09,362.0
2023-03-20 12:00:00,340.7,390.16
2023-03-20 13:00:00,358.31,390.04
2023-03-20 14:00:00,285.54,332.57
2023-03-20 15:00:00,182.32,216.8
2023-03-20 16:00:00,88.01,138.22
2023-03-20 17:00:00,23.2,57.85
2023-03-20 18:00:00,0.0,55.63
2023-03-20 19:00:00,0.0,31.03
2023-03-20 20:00:00,0.0,51.27
2023-03-20 21:00:00,0.0,59.98
2023-03-20 22:00:00,0.0,30.22
2023-03-20 23:00:00,0.0,34.83
2023-03-21 00:00:00,0.0,50.22
2023-03-21 01:00:00,0.0,31.8
2023-03-21 02:00:00,0.0,47.69
2023-03-21 03:00:00,0.0,50.52
2023-03-21 04:00:00,0.0,47.64
2023-03-21 05:00:00,0.0,40.96
2023-03-21 06:00:00,0.0,47.83
2023-03-21 07:00:00,21.98,68.87
2023-03-21 08:00:00,94.43,144.43
2023-03-21 09:00:00,173.76,213.41
2023-03-21 10:00:00,239.34,276.68
2023-03-21 11:00:00,292.61,352.21
2023-03-21 12:00:00,329.17,383.62
2023-03-21 13:00:00,303.43,341.94
2023-03-21 14:00:00,257.69,297.42
2023-03-21 15:00:00,185.78,244.51
2023-03-21 16:00:00,94.31,128.92
2023-03-21 17:00:00,24.78,59.22
2023-03-21 18:00:00,0.0,45.54
2023-03-21 19:00:00,0.0,40.09
2023-03-21 20:00:00,0.0,34.71
2023-03-21 21:00:00,0.0,30.35
2023-03-21 22:00:00,0.0,37.44
2023-03-21 23:00:00,0.0,57.42
2023-03-22 00:00:00,0.0,53.92
2023-03-22 01:00:00,0.0,59.09
2023-03-22 02:00:00,0.0,33.02
2023-03-22 03:00:00,0.0,47.77
2023-03-22 04:00:00,0.0,37.71
2023-03-22 05:00:00,0.0,46.29
2023-03-22 06:00:00,0.0,38.5
2023-03-22 07:00:00,23.78,59.28
2023-03-22 08:00:00,86.83,136.35
2023-03-22 09:00:00,161.12,219.04
2023-03-22 10:00:00,262.52,317.11
2023-03-22 11:00:00,336.75,388.05
2023-03-22 12:00:00,365.51,421.76
2023-03-22 13:00:00,333.98,372.33
2023-03-22 14:00:00,240.09,288.28
2023-03-22 15:00:00,158.84,196.08
2023-03-22 16:00:00,79.32,125.79
2023-03-22 17:00:00,21.74,70.05
2023-03-22 18:00:00,0.0,54.66
2023-03-22 19:00:00,0.0,39.29
2023-03-22 20:00:00,0.0,46.47
2023-03-22 21:00:00,0.0,46.89
2023-03-22 22:00:00,0.0,44.19
2023-03-22 23:00:00,0.0,49.65
2023-03-23 00:00:00,0.0,36.3
2023-03-23 01:00:00,0.0,59.38
2023-03-23 02:00:00,0.0,32.94
2023-03-23 03:00:00,0.0,54.88
2023-03-23 04:00:00,0.0,47.82
2023-03-23 05:00:00,0.0,37.35
2023-03-23 06:00:00,0.0,32.53
2023-03-23 07:00:00,24.77,72.47
2023-03-23 08:00:00,80.24,112.63
2023-03-23 09:00:00,184.03,222.82
2023-03-23 10:00:00,283.69,336.55
2023-03-23 11:00:00,339.79,378.15
2023-03-23 12:00:00,364.98,423.42
2023-03-23 13:00:00,298.13,337.91
2023-03-23 14:00:00,247.55,289.35
2023-03-23 15:00:00,183.72,227.95
2023-03-23 16:00:00,88.7,128.12
2023-03-23 17:00:00,21.65,59.66
2023-03-23 18:00:00,0.0,48.07
2023-03-23 19:00:00,0.0,41.34
2023-03-23 20:00:00,0.0,53.7
2023-03-23 21:00:00,0.0,31.93
2023-03-23 22:00:00,0.0,37.62
2023-03-23 23:00:00,0.0,36.9
2023-03-24 00:00:00,0.0,59.56
2023-03-24 01:00:00,0.0,51.18
2023-03-24 02:00:00,0.0,48.53
2023-03-24 03:00:00,0.0,30.15
2023-03-24 04:00:00,0.0,35.53
2023-03-24 05:00:00,0.0,49.07
2023-03-24 06:00:00,0.0,57.73
2023-03-24 07:00:00,24.72,68.14
2023-03-24 08:00:00,91.99,151.25
2023-03-24 09:00:00,173.36,222.64
2023-03-24 10:00:00,285.31,322.77
2023-03-24 11:00:00,352.73,385.66
2023-03-24 12:00:00,360.53,414.02
2023-03-24 13:00:00,334.05,378.92
2023-03-24 14:00:00,268.68,303.23
2023-03-24 15:00:00,164.33,202.43
2023-03-24 16:00:00,89.2,132.46
2023-03-24 17:00:00,22.16,78.64
2023-03-24 18:00:00,0.0,43.38
2023-03-24 19:00:00,0.0,42.29
2023-03-24 20:00:00,0.0,35.46
2023-03-24 21:00:00,0.0,51.95
2023-03-24 22:00:00,0.0,43.45
2023-03-24 23:00:00,0.0,30.49
2023-03-25 00:00:00,0.0,58.92
2023-03-25 01:00:00,0.0,54.47
2023-03-25 02:00:00,0.0,51.71
2023-03-25 03:00:00,0.0,56.07
2023-03-25 04:00:00,0.0,57.2
2023-03-25 05:00:00,0.0,40.12
2023-03-25 06:00:00,0.0,48.26
2023-03-25 07:00:00,22.27,58.93
2023-03-25 08:00:00,80.3,130.08
2023-03-25 09:00:00,185.14,237.97
2023-03-25 10:00:00,252.06,288.22
2023-03-25 11:00:00,323.0,369.4
2023-03-25 12:00:00,380.44,436.68
2023-03-25 13:00:00,354.75,410.26
2023-03-25 14:00:00,287.84,331.8
2023-03-25 15:00:00,158.15,190.66
2023-03-25 16:00:00,85.38,123.11
2023-03-25 17:00:00,21.79,80.39
2023-03-25 18:00:00,0.0,58.78
2023-03-25 19:00:00,0.0,52.83
2023-03-25 20:00:00,0.0,49.23
2023-03-25 21:00:00,0.0,50.28
2023-03-25 22:00:00,0.0,39.94
2023-03-25 23:00:00,0.0,49.39
2023-03-26 00:00:00,0.0,35.6
2023-03-26 01:00:00,0.0,58.13
2023-03-26 02:00:00,0.0,39.05
2023-03-26 03:00:00,0.0,37.66
2023-03-26 04:00:00,0.0,51.33
2023-03-26 05:00:00,0.0,49.69
2023-03-26 06:00:00,0.0,48.97
2023-03-26 07:00:00,21.74,71.94
2023-03-26 08:00:00,83.18,121.37
2023-03-26 09:00:00,162.37,202.34
2023-03-26 10:00:00,252.89,296.52
2023-03-26 11:00:00,304.92,340.71
2023-03-26 12:00:00,352.67,386.54
2023-03-26 13:00:00,339.15,397.47
2023-03-26 14:00:00,258.16,315.19
2023-03-26 15:00:00,160.02,191.31
2023-03-26 16:00:00,91.47,144.3
2023-03-26 17:00:00,25.11,56.81
2023-03-26 18:00:00,0.0,41.3
2023-03-26 19:00:00,0.0,39.1
2023-03-26 20:00:00,0.0,35.19
2023-03-26 21:00:00,0.0,59.88
2023-03-26 22:00:00,0.0,31.91
2023-03-26 23:00:00,0.0,54.81
2023-03-27 00:00:00,0.0,49.18
2023-03-27 01:00:00,0.0,52.05
2023-03-27 02:00:00,0.0,51.35
2023-03-27 03:00:00,0.0,55.75
2023-03-27 04:00:00,0.0,35.51
2023-03-27 05:00:00,0.0,30.02
2023-03-27 06:00:00,0.0,40.62
2023-03-27 07:00:00,21.56,57.14
2023-03-27 08:00:00,84.3,116.41
2023-03-27 09:00:00,158.49,215.97
2023-03-27 10:00:00,251.83,311.3
2023-03-27 11:00:00,358.07,392.35
2023-03-27 12:00:00,365.42,413.44
2023-03-27 13:00:00,339.27,372.16
2023-03-27 14:00:00,245.01,277.31
2023-03-27 15:00:00,178.63,238.23
2023-03-27 16:00:00,90.56,141.88
2023-03-27 17:00:00,25.81,76.15
2023-03-27 18:00:00,0.0,56.01
2023-03-27 19:00:00,0.0,40.94
2023-03-27 20:00:00,0.0,30.13
2023-03-27 21:00:00,0.0,45.22
2023-03-27 22:00:00,0.0,58.11
2023-03-27 23:00:00,0.0,37.72
2023-03-28 00:00:00,0.0,44.75
2023-03-28 01:00:00,0.0,35.21
2023-03-28 02:00:00,0.0,31.73
2023-03-28 03:00:00,0.0,32.42
2023-03-28 04:00:00,0.0,51.81
2023-03-28 05:00:00,0.0,55.92
2023-03-28 06:00:00,0.0,38.65
2023-03-28 07:00:00,21.92,52.73
2023-03-28 08:00:00,88.38,139.38
2023-03-28 09:00:00,180.24,221.88
2023-03-28 10:00:00,265.24,298.06
2023-03-28 11:00:00,302.44,360.39
2023-03-28 12:00:00,368.85,426.53
2023-03-28 13:00:00,354.79,404.27
2023-03-28 14:00:00,285.84,328.34
2023-03-28 15:00:00,156.53,188.41
2023-03-28 16:00:00,80.21,113.07
2023-03-28 17:00:00,22.69,73.73
2023-03-28 18:00:00,0.0,47.71
2023-03-28 19:00:00,0.0,34.39
2023-03-28 20:00:00,0.0,52.44
2023-03-28 21:00:00,0.0,40.64
2023-03-28 22:00:00,0.0,30.39
2023-03-28 23:00:00,0.0,38.42
2023-03-29 00:00:00,0.0,39.92
2023-03-29 01:00:00,0.0,38.23
2023-03-29 02:00:00,0.0,54.36
2023-03-29 03:00:00,0.0,52.8
2023-03-29 04:00:00,0.0,50.87
2023-03-29 05:00:00,0.0,34.17
2023-03-29 06:00:00,0.0,50.32
2023-03-29 07:00:00,21.91,71.35
2023-03-29 08:00:00,87.1,130.28
2023-03-29 09:00:00,160.53,206.08
2023-03-29 10:00:00,240.12,275.05
2023-03-29 11:00:00,300.95,359.57
2023-03-29 12:00:00,333.77,374.43
2023-03-29 13:00:00,313.96,370.91
2023-03-29 14:00:00,265.68,323.25
2023-03-29 15:00:00,167.44,200.89
2023-03-29 16:00:00,88.43,128.8
2023-03-29 17:00:00,24.91,81.29
2023-03-29 18:00:00,0.0,59.14
2023-03-29 19:00:00,0.0,46.59
2023-03-29 20:00:00,0.0,38.13
2023-03-29 21:00:00,0.0,44.67
2023-03-29 22:00:00,0.0,31.12
2023-03-29 23:00:00,0.0,54.12
2023-03-30 00:00:00,0.0,33.04
2023-03-30 01:00:00,0.0,39.26
2023-03-30 02:00:00,0.0,46.96
2023-03-30 03:00:00,0.0,31.29
2023-03-30 04:00:00,0.0,32.38
2023-03-30 05:00:00,0.0,50.88
2023-03-30 06:00:00,0.0,44.31
2023-03-30 07:00:00,22.62,59.46
2023-03-30 08:00:00,81.67,134.57
2023-03-30 09:00:00,191.42,225.63
2023-03-30 10:00:00,287.57,335.41
2023-03-30 11:00:00,335.91,387.21
2023-03-30 12:00:00,364.62,419.21
2023-03-30 13:00:00,325.05,371.05
2023-03-30 14:00:00,252.48,285.64
2023-03-30 15:00:00,180.86,211.87
2023-03-30 16:00:00,83.27,116.1
2023-03-30 17:00:00,21.89,71.05
2023-03-30 18:00:00,0.0,42.63
2023-03-30 19:00:00,0.0,32.71
2023-03-30 20:00:00,0.0,43.0
2023-03-30 21:00:00,0.0,40.58
2023-03-30 22:00:00,0.0,51.61
2023-03-30 23:00:00,0.0,47.37
2023-03-31 00:00:00,0.0,44.75
2023-03-31 01:00:00,0.0,44.61
2023-03-31 02:00:00,0.0,58.99
2023-03-31 03:00:00,0.0,52.69
2023-03-31 04:00:00,0.0,44.91
2023-03-31 05:00:00,0.0,44.38
2023-03-31 06:00:00,0.0,58.28
2023-03-31 07:00:00,22.53,60.21
2023-03-31 08:00:00,96.59,148.15
2023-03-31 09:00:00,158.14,190.0
2023-03-31 10:00:00,236.01,284.0
2023-03-31 11:00:00,296.76,354.76
2023-03-31 12:00:00,381.76,428.14
2023-03-31 13:00:00,334.19,372.95
2023-03-31 14:00:00,238.13,290.25
2023-03-31 15:00:00,160.15,192.72
2023-03-31 16:00:00,83.93,114.3
2023-03-31 17:00:00,23.09,74.32
2023-03-31 18:00:00,0.0,48.13
2023-03-31 19:00:00,0.0,55.41
2023-03-31 20:00:00,0.0,42.2
2023-03-31 21:00:00,0.0,55.46
2023-03-31 22:00:00,0.0,45.19
2023-03-31 23:00:00,0.0,36.69
2023-04-01 00:00:00,0.0,58.32
2023-04-01 01:00:00,0.0,38.25
2023-04-01 02:00:00,0.0,30.79
2023-04-01 03:00:00,0.0,37.28
2023-04-01 04:00:00,0.0,41.0
2023-04-01 05:00:00,0.0,40.54
2023-04-01 06:00:00,0.0,56.49
2023-04-01 07:00:00,22.39,68.01
2023-04-01 08:00:00,84.46,139.11
2023-04-01 09:00:00,162.2,195.31
2023-04-01 10:00:00,262.37,312.53
2023-04-01 11:00:00,346.47,394.16
2023-04-01 12:00:00,369.76,411.54
2023-04-01 13:00:00,294.1,327.58
2023-04-01 14:00:00,236.74,276.61
2023-04-01 15:00:00,174.63,215.32
2023-04-01 16:00:00,88.52,132.94
2023-04-01 17:00:00,24.3,74.31
2023-04-01 18:00:00,0.0,40.39
2023-04-01 19:00:00,0.0,47.55
2023-04-01 20:00:00,0.0,47.89
2023-04-01 21:00:00,0.0,39.44
2023-04-01 22:00:00,0.0,39.91
2023-04-01 23:00:00,0.0,50.82
2023-04-02 00:00:00,0.0,49.42
2023-04-02 01:00:00,0.0,34.05
2023-04-02 02:00:00,0.0,43.23
2023-04-02 03:00:00,0.0,56.78
2023-04-02 04:00:00,0.0,31.09
2023-04-02 05:00:00,0.0,55.65
2023-04-02 06:00:00,0.0,45.22
2023-04-02 07:00:00,23.05,53.35
2023-04-02 08:00:00,95.04,138.69
2023-04-02 09:00:00,191.52,230.12
2023-04-02 10:00:00,282.42,340.09
2023-04-02 11:00:00,330.08,366.16
2023-04-02 12:00:00,363.23,409.7
2023-04-02 13:00:00,356.71,399.89
2023-04-02 14:00:00,249.42,283.57
2023-04-02 15:00:00,182.11,241.33
2023-04-02 16:00:00,78.72,130.93
2023-04-02 17:00:00,25.52,57.76
2023-04-02 18:00:00,0.0,50.76
2023-04-02 19:00:00,0.0,49.44
2023-04-02 20:00:00,0.0,32.06
2023-04-02 21:00:00,0.0,55.03
2023-04-02 22:00:00,0.0,45.7
2023-04-02 23:00:00,0.0,57.22
2023-04-03 00:00:00,0.0,56.34
2023-04-03 01:00:00,0.0,54.38
2023-04-03 02:00:00,0.0,45.48
2023-04-03 03:00:00,0.0,37.55
2023-04-03 04:00:00,0.0,45.18
2023-04-03 05:00:00,0.0,33.02
2023-04-03 06:00:00,0.0,34.02
2023-04-03 07:00:00,23.47,55.1
2023-04-03 08:00:00,83.71,120.67
2023-04-03 09:00:00,179.22,232.82
2023-04-03 10:00:00,237.76,293.27
2023-04-03 11:00:00,350.96,391.23
2023-04-03 12:00:00,361.3,403.38
2023-04-03 13:00:00,302.43,348.29
2023-04-03 14:00:00,239.37,295.72
2023-04-03 15:00:00,190.41,245.06
2023-04-03 16:00:00,88.55,135.28
2023-04-03 17:00:00,25.81,63.25
2023-04-03 18:00:00,0.0,46.86
2023-04-03 19:00:00,0.0,39.86
2023-04-03 20:00:00,0.0,39.67
2023-04-03 21:00:00,0.0,30.21
2023-04-03 22:00:00,0.0,47.89
2023-04-03 23:00:00,0.0,37.92
2023-04-04 00:00:00,0.0,35.64
2023-04-04 01:00:00,0.0,31.21
2023-04-04 02:00:00,0.0,40.93
2023-04-04 03:00:00,0.0,56.37
2023-04-04 04:00:00,0.0,40.1
2023-04-04 05:00:00,0.0,50.37
2023-04-04 06:00:00,0.0,39.84
2023-04-04 07:00:00,25.0,75.76
2023-04-04 08:00:00,88.49,118.52
2023-04-04 09:00:00,157.69,217.42
2023-04-04 10:00:00,277.78,335.91
2023-04-04 11:00:00,353.81,384.42
2023-04-04 12:00:00,371.08,414.61
2023-04-04 13:00:00,346.07,376.27
2023-04-04 14:00:00,250.51,303.05
2023-04-04 15:00:00,185.58,234.17
2023-04-04 16:00:00,83.74,123.05
2023-04-04 17:00:00,25.72,68.9
2023-04-04 18:00:00,0.0,46.57
2023-04-04 19:00:00,0.0,42.29
2023-04-04 20:00:00,0.0,46.58
2023-04-04 21:00:00,0.0,42.97
2023-04-04 22:00:00,0.0,54.8
2023-04-04 23:00:00,0.0,57.27
2023-04-05 00:00:00,0.0,57.96
2023-04-05 01:00:00,0.0,46.93
2023-04-05 02:00:00,0.0,43.26
2023-04-05 03:00:00,0.0,51.16
2023-04-05 04:00:00,0.0,55.15
2023-04-05 05:00:00,0.0,46.89
2023-04-05 06:00:00,0.0,52.49
2023-04-05 07:00:00,24.29,76.67
2023-04-05 08:00:00,82.04,126.99
2023-04-05 09:00:00,178.05,208.12
2023-04-05 10:00:00,281.85,330.15
2023-04-05 11:00:00,300.71,355.2
2023-04-05 12:00:00,365.58,418.33
2023-04-05 13:00:00,318.77,374.4
2023-04-05 14:00:00,257.45,304.57
2023-04-05 15:00:00,156.42,205.77
2023-04-05 16:00:00,91.41,138.42
2023-04-05 17:00:00,23.4,77.7
2023-04-05 18:00:00,0.0,38.34
2023-04-05 19:00:00,0.0,58.77
2023-04-05 20:00:00,0.0,51.22
2023-04-05 21:00:00,0.0,59.64
2023-04-05 22:00:00,0.0,59.14
2023-04-05 23:00:00,0.0,57.57
2023-04-06 00:00:00,0.0,52.66
2023-04-06 01:00:00,0.0,48.28
2023-04-06 02:00:00,0.0,35.17
2023-04-06 03:00:00,0.0,46.3
2023-04-06 04:00:00,0.0,52.96
2023-04-06 05:00:00,0.0,45.63
2023-04-06 06:00:00,0.0,33.29
2023-04-06 07:00:00,22.83,68.01
2023-04-06 08:00:00,86.15,119.41
2023-04-06 09:00:00,162.05,217.18
2023-04-06 10:00:00,261.34,292.8
2023-04-06 11:00:00,292.98,337.18
2023-04-06 12:00:00,324.9,376.05
2023-04-06 13:00:00,346.46,383.31
2023-04-06 14:00:00,267.29,301.92
2023-04-06 15:00:00,167.57,224.23
2023-04-06 16:00:00,88.21,144.79
2023-04-06 17:00:00,22.06,61.96
2023-04-06 18:00:00,0.0,44.4
2023-04-06 19:00:00,0.0,59.93
2023-04-06 20:00:00,0.0,33.43
2023-04-06 21:00:00,0.0,55.56
2023-04-06 22:00:00,0.0,55.91
2023-04-06 23:00:00,0.0,46.6
2023-04-07 00:00:00,0.0,40.32
2023-04-07 01:00:00,0.0,45.58
2023-04-07 02:00:00,0.0,38.77
2023-04-07 03:00:00,0.0,53.97
2023-04-07 04:00:00,0.0,44.95
2023-04-07 05:00:00,0.0,57.78
2023-04-07 06:00:00,0.0,45.43
2023-04-07 07:00:00,24.46,69.58
2023-04-07 08:00:00,94.84,130.37
2023-04-07 09:00:00,192.22,246.59
2023-04-07 10:00:00,282.11,326.6
2023-04-07 11:00:00,349.34,388.54
2023-04-07 12:00:00,368.88,403.09
2023-04-07 13:00:00,312.93,356.3
2023-04-07 14:00:00,252.39,294.0
2023-04-07 15:00:00,186.58,224.28
2023-04-07 16:00:00,91.91,124.12
2023-04-07 17:00:00,24.73,78.49
2023-04-07 18:00:00,0.0,51.67
2023-04-07 19:00:00,0.0,57.45
2023-04-07 20:00:00,0.0,54.02
2023-04-07 21:00:00,0.0,41.71
2023-04-07 22:00:00,0.0,44.53
2023-04-07 23:00:00,0.0,53.38
2023-04-08 00:00:00,0.0,38.78
2023-04-08 01:00:00,0.0,54.12
2023-04-08 02:00:00,0.0,39.84
2023-04-08 03:00:00,0.0,54.18
2023-04-08 04:00:00,0.0,32.6
2023-04-08 05:00:00,0.0,31.33
2023-04-08 06:00:00,0.0,56.08
2023-04-08 07:00:00,25.31,83.85
2023-04-08 08:00:00,86.27,124.88
2023-04-08 09:00:00,161.18,206.22
2023-04-08 10:00:00,246.75,304.82
2023-04-08 11:00:00,292.12,326.42
2023-04-08 12:00:00,330.94,366.91
2023-04-08 13:00:00,307.35,357.03
2023-04-08 14:00:00,252.68,301.13
2023-04-08 15:00:00,189.16,237.24
2023-04-08 16:00:00,90.98,131.95
2023-04-08 17:00:00,21.74,61.36
2023-04-08 18:00:00,0.0,48.65
2023-04-08 19:00:00,0.0,38.33
2023-04-08 20:00:00,0.0,43.53
2023-04-08 21:00:00,0.0,55.07
2023-04-08 22:00:00,0.0,50.05
2023-04-08 23:00:00,0.0,46.82
2023-04-09 00:00:00,0.0,56.55
2023-04-09 01:00:00,0.0,50.17
2023-04-09 02:00:00,0.0,49.28
2023-04-09 03:00:00,0.0,35.69
2023-04-09 04:00:00,0.0,33.19
2023-04-09 05:00:00,0.0,58.95
2023-04-09 06:00:00,0.0,42.47
2023-04-09 07:00:00,23.86,55.71
2023-04-09 08:00:00,93.33,129.83
2023-04-09 09:00:00,186.01,232.04
2023-04-09 10:00:00,249.87,280.78
2023-04-09 11:00:00,347.87,383.16
2023-04-09 12:00:00,316.61,369.29
2023-04-09 13:00:00,315.88,357.56
2023-04-09 14:00:00,248.24,304.02
2023-04-09 15:00:00,167.34,203.65
2023-04-09 16:00:00,83.89,119.98
2023-04-09 17:00:00,22.52,55.01
2023-04-09 18:00:00,0.0,42.51
2023-04-09 19:00:00,0.0,56.38
2023-04-09 20:00:00,0.0,31.72
2023-04-09 21:00:00,0.0,36.38
2023-04-09 22:00:00,0.0,57.25
2023-04-09 23:00:00,0.0,56.7
2023-04-10 00:00:00,0.0,50.38
2023-04-10 01:00:00,0.0,37.21
2023-04-10 02:00:00,0.0,42.59
2023-04-10 03:00:00,0.0,36.34
2023-04-10 04:00:00,0.0,33.86
2023-04-10 05:00:00,0.0,41.4
2023-04-10 06:00:00,0.0,40.8
2023-04-10 07:00:00,23.97,62.86
2023-04-10 08:00:00,84.56,138.28
2023-04-10 09:00:00,188.72,228.38
2023-04-10 10:00:00,266.15,304.49
2023-04-10 11:00:00,295.51,347.65
2023-04-10 12:00:00,325.39,368.16
2023-04-10 13:00:00,325.29,360.82
2023-04-10 14:00:00,239.82,280.26
2023-04-10 15:00:00,191.44,239.89
2023-04-10 16:00:00,85.22,116.39
2023-04-10 17:00:00,23.91,56.68
2023-04-10 18:00:00,0.0,52.56
2023-04-10 19:00:00,0.0,42.71
2023-04-10 20:00:00,0.0,38.98
2023-04-10 21:00:00,0.0,31.42
2023-04-10 22:00:00,0.0,30.74
2023-04-10 23:00:00,0.0,42.9
2023-04-11 00:00:00,0.0,56.5
2023-04-11 01:00:00,0.0,37.32
2023-04-11 02:00:00,0.0,47.22
2023-04-11 03:00:00,0.0,50.53
2023-04-11 04:00:00,0.0,31.82
2023-04-11 05:00:00,0.0,34.59
2023-04-11 06:00:00,0.0,50.1
2023-04-11 07:00:00,23.12,75.15
2023-04-11 08:00:00,94.16,146.91
2023-04-11 09:00:00,192.91,245.54
2023-04-11 10:00:00,281.64,336.61
2023-04-11 11:00:00,341.99,396.04
2023-04-11 12:00:00,381.59,425.85
2023-04-11 13:00:00,335.68,381.13
2023-04-11 14:00:00,281.58,324.52
2023-04-11 15:00:00,186.57,240.55
2023-04-11 16:00:00,95.9,133.37
2023-04-11 17:00:00,24.45,77.16
2023-04-11 18:00:00,0.0,57.21
2023-04-11 19:00:00,0.0,47.21
2023-04-11 20:00:00,0.0,47.37
2023-04-11 21:00:00,0.0,35.02
2023-04-11 22:00:00,0.0,59.25
2023-04-11 23:00:00,0.0,37.65
2023-04-12 00:00:00,0.0,51.74
2023-04-12 01:00:00,0.0,53.87
2023-04-12 02:00:00,0.0,43.24
2023-04-12 03:00:00,0.0,36.34
2023-04-12 04:00:00,0.0,35.67
2023-04-12 05:00:00,0.0,55.69
2023-04-12 06:00:00,0.0,32.7
2023-04-12 07:00:00,24.49,62.0
2023-04-12 08:00:00,94.33,133.62
2023-04-12 09:00:00,163.77,196.32
2023-04-12 10:00:00,262.84,306.36
2023-04-12 11:00:00,343.44,387.38
2023-04-12 12:00:00,338.1,375.95
2023-04-12 13:00:00,310.95,368.79
2023-04-12 14:00:00,243.71,303.36
2023-04-12 15:00:00,168.43,201.08
2023-04-12 16:00:00,82.78,114.53
2023-04-12 17:00:00,24.85,70.23
2023-04-12 18:00:00,0.0,49.86
2023-04-12 19:00:00,0.0,48.92
2023-04-12 20:00:00,0.0,58.2
2023-04-12 21:00:00,0.0,58.84
2023-04-12 22:00:00,0.0,50.42
2023-04-12 23:00:00,0.0,54.53
2023-04-13 00:00:00,0.0,53.77
2023-04-13 01:00:00,0.0,44.74
2023-04-13 02:00:00,0.0,51.13
2023-04-13 03:00:00,0.0,32.35
2023-04-13 04:00:00,0.0,52.74
2023-04-13 05:00:00,0.0,58.85
2023-04-13 06:00:00,0.0,55.08
2023-04-13 07:00:00,25.55,62.34
2023-04-13 08:00:00,87.86,145.7
2023-04-13 09:00:00,191.74,225.58
2023-04-13 10:00:00,253.87,304.81
2023-04-13 11:00:00,307.06,346.8
2023-04-13 12:00:00,314.51,349.12
2023-04-13 13:00:00,330.46,380.05
2023-04-13 14:00:00,270.42,323.77
2023-04-13 15:00:00,171.68,209.88
2023-04-13 16:00:00,78.49,114.69
2023-04-13 17:00:00,22.49,57.84
2023-04-13 18:00:00,0.0,34.72
2023-04-13 19:00:00,0.0,49.98
2023-04-13 20:00:00,0.0,48.89
2023-04-13 21:00:00,0.0,58.07
2023-04-13 22:00:00,0.0,53.95
2023-04-13 23:00:00,0.0,47.03
2023-04-14 00:00:00,0.0,34.13
2023-04-14 01:00:00,0.0,46.92
2023-04-14 02:00:00,0.0,31.85
2023-04-14 03:00:00,0.0,42.93
2023-04-14 04:00:00,0.0,41.71
2023-04-14 05:00:00,0.0,42.83
2023-04-14 06:00:00,0.0,50.57
2023-04-14 07:00:00,25.1,78.16
2023-04-14 08:00:00,89.75,135.9
2023-04-14 09:00:00,157.54,209.23
2023-04-14 10:00:00,264.68,302.8
2023-04-14 11:00:00,314.36,372.43
2023-04-14 12:00:00,358.75,403.03
2023-04-14 13:00:00,334.48,376.89
2023-04-14 14:00:00,260.55,299.26
2023-04-14 15:00:00,172.59,223.16
2023-04-14 16:00:00,78.93,132.78
2023-04-14 17:00:00,22.35,72.83
2023-04-14 18:00:00,0.0,49.58
2023-04-14 19:00:00,0.0,48.24
2023-04-14 20:00:00,0.0,58.77
2023-04-14 21:00:00,0.0,45.25
2023-04-14 22:00:00,0.0,51.97
2023-04-14 23:00:00,0.0,51.16
2023-04-15 00:00:00,0.0,37.09
2023-04-15 01:00:00,0.0,38.5
2023-04-15 02:00:00,0.0,42.72
2023-04-15 03:00:00,0.0,38.33
2023-04-15 04:00:00,0.0,41.0
2023-04-15 05:00:00,0.0,41.73
2023-04-15 06:00:00,0.0,36.6
2023-04-15 07:00:00,24.92,68.05
2023-04-15 08:00:00,91.19,123.63
2023-04-15 09:00:00,173.69,204.54
2023-04-15 10:00:00,271.91,312.22
2023-04-15 11:00:00,357.03,396.75
2023-04-15 12:00:00,354.3,392.02
2023-04-15 13:00:00,334.43,378.44
2023-04-15 14:00:00,255.06,291.17
2023-04-15 15:00:00,160.5,194.1
2023-04-15 16:00:00,96.58,138.95
2023-04-15 17:00:00,20.96,79.55
2023-04-15 18:00:00,0.0,42.56
2023-04-15 19:00:00,0.0,51.52
2023-04-15 20:00:00,0.0,57.44
2023-04-15 21:00:00,0.0,51.39
2023-04-15 22:00:00,0.0,43.91
2023-04-15 23:00:00,0.0,59.23
2023-04-16 00:00:00,0.0,31.18
2023-04-16 01:00:00,0.0,59.61
2023-04-16 02:00:00,0.0,55.48
2023-04-16 03:00:00,0.0,57.87
2023-04-16 04:00:00,0.0,37.64
2023-04-16 05:00:00,0.0,34.27
2023-04-16 06:00:00,0.0,45.48
2023-04-16 07:00:00,23.53,81.27
2023-04-16 08:00:00,89.61,128.94
2023-04-16 09:00:00,171.12,205.12
2023-04-16 10:00:00,245.22,279.52
2023-04-16 11:00:00,347.49,398.64
2023-04-16 12:00:00,351.83,393.06
2023-04-16 13:00:00,337.75,392.14
2023-04-16 14:00:00,283.24,329.65
2023-04-16 15:00:00,186.57,231.91
2023-04-16 16:00:00,86.93,142.89
2023-04-16 17:00:00,22.86,64.74
2023-04-16 18:00:00,0.0,45.56
2023-04-16 19:00:00,0.0,46.35
2023-04-16 20:00:00,0.0,49.81
2023-04-16 21:00:00,0.0,42.92
2023-04-16 22:00:00,0.0,36.54
2023-04-16 23:00:00,0.0,56.01
2023-04-17 00:00:00,0.0,40.38
2023-04-17 01:00:00,0.0,57.69
2023-04-17 02:00:00,0.0,36.22
2023-04-17 03:00:00,0.0,46.8
2023-04-17 04:00:00,0.0,46.1
2023-04-17 05:00:00,0.0,54.86
2023-04-17 06:00:00,0.0,57.3
2023-04-17 07:00:00,23.57,71.15
2023-04-17 08:00:00,87.59,118.67
2023-04-17 09:00:00,174.69,212.6
2023-04-17 10:00:00,253.52,302.99
2023-04-17 11:00:00,326.02,358.82
2023-04-17 12:00:00,318.18,353.75
2023-04-17 13:00:00,304.95,353.2
2023-04-17 14:00:00,244.42,300.87
2023-04-17 15:00:00,164.12,196.85
2023-04-17 16:00:00,94.31,133.17
2023-04-17 17:00:00,23.05,81.82
2023-04-17 18:00:00,0.0,51.45
2023-04-17 19:00:00,0.0,32.07
2023-04-17 20:00:00,0.0,47.8
2023-04-17 21:00:00,0.0,59.67
2023-04-17 22:00:00,0.0,58.41
2023-04-17 23:00:00,0.0,33.18
2023-04-18 00:00:00,0.0,41.88
2023-04-18 01:00:00,0.0,39.47
2023-04-18 02:00:00,0.0,33.89
2023-04-18 03:00:00,0.0,50.84
2023-04-18 04:00:00,0.0,38.22
2023-04-18 05:00:00,0.0,40.35
2023-04-18 06:00:00,0.0,44.94
2023-04-18 07:00:00,21.73,64.69
2023-04-18 08:00:00,80.84,139.46
2023-04-18 09:00:00,161.74,207.4
2023-04-18 10:00:00,245.47,277.76
2023-04-18 11:00:00,305.74,337.38
2023-04-18 12:00:00,323.06,367.86
2023-04-18 13:00:00,336.61,369.23
2023-04-18 14:00:00,258.94,306.38
2023-04-18 15:00:00,165.02,206.18
2023-04-18 16:00:00,79.52,116.12
2023-04-18 17:00:00,23.25,82.96
2023-04-18 18:00:00,0.0,59.39
2023-04-18 19:00:00,0.0,42.69
2023-04-18 20:00:00,0.0,32.42
2023-04-18 21:00:00,0.0,39.71
2023-04-18 22:00:00,0.0,37.13
2023-04-18 23:00:00,0.0,30.42
2023-04-19 00:00:00,0.0,32.86
2023-04-19 01:00:00,0.0,43.6
2023-04-19 02:00:00,0.0,40.19
2023-04-19 03:00:00,0.0,35.41
2023-04-19 04:00:00,0.0,51.48
2023-04-19 05:00:00,0.0,40.71
2023-04-19 06:00:00,0.0,37.23
2023-04-19 07:00:00,23.61,59.13
2023-04-19 08:00:00,87.31,121.88
2023-04-19 09:00:00,162.35,210.72
2023-04-19 10:00:00,249.16,284.33
2023-04-19 11:00:00,355.69,386.98
2023-04-19 12:00:00,354.39,400.84
2023-04-19 13:00:00,309.06,352.64
2023-04-19 14:00:00,239.44,291.08
2023-04-19 15:00:00,164.56,200.36
2023-04-19 16:00:00,83.99,141.06
2023-04-19 17:00:00,24.88,83.29
2023-04-19 18:00:00,0.0,49.89
2023-04-19 19:00:00,0.0,44.4
2023-04-19 20:00:00,0.0,57.16
2023-04-19 21:00:00,0.0,45.33
2023-04-19 22:00:00,0.0,40.65
2023-04-19 23:00:00,0.0,49.21
2023-04-20 00:00:00,0.0,46.38
2023-04-20 01:00:00,0.0,33.72
2023-04-20 02:00:00,0.0,41.78
2023-04-20 03:00:00,0.0,39.4
2023-04-20 04:00:00,0.0,55.41
2023-04-20 05:00:00,0.0,41.37
2023-04-20 06:00:00,0.0,43.27
2023-04-20 07:00:00,24.67,58.73
2023-04-20 08:00:00,95.21,139.63
2023-04-20 09:00:00,165.96,203.2
2023-04-20 10:00:00,249.23,290.23
2023-04-20 11:00:00,341.12,399.61
2023-04-20 12:00:00,362.04,408.45
2023-04-20 13:00:00,322.65,377.5
2023-04-20 14:00:00,281.5,320.29
2023-04-20 15:00:00,191.49,233.34
2023-04-20 16:00:00,92.92,151.92
2023-04-20 17:00:00,24.42,59.27
2023-04-20 18:00:00,0.0,33.56
2023-04-20 19:00:00,0.0,53.67
2023-04-20 20:00:00,0.0,38.44
2023-04-20 21:00:00,0.0,50.86
2023-04-20 22:00:00,0.0,57.3
2023-04-20 23:00:00,0.0,35.43
2023-04-21 00:00:00,0.0,41.79
2023-04-21 01:00:00,0.0,49.41
2023-04-21 02:00:00,0.0,42.59
2023-04-21 03:00:00,0.0,35.24
2023-04-21 04:00:00,0.0,30.87
2023-04-21 05:00:00,0.0,42.2
2023-04-21 06:00:00,0.0,47.22
2023-04-21 07:00:00,21.72,65.24
2023-04-21 08:00:00,85.0,123.23
2023-04-21 09:00:00,183.24,222.53
2023-04-21 10:00:00,264.42,322.12
2023-04-21 11:00:00,328.88,377.39
2023-04-21 12:00:00,318.19,353.53
2023-04-21 13:00:00,298.78,351.72
2023-04-21 14:00:00,280.74,316.33
2023-04-21 15:00:00,164.47,204.17
2023-04-21 16:00:00,89.08,137.73
2023-04-21 17:00:00,24.34,81.5
2023-04-21 18:00:00,0.0,49.76
2023-04-21 19:00:00,0.0,46.79
2023-04-21 20:00:00,0.0,39.18
2023-04-21 21:00:00,0.0,57.22
2023-04-21 22:00:00,0.0,32.86
2023-04-21 23:00:00,0.0,51.36
2023-04-22 00:00:00,0.0,51.84
2023-04-22 01:00:00,0.0,57.46
2023-04-22 02:00:00,0.0,45.56
2023-04-22 03:00:00,0.0,39.65
2023-04-22 04:00:00,0.0,54.83
2023-04-22 05:00:00,0.0,53.12
2023-04-22 06:00:00,0.0,53.04
2023-04-22 07:00:00,22.27,69.96
2023-04-22 08:00:00,94.12,133.66
2023-04-22 09:00:00,174.19,232.72
2023-04-22 10:00:00,278.66,335.27
2023-04-22 11:00:00,318.3,378.2
2023-04-22 12:00:00,324.03,369.59
2023-04-22 13:00:00,324.76,378.71
2023-04-22 14:00:00,284.76,336.69
2023-04-22 15:00:00,179.47,222.29
2023-04-22 16:00:00,87.59,132.87
2023-04-22 17:00:00,21.05,66.14
2023-04-22 18:00:00,0.0,51.28
2023-04-22 19:00:00,0.0,53.87
2023-04-22 20:00:00,0.0,41.71
2023-04-22 21:00:00,0.0,45.87
2023-04-22 22:00:00,0.0,31.0
2023-04-22 23:00:00,0.0,41.49
2023-04-23 00:00:00,0.0,44.23
2023-04-23 01:00:00,0.0,37.66
2023-04-23 02:00:00,0.0,30.94
2023-04-23 03:00:00,0.0,50.71
2023-04-23 04:00:00,0.0,43.05
2023-04-23 05:00:00,0.0,42.47
2023-04-23 06:00:00,0.0,46.13
2023-04-23 07:00:00,23.11,67.33
2023-04-23 08:00:00,88.89,119.08
2023-04-23 09:00:00,189.8,221.93
2023-04-23 10:00:00,259.49,295.71
2023-04-23 11:00:00,327.81,366.22
2023-04-23 12:00:00,376.1,417.99
2023-04-23 13:00:00,335.71,373.18
2023-04-23 14:00:00,235.67,277.79
2023-04-23 15:00:00,176.14,219.93
2023-04-23 16:00:00,95.9,147.11
2023-04-23 17:00:00,25.86,64.71
2023-04-23 18:00:00,0.0,46.67
2023-04-23 19:00:00,0.0,48.35
2023-04-23 20:00:00,0.0,59.58
2023-04-23 21:00:00,0.0,49.62
2023-04-23 22:00:00,0.0,56.96
2023-04-23 23:00:00,0.0,51.77
2023-04-24 00:00:00,0.0,33.82
2023-04-24 01:00:00,0.0,50.98
2023-04-24 02:00:00,0.0,44.53
2023-04-24 03:00:00,0.0,57.56
2023-04-24 04:00:00,0.0,54.21
2023-04-24 05:00:00,0.0,33.12
2023-04-24 06:00:00,0.0,32.09
2023-04-24 07:00:00,23.39,55.81
2023-04-24 08:00:00,91.52,138.09
2023-04-24 09:00:00,187.16,225.55
2023-04-24 10:00:00,263.26,296.78
2023-04-24 11:00:00,352.59,387.84
2023-04-24 12:00:00,320.33,356.48
2023-04-24 13:00:00,347.21,380.38
2023-04-24 14:00:00,268.52,320.91
2023-04-24 15:00:00,184.04,219.74
2023-04-24 16:00:00,79.33,122.79
2023-04-24 17:00:00,21.95,72.93
2023-04-24 18:00:00,0.0,43.48
2023-04-24 19:00:00,0.0,33.4
2023-04-24 20:00:00,0.0,47.03
2023-04-24 21:00:00,0.0,35.57
2023-04-24 22:00:00,0.0,50.37
2023-04-24 23:00:00,0.0,32.14
2023-04-25 00:00:00,0.0,59.28
2023-04-25 01:00:00,0.0,50.54
2023-04-25 02:00:00,0.0,35.45
2023-04-25 03:00:00,0.0,30.42
2023-04-25 04:00:00,0.0,40.03
2023-04-25 05:00:00,0.0,34.58
2023-04-25 06:00:00,0.0,56.18
2023-04-25 07:00:00,23.93,59.22
2023-04-25 08:00:00,88.44,126.11
2023-04-25 09:00:00,192.32,223.3
2023-04-25 10:00:00,275.02,328.21
2023-04-25 11:00:00,296.46,331.62
2023-04-25 12:00:00,341.08,397.12
2023-04-25 13:00:00,328.72,378.38
2023-04-25 14:00:00,277.82,332.66
2023-04-25 15:00:00,173.93,219.19
2023-04-25 16:00:00,91.41,129.31
2023-04-25 17:00:00,25.17,55.79
2023-04-25 18:00:00,0.0,54.01
2023-04-25 19:00:00,0.0,40.21
2023-04-25 20:00:00,0.0,34.49
2023-04-25 21:00:00,0.0,35.6
2023-04-25 22:00:00,0.0,45.92
2023-04-25 23:00:00,0.0,55.39
2023-04-26 00:00:00,0.0,32.12
2023-04-26 01:00:00,0.0,30.91
2023-04-26 02:00:00,0.0,43.96
2023-04-26 03:00:00,0.0,58.69
2023-04-26 04:00:00,0.0,38.37
2023-04-26 05:00:00,0.0,58.78
2023-04-26 06:00:00,0.0,38.49
2023-04-26 07:00:00,24.98,75.56
2023-04-26 08:00:00,87.62,130.31
2023-04-26 09:00:00,186.41,240.2
2023-04-26 10:00:00,276.38,336.33
2023-04-26 11:00:00,324.71,378.92
2023-04-26 12:00:00,376.28,412.63
2023-04-26 13:00:00,294.74,336.88
2023-04-26 14:00:00,281.89,320.56
2023-04-26 15:00:00,182.16,212.38
2023-04-26 16:00:00,84.74,133.21
2023-04-26 17:00:00,21.59,78.49
2023-04-26 18:00:00,0.0,57.29
2023-04-26 19:00:00,0.0,36.49
2023-04-26 20:00:00,0.0,59.83
2023-04-26 21:00:00,0.0,48.14
2023-04-26 22:00:00,0.0,32.53
2023-04-26 23:00:00,0.0,31.96
2023-04-27 00:00:00,0.0,32.25
2023-04-27 01:00:00,0.0,47.7
2023-04-27 02:00:00,0.0,54.29
2023-04-27 03:00:00,0.0,42.09
2023-04-27 04:00:00,0.0,43.35
2023-04-27 05:00:00,0.0,47.68
2023-04-27 06:00:00,0.0,50.64
2023-04-27 07:00:00,23.28,74.7
2023-04-27 08:00:00,96.55,137.06
2023-04-27 09:00:00,156.85,190.62
2023-04-27 10:00:00,265.15,305.48
2023-04-27 11:00:00,356.39,405.21
2023-04-27 12:00:00,351.1,405.04
2023-04-27 13:00:00,309.6,364.19
2023-04-27 14:00:00,234.77,283.36
2023-04-27 15:00:00,190.8,244.44
2023-04-27 16:00:00,93.91,135.82
2023-04-27 17:00:00,25.02,71.54
2023-04-27 18:00:00,0.0,31.77
2023-04-27 19:00:00,0.0,36.05
2023-04-27 20:00:00,0.0,46.53
2023-04-27 21:00:00,0.0,31.76
2023-04-27 22:00:00,0.0,52.24
2023-04-27 23:00:00,0.0,55.2
2023-04-28 00:00:00,0.0,57.61
2023-04-28 01:00:00,0.0,33.05
2023-04-28 02:00:00,0.0,58.19
2023-04-28 03:00:00,0.0,32.03
2023-04-28 04:00:00,0.0,44.22
2023-04-28 05:00:00,0.0,55.21
2023-04-28 06:00:00,0.0,30.55
2023-04-28 07:00:00,21.08,66.42
2023-04-28 08:00:00,93.13,126.95
2023-04-28 09:00:00,160.99,208.05
2023-04-28 10:00:00,247.53,299.44
2023-04-28 11:00:00,357.06,410.04
2023-04-28 12:00:00,377.36,422.95
2023-04-28 13:00:00,349.0,384.49
2023-04-28 14:00:00,238.37,288.05
2023-04-28 15:00:00,158.31,215.08
2023-04-28 16:00:00,90.92,149.49
2023-04-28 17:00:00,22.5,67.08
2023-04-28 18:00:00,0.0,37.28
2023-04-28 19:00:00,0.0,46.26
2023-04-28 20:00:00,0.0,49.78
2023-04-28 21:00:00,0.0,59.36
2023-04-28 22:00:00,0.0,52.34
2023-04-28 23:00:00,0.0,33.54
2023-04-29 00:00:00,0.0,44.26
2023-04-29 01:00:00,0.0,47.66
2023-04-29 02:00:00,0.0,34.4
2023-04-29 03:00:00,0.0,42.96
2023-04-29 04:00:00,0.0,38.52
2023-04-29 05:00:00,0.0,33.56
2023-04-29 06:00:00,0.0,34.97
2023-04-29 07:00:00,23.87,58.96
2023-04-29 08:00:00,91.51,127.37
2023-04-29 09:00:00,189.38,220.17
2023-04-29 10:00:00,263.41,303.01
2023-04-29 11:00:00,307.3,351.45
2023-04-29 12:00:00,374.77,432.23
2023-04-29 13:00:00,312.67,347.3
2023-04-29 14:00:00,274.35,321.81
2023-04-29 15:00:00,163.8,216.61
2023-04-29 16:00:00,87.75,137.35
2023-04-29 17:00:00,22.73,65.9
2023-04-29 18:00:00,0.0,52.7
2023-04-29 19:00:00,0.0,34.71
2023-04-29 20:00:00,0.0,53.35
2023-04-29 21:00:00,0.0,53.94
2023-04-29 22:00:00,0.0,52.4
2023-04-29 23:00:00,0.0,30.58
2023-04-30 00:00:00,0.0,38.19
2023-04-30 01:00:00,0.0,44.05
2023-04-30 02:00:00,0.0,47.87
2023-04-30 03:00:00,0.0,57.58
2023-04-30 04:00:00,0.0,41.27
2023-04-30 05:00:00,0.0,56.25
2023-04-30 06:00:00,0.0,41.14
2023-04-30 07:00:00,21.21,73.48
2023-04-30 08:00:00,80.97,118.68
2023-04-30 09:00:00,184.93,230.97
2023-04-30 10:00:00,235.37,265.44
2023-04-30 11:00:00,326.91,366.06
2023-04-30 12:00:00,326.07,374.48
2023-04-30 13:00:00,307.53,355.3
2023-04-30 14:00:00,255.54,291.14
2023-04-30 15:00:00,161.48,198.59
2023-04-30 16:00:00,78.75,117.99
2023-04-30 17:00:00,25.4,80.34
2023-04-30 18:00:00,0.0,47.28
2023-04-30 19:00:00,0.0,47.02
2023-04-30 20:00:00,0.0,54.86
2023-04-30 21:00:00,0.0,37.09
2023-04-30 22:00:00,0.0,38.89
2023-04-30 23:00:00,0.0,39.05
2023-05-01 00:00:00,0.0,31.23
2023-05-01 01:00:00,0.0,39.44
2023-05-01 02:00:00,0.0,56.34
2023-05-01 03:00:00,0.0,57.36
2023-05-01 04:00:00,0.0,33.29
2023-05-01 05:00:00,0.0,43.74
2023-05-01 06:00:00,0.0,44.68
2023-05-01 07:00:00,23.69,54.3
2023-05-01 08:00:00,93.7,152.91
2023-05-01 09:00:00,180.45,230.26
2023-05-01 10:00:00,263.74,303.77
2023-05-01 11:00:00,302.08,349.6
2023-05-01 12:00:00,316.11,370.85
2023-05-01 13:00:00,320.75,363.19
2023-05-01 14:00:00,252.66,311.74
2023-05-01 15:00:00,162.84,197.38
2023-05-01 16:00:00,81.25,131.01
2023-05-01 17:00:00,25.84,62.9
2023-05-01 18:00:00,0.0,38.36
2023-05-01 19:00:00,0.0,49.44
2023-05-01 20:00:00,0.0,31.21
2023-05-01 21:00:00,0.0,44.87
2023-05-01 22:00:00,0.0,49.64
2023-05-01 23:00:00,0.0,46.09
2023-05-02 00:00:00,0.0,37.14
2023-05-02 01:00:00,0.0,54.85
2023-05-02 02:00:00,0.0,59.1
2023-05-02 03:00:00,0.0,43.78
2023-05-02 04:00:00,0.0,49.08
2023-05-02 05:00:00,0.0,53.71
2023-05-02 06:00:00,0.0,55.93
2023-05-02 07:00:00,22.34,75.61
2023-05-02 08:00:00,80.26,118.91
2023-05-02 09:00:00,176.04,221.79
2023-05-02 10:00:00,281.54,341.42
2023-05-02 11:00:00,299.21,337.35
2023-05-02 12:00:00,339.12,383.49
2023-05-02 13:00:00,325.76,381.45
2023-05-02 14:00:00,277.13,307.7
2023-05-02 15:00:00,173.14,221.68
2023-05-02 16:00:00,86.67,120.59
2023-05-02 17:00:00,22.91,65.26
2023-05-02 18:00:00,0.0,52.69
2023-05-02 19:00:00,0.0,39.64
2023-05-02 20:00:00,0.0,47.67
2023-05-02 21:00:00,0.0,45.47
2023-05-02 22:00:00,0.0,56.32
2023-05-02 23:00:00,0.0,33.66
2023-05-03 00:00:00,0.0,33.43
2023-05-03 01:00:00,0.0,39.01
2023-05-03 02:00:00,0.0,42.94
2023-05-03 03:00:00,0.0,38.96
2023-05-03 04:00:00,0.0,52.9
2023-05-03 05:00:00,0.0,37.36
2023-05-03 06:00:00,0.0,42.41
2023-05-03 07:00:00,24.77,80.29
2023-05-03 08:00:00,91.69,138.43
2023-05-03 09:00:00,183.05,233.49
2023-05-03 10:00:00,247.54,294.06
2023-05-03 11:00:00,344.76,384.27
2023-05-03 12:00:00,360.93,405.37
2023-05-03 13:00:00,326.4,359.1
2023-05-03 14:00:00,271.38,327.35
2023-05-03 15:00:00,161.6,202.58
2023-05-03 16:00:00,79.1,109.99
2023-05-03 17:00:00,25.83,70.63
2023-05-03 18:00:00,0.0,38.25
2023-05-03 19:00:00,0.0,59.4
2023-05-03 20:00:00,0.0,37.57
2023-05-03 21:00:00,0.0,51.77
2023-05-03 22:00:00,0.0,38.51
2023-05-03 23:00:00,0.0,32.11
2023-05-04 00:00:00,0.0,50.5
2023-05-04 01:00:00,0.0,30.05
2023-05-04 02:00:00,0.0,50.27
2023-05-04 03:00:00,0.0,37.51
2023-05-04 04:00:00,0.0,52.38
2023-05-04 05:00:00,0.0,53.09
2023-05-04 06:00:00,0.0,30.73
2023-05-04 07:00:00,24.42,84.12
2023-05-04 08:00:00,82.66,120.89
2023-05-04 09:00:00,186.34,221.15
2023-05-04 10:00:00,271.06,323.71
2023-05-04 11:00:00,294.4,341.01
2023-05-04 12:00:00,355.18,394.28
2023-05-04 13:00:00,352.02,386.9
2023-05-04 14:00:00,254.7,310.16
2023-05-04 15:00:00,163.42,218.06
2023-05-04 16:00:00,79.65,124.33
2023-05-04 17:00:00,21.33,71.67
2023-05-04 18:00:00,0.0,55.5
2023-05-04 19:00:00,0.0,59.44
2023-05-04 20:00:00,0.0,50.16
2023-05-04 21:00:00,0.0,53.07
2023-05-04 22:00:00,0.0,45.17
2023-05-04 23:00:00,0.0,57.38
2023-05-05 00:00:00,0.0,49.31
2023-05-05 01:00:00,0.0,56.51
2023-05-05 02:00:00,0.0,37.06
2023-05-05 03:00:00,0.0,44.9
2023-05-05 04:00:00,0.0,51.89
2023-05-05 05:00:00,0.0,36.08
2023-05-05 06:00:00,0.0,59.34
2023-05-05 07:00:00,23.1,58.55
2023-05-05 08:00:00,84.3,126.22
2023-05-05 09:00:00,179.33,237.02
2023-05-05 10:00:00,289.06,338.61
2023-05-05 11:00:00,339.91,379.56
2023-05-05 12:00:00,375.89,412.42
2023-05-05 13:00:00,299.15,358.35
2023-05-05 14:00:00,282.3,321.41
2023-05-05 15:00:00,181.25,225.26
2023-05-05 16:00:00,84.15,122.75
2023-05-05 17:00:00,21.62,68.1
2023-05-05 18:00:00,0.0,45.37
2023-05-05 19:00:00,0.0,36.46
2023-05-05 20:00:00,0.0,58.16
2023-05-05 21:00:00,0.0,49.16
2023-05-05 22:00:00,0.0,56.99
2023-05-05 23:00:00,0.0,33.28
2023-05-06 00:00:00,0.0,48.69
2023-05-06 01:00:00,0.0,55.48
2023-05-06 02:00:00,0.0,39.93
2023-05-06 03:00:00,0.0,35.85
2023-05-06 04:00:00,0.0,37.95
2023-05-06 05:00:00,0.0,38.19
2023-05-06 06:00:00,0.0,39.78
2023-05-06 07:00:00,22.29,71.75
2023-05-06 08:00:00,79.18,119.39
2023-05-06 09:00:00,181.78,217.06
2023-05-06 10:00:00,246.8,282.82
2023-05-06 11:00:00,291.91,336.12
2023-05-06 12:00:00,315.67,353.86
2023-05-06 13:00:00,360.16,417.71
2023-05-06 14:00:00,246.47,285.77
2023-05-06 15:00:00,173.46,228.79
2023-05-06 16:00:00,92.97,126.76
2023-05-06 17:00:00,21.57,64.07
2023-05-06 18:00:00,0.0,56.46
2023-05-06 19:00:00,0.0,33.22
2023-05-06 20:00:00,0.0,47.23
2023-05-06 21:00:00,0.0,34.67
2023-05-06 22:00:00,0.0,50.58
2023-05-06 23:00:00,0.0,57.49
2023-05-07 00:00:00,0.0,43.64
2023-05-07 01:00:00,0.0,32.49
2023-05-07 02:00:00,0.0,47.38
2023-05-07 03:00:00,0.0,42.26
2023-05-07 04:00:00,0.0,54.33
2023-05-07 05:00:00,0.0,40.21
2023-05-07 06:00:00,0.0,38.21
2023-05-07 07:00:00,21.73,60.92
2023-05-07 08:00:00,78.84,117.28
2023-05-07 09:00:00,180.69,214.96
2023-05-07 10:00:00,240.75,274.72
2023-05-07 11:00:00,297.17,353.41
2023-05-07 12:00:00,382.29,413.69
2023-05-07 13:00:00,344.04,396.15
2023-05-07 14:00:00,289.63,330.07
2023-05-07 15:00:00,166.91,210.5
2023-05-07 16:00:00,93.96,145.82
2023-05-07 17:00:00,23.28,60.62
2023-05-07 18:00:00,0.0,55.64
2023-05-07 19:00:00,0.0,42.0
2023-05-07 20:00:00,0.0,50.06
2023-05-07 21:00:00,0.0,42.01
2023-05-07 22:00:00,0.0,44.35
2023-05-07 23:00:00,0.0,45.75
2023-05-08 00:00:00,0.0,53.27
2023-05-08 01:00:00,0.0,59.33
2023-05-08 02:00:00,0.0,43.33
2023-05-08 03:00:00,0.0,40.27
2023-05-08 04:00:00,0.0,41.21
2023-05-08 05:00:00,0.0,34.02
2023-05-08 06:00:00,0.0,32.59
2023-05-08 07:00:00,23.06,58.08
2023-05-08 08:00:00,84.57,138.38
2023-05-08 09:00:00,165.45,213.81
2023-05-08 10:00:00,284.35,331.36
2023-05-08 11:00:00,305.15,345.49
2023-05-08 12:00:00,356.25,401.45
2023-05-08 13:00:00,302.05,345.45
2023-05-08 14:00:00,264.58,302.6
2023-05-08 15:00:00,178.94,211.04
2023-05-08 16:00:00,84.39,138.52
2023-05-08 17:00:00,22.23,70.39
2023-05-08 18:00:00,0.0,39.49
2023-05-08 19:00:00,0.0,57.48
2023-05-08 20:00:00,0.0,40.3
2023-05-08 21:00:00,0.0,37.1
2023-05-08 22:00:00,0.0,57.28
2023-05-08 23:00:00,0.0,52.38
2023-05-09 00:00:00,0.0,50.45
2023-05-09 01:00:00,0.0,31.49
2023-05-09 02:00:00,0.0,33.94
2023-05-09 03:00:00,0.0,49.15
2023-05-09 04:00:00,0.0,36.28
2023-05-09 05:00:00,0.0,36.77
2023-05-09 06:00:00,0.0,38.58
2023-05-09 07:00:00,21.31,52.4
2023-05-09 08:00:00,86.35,134.86
2023-05-09 09:00:00,188.37,221.69
2023-05-09 10:00:00,245.46,291.35
2023-05-09 11:00:00,316.85,361.33
2023-05-09 12:00:00,380.82,427.17
2023-05-09 13:00:00,320.35,380.03
2023-05-09 14:00:00,238.2,296.16
2023-05-09 15:00:00,174.86,219.97
2023-05-09 16:00:00,95.16,140.38
2023-05-09 17:00:00,23.12,61.29
2023-05-09 18:00:00,0.0,47.09
2023-05-09 19:00:00,0.0,36.43
2023-05-09 20:00:00,0.0,51.28
2023-05-09 21:00:00,0.0,49.32
2023-05-09 22:00:00,0.0,41.92
2023-05-09 23:00:00,0.0,30.13
2023-05-10 00:00:00,0.0,43.4
2023-05-10 01:00:00,0.0,30.18
2023-05-10 02:00:00,0.0,32.25
2023-05-10 03:00:00,0.0,42.92
2023-05-10 04:00:00,0.0,32.46
2023-05-10 05:00:00,0.0,38.27
2023-05-10 06:00:00,0.0,39.26
2023-05-10 07:00:00,25.87,83.36
2023-05-10 08:00:00,88.97,147.98
2023-05-10 09:00:00,188.34,227.91
2023-05-10 10:00:00,275.98,310.08
2023-05-10 11:00:00,338.85,383.58
2023-05-10 12:00:00,314.04,352.27
2023-05-10 13:00:00,357.45,396.92
2023-05-10 14:00:00,244.62,280.25
2023-05-10 15:00:00,174.04,229.32
2023-05-10 16:00:00,92.15,135.26
2023-05-10 17:00:00,21.98,53.36
2023-05-10 18:00:00,0.0,54.44
2023-05-10 19:00:00,0.0,51.89
2023-05-10 20:00:00,0.0,42.26
2023-05-10 21:00:00,0.0,47.84
2023-05-10 22:00:00,0.0,43.09
2023-05-10 23:00:00,0.0,47.37
2023-05-11 00:00:00,0.0,45.53
2023-05-11 01:00:00,0.0,50.43
2023-05-11 02:00:00,0.0,45.23
2023-05-11 03:00:00,0.0,58.22
2023-05-11 04:00:00,0.0,42.84
2023-05-11 05:00:00,0.0,30.48
2023-05-11 06:00:00,0.0,45.02
2023-05-11 07:00:00,23.62,70.19
2023-05-11 08:00:00,91.35,129.59
2023-05-11 09:00:00,180.87,231.99
2023-05-11 10:00:00,257.3,299.37
2023-05-11 11:00:00,304.13,346.55
2023-05-11 12:00:00,370.71,427.98
2023-05-11 13:00:00,332.61,371.59
2023-05-11 14:00:00,272.26,324.46
2023-05-11 15:00:00,168.63,223.43
2023-05-11 16:00:00,79.56,109.88
2023-05-11 17:00:00,21.56,56.24
2023-05-11 18:00:00,0.0,42.75
2023-05-11 19:00:00,0.0,38.25
2023-05-11 20:00:00,0.0,42.87
2023-05-11 21:00:00,0.0,41.85
2023-05-11 22:00:00,0.0,39.04
2023-05-11 23:00:00,0.0,34.14
2023-05-12 00:00:00,0.0,49.68
2023-05-12 01:00:00,0.0,34.1
2023-05-12 02:00:00,0.0,53.26
2023-05-12 03:00:00,0.0,36.05
2023-05-12 04:00:00,0.0,51.94
2023-05-12 05:00:00,0.0,54.17
2023-05-12 06:00:00,0.0,32.6
2023-05-12 07:00:00,25.64,69.53
2023-05-12 08:00:00,89.8,120.5
2023-05-12 09:00:00,166.66,211.82
2023-05-12 10:00:00,283.52,321.66
2023-05-12 11:00:00,345.08,394.95
2023-05-12 12:00:00,321.28,360.08
2023-05-12 13:00:00,308.18,351.46
2023-05-12 14:00:00,269.67,312.67
2023-05-12 15:00:00,165.4,216.28
2023-05-12 16:00:00,88.95,134.53
2023-05-12 17:00:00,23.69,60.35
2023-05-12 18:00:00,0.0,41.63
2023-05-12 19:00:00,0.0,40.9
2023-05-12 20:00:00,0.0,34.49
2023-05-12 21:00:00,0.0,47.91
2023-05-12 22:00:00,0.0,48.08
2023-05-12 23:00:00,0.0,40.21
2023-05-13 00:00:00,0.0,55.8
2023-05-13 01:00:00,0.0,55.36
2023-05-13 02:00:00,0.0,33.27
2023-05-13 03:00:00,0.0,50.85
2023-05-13 04:00:00,0.0,41.82
2023-05-13 05:00:00,0.0,59.99
2023-05-13 06:00:00,0.0,38.42
2023-05-13 07:00:00,23.13,61.19
2023-05-13 08:00:00,90.93,135.36
2023-05-13 09:00:00,164.53,209.72
2023-05-13 10:00:00,283.66,337.43
2023-05-13 11:00:00,326.1,364.75
2023-05-13 12:00:00,326.04,382.39
2023-05-13 13:00:00,340.61,387.77
2023-05-13 14:00:00,283.14,316.79
2023-05-13 15:00:00,181.52,218.02
2023-05-13 16:00:00,80.42,124.39
2023-05-13 17:00:00,22.86,81.1
2023-05-13 18:00:00,0.0,54.45
2023-05-13 19:00:00,0.0,52.46
2023-05-13 20:00:00,0.0,50.04
2023-05-13 21:00:00,0.0,57.61
2023-05-13 22:00:00,0.0,42.24
2023-05-13 23:00:00,0.0,41.69
2023-05-14 00:00:00,0.0,34.83
2023-05-14 01:00:00,0.0,38.27
2023-05-14 02:00:00,0.0,56.39
2023-05-14 03:00:00,0.0,44.23
2023-05-14 04:00:00,0.0,40.24
2023-05-14 05:00:00,0.0,36.48
2023-05-14 06:00:00,0.0,51.5
2023-05-14 07:00:00,22.37,75.1
2023-05-14 08:00:00,89.79,143.42
2023-05-14 09:00:00,165.63,214.56
2023-05-14 10:00:00,243.09,284.0
2023-05-14 11:00:00,341.59,390.54
2023-05-14 12:00:00,326.63,382.38
2023-05-14 13:00:00,295.51,343.37
2023-05-14 14:00:00,288.91,334.86
2023-05-14 15:00:00,185.86,233.72
2023-05-14 16:00:00,92.61,142.28
2023-05-14 17:00:00,24.36,61.19
2023-05-14 18:00:00,0.0,37.14
2023-05-14 19:00:00,0.0,59.42
2023-05-14 20:00:00,0.0,36.83
2023-05-14 21:00:00,0.0,37.1
2023-05-14 22:00:00,0.0,55.76
2023-05-14 23:00:00,0.0,37.29
2023-05-15 00:00:00,0.0,40.83
2023-05-15 01:00:00,0.0,51.44
2023-05-15 02:00:00,0.0,34.76
2023-05-15 03:00:00,0.0,34.77
2023-05-15 04:00:00,0.0,44.59
2023-05-15 05:00:00,0.0,37.31
2023-05-15 06:00:00,0.0,30.28
2023-05-15 07:00:00,22.78,62.33
2023-05-15 08:00:00,78.77,127.41
2023-05-15 09:00:00,179.46,211.58
2023-05-15 10:00:00,252.1,308.28
2023-05-15 11:00:00,331.82,374.18
2023-05-15 12:00:00,347.03,383.28
2023-05-15 13:00:00,347.6,405.02
2023-05-15 14:00:00,284.87,321.59
2023-05-15 15:00:00,167.84,202.66
2023-05-15 16:00:00,83.85,123.83
2023-05-15 17:00:00,24.08,59.77
2023-05-15 18:00:00,0.0,33.09
2023-05-15 19:00:00,0.0,30.21
2023-05-15 20:00:00,0.0,55.65
2023-05-15 21:00:00,0.0,51.11
2023-05-15 22:00:00,0.0,40.66
2023-05-15 23:00:00,0.0,47.86
2023-05-16 00:00:00,0.0,36.71
2023-05-16 01:00:00,0.0,35.05
2023-05-16 02:00:00,0.0,44.13
2023-05-16 03:00:00,0.0,40.6
2023-05-16 04:00:00,0.0,48.46
2023-05-16 05:00:00,0.0,36.54
2023-05-16 06:00:00,0.0,53.01
2023-05-16 07:00:00,21.78,53.1
2023-05-16 08:00:00,86.29,139.51
2023-05-16 09:00:00,180.35,231.41
2023-05-16 10:00:00,256.84,293.89
2023-05-16 11:00:00,328.36,364.49
2023-05-16 12:00:00,366.25,402.16
2023-05-16 13:00:00,311.85,357.05
2023-05-16 14:00:00,261.47,309.5
2023-05-16 15:00:00,172.5,230.08
2023-05-16 16:00:00,93.65,150.02
2023-05-16 17:00:00,24.06,73.11
2023-05-16 18:00:00,0.0,43.05
2023-05-16 19:00:00,0.0,39.66
2023-05-16 20:00:00,0.0,47.76
2023-05-16 21:00:00,0.0,30.77
2023-05-16 22:00:00,0.0,30.22
2023-05-16 23:00:00,0.0,55.55
2023-05-17 00:00:00,0.0,31.39
2023-05-17 01:00:00,0.0,45.74
2023-05-17 02:00:00,0.0,48.45
2023-05-17 03:00:00,0.0,35.95
2023-05-17 04:00:00,0.0,56.87
2023-05-17 05:00:00,0.0,35.7
2023-05-17 06:00:00,0.0,52.89
2023-05-17 07:00:00,22.14,56.66
2023-05-17 08:00:00,84.02,125.96
2023-05-17 09:00:00,165.44,225.41
2023-05-17 10:00:00,247.28,302.2
2023-05-17 11:00:00,302.77,362.18
2023-05-17 12:00:00,329.4,372.05
2023-05-17 13:00:00,330.2,363.81
2023-05-17 14:00:00,279.69,317.93
2023-05-17 15:00:00,176.61,223.1
2023-05-17 16:00:00,89.29,120.95
2023-05-17 17:00:00,21.78,56.62
2023-05-17 18:00:00,0.0,34.35
2023-05-17 19:00:00,0.0,57.66
2023-05-17 20:00:00,0.0,45.39
2023-05-17 21:00:00,0.0,48.71
2023-05-17 22:00:00,0.0,40.72
2023-05-17 23:00:00,0.0,38.29
2023-05-18 00:00:00,0.0,45.1
2023-05-18 01:00:00,0.0,38.83
2023-05-18 02:00:00,0.0,40.31
2023-05-18 03:00:00,0.0,43.58
2023-05-18 04:00:00,0.0,45.17
2023-05-18 05:00:00,0.0,59.53
2023-05-18 06:00:00,0.0,44.64
2023-05-18 07:00:00,21.69,62.19
2023-05-18 08:00:00,91.4,126.63
2023-05-18 09:00:00,177.79,220.29
2023-05-18 10:00:00,237.45,295.44
2023-05-18 11:00:00,320.25,373.77
2023-05-18 12:00:00,343.44,401.56
2023-05-18 13:00:00,311.79,354.16
2023-05-18 14:00:00,276.49,316.8
2023-05-18 15:00:00,169.81,229.65
2023-05-18 16:00:00,88.42,139.1
2023-05-18 17:00:00,24.13,78.97
2023-05-18 18:00:00,0.0,46.9
2023-05-18 19:00:00,0.0,38.84
2023-05-18 20:00:00,0.0,30.68
2023-05-18 21:00:00,0.0,48.43
2023-05-18 22:00:00,0.0,54.76
2023-05-18 23:00:00,0.0,43.52
2023-05-19 00:00:00,0.0,34.94
2023-05-19 01:00:00,0.0,38.64
2023-05-19 02:00:00,0.0,45.3
2023-05-19 03:00:00,0.0,55.1
2023-05-19 04:00:00,0.0,35.15
2023-05-19 05:00:00,0.0,48.36
2023-05-19 06:00:00,0.0,58.08
2023-05-19 07:00:00,21.53,79.32
2023-05-19 08:00:00,89.27,142.27
2023-05-19 09:00:00,158.38,203.56
2023-05-19 10:00:00,268.97,308.18
2023-05-19 11:00:00,321.49,368.12
2023-05-19 12:00:00,353.47,384.73
2023-05-19 13:00:00,322.03,358.44
2023-05-19 14:00:00,285.2,344.5
2023-05-19 15:00:00,167.43,202.69
2023-05-19 16:00:00,82.24,126.57
2023-05-19 17:00:00,25.27,70.27
2023-05-19 18:00:00,0.0,31.2
2023-05-19 19:00:00,0.0,36.82
2023-05-19 20:00:00,0.0,55.28
2023-05-19 21:00:00,0.0,48.64
2023-05-19 22:00:00,0.0,46.89
2023-05-19 23:00:00,0.0,39.57
2023-05-20 00:00:00,0.0,57.88
2023-05-20 01:00:00,0.0,39.94
2023-05-20 02:00:00,0.0,55.05
2023-05-20 03:00:00,0.0,56.88
2023-05-20 04:00:00,0.0,44.5
2023-05-20 05:00:00,0.0,56.83
2023-05-20 06:00:00,0.0,49.75
2023-05-20 07:00:00,21.39,65.61
2023-05-20 08:00:00,82.2,114.08
2023-05-20 09:00:00,156.54,196.28
2023-05-20 10:00:00,267.14,310.8
2023-05-20 11:00:00,312.57,372.31
2023-05-20 12:00:00,381.95,415.72
2023-05-20 13:00:00,320.35,369.82
2023-05-20 14:00:00,275.09,316.08
2023-05-20 15:00:00,183.86,217.58
2023-05-20 16:00:00,84.31,135.8
2023-05-20 17:00:00,24.04,79.16
2023-05-20 18:00:00,0.0,35.23
2023-05-20 19:00:00,0.0,31.45
2023-05-20 20:00:00,0.0,35.76
2023-05-20 21:00:00,0.0,30.13
2023-05-20 22:00:00,0.0,45.13
2023-05-20 23:00:00,0.0,45.85
2023-05-21 00:00:00,0.0,49.74
2023-05-21 01:00:00,0.0,41.55
2023-05-21 02:00:00,0.0,30.1
2023-05-21 03:00:00,0.0,50.22
2023-05-21 04:00:00,0.0,31.63
2023-05-21 05:00:00,0.0,55.99
2023-05-21 06:00:00,0.0,45.91
2023-05-21 07:00:00,25.37,72.54
2023-05-21 08:00:00,89.39,139.84
2023-05-21 09:00:00,160.9,211.15
2023-05-21 10:00:00,283.2,342.43
2023-05-21 11:00:00,322.27,362.61
2023-05-21 12:00:00,368.24,414.53
2023-05-21 13:00:00,309.52,344.68
2023-05-21 14:00:00,244.0,287.78
2023-05-21 15:00:00,162.66,193.25
2023-05-21 16:00:00,79.16,137.06
2023-05-21 17:00:00,21.31,53.51
2023-05-21 18:00:00,0.0,37.35
2023-05-21 19:00:00,0.0,58.88
2023-05-21 20:00:00,0.0,57.33
2023-05-21 21:00:00,0.0,42.14
2023-05-21 22:00:00,0.0,43.46
2023-05-21 23:00:00,0.0,41.25
2023-05-22 00:00:00,0.0,31.14
2023-05-22 01:00:00,0.0,38.79
2023-05-22 02:00:00,0.0,33.68
2023-05-22 03:00:00,0.0,33.07
2023-05-22 04:00:00,0.0,46.83
2023-05-22 05:00:00,0.0,32.96
2023-05-22 06:00:00,0.0,44.42
2023-05-22 07:00:00,23.13,57.26
2023-05-22 08:00:00,78.28,114.07
2023-05-22 09:00:00,165.08,219.09
2023-05-22 10:00:00,285.13,327.31
2023-05-22 11:00:00,319.66,371.03
2023-05-22 12:00:00,358.94,394.46
2023-05-22 13:00:00,299.24,342.37
2023-05-22 14:00:00,265.78,299.94
2023-05-22 15:00:00,167.19,206.37
2023-05-22 16:00:00,83.01,126.83
2023-05-22 17:00:00,24.17,69.45
2023-05-22 18:00:00,0.0,33.09
2023-05-22 19:00:00,0.0,54.66
2023-05-22 20:00:00,0.0,44.38
2023-05-22 21:00:00,0.0,31.86
2023-05-22 22:00:00,0.0,37.74
2023-05-22 23:00:00,0.0,54.12
2023-05-23 00:00:00,0.0,52.55
2023-05-23 01:00:00,0.0,56.27
2023-05-23 02:00:00,0.0,48.06
2023-05-23 03:00:00,0.0,42.69
2023-05-23 04:00:00,0.0,42.8
2023-05-23 05:00:00,0.0,35.82
2023-05-23 06:00:00,0.0,47.55
2023-05-23 07:00:00,21.72,78.29
2023-05-23 08:00:00,84.98,116.47
2023-05-23 09:00:00,168.47,224.57
2023-05-23 10:00:00,285.22,329.93
2023-05-23 11:00:00,357.52,413.78
2023-05-23 12:00:00,373.54,429.33
2023-05-23 13:00:00,318.07,370.76
2023-05-23 14:00:00,266.47,318.06
2023-05-23 15:00:00,162.94,214.88
2023-05-23 16:00:00,95.82,134.9
2023-05-23 17:00:00,25.82,67.17
2023-05-23 18:00:00,0.0,33.37
2023-05-23 19:00:00,0.0,53.55
2023-05-23 20:00:00,0.0,46.64
2023-05-23 21:00:00,0.0,39.21
2023-05-23 22:00:00,0.0,48.25
2023-05-23 23:00:00,0.0,39.96
2023-05-24 00:00:00,0.0,43.45
2023-05-24 01:00:00,0.0,55.88
2023-05-24 02:00:00,0.0,50.04
2023-05-24 03:00:00,0.0,52.87
2023-05-24 04:00:00,0.0,47.5
2023-05-24 05:00:00,0.0,59.74
2023-05-24 06:00:00,0.0,37.87
2023-05-24 07:00:00,21.41,68.03
2023-05-24 08:00:00,89.49,141.27
2023-05-24 09:00:00,168.74,199.11
2023-05-24 10:00:00,269.5,329.46
2023-05-24 11:00:00,312.07,347.59
2023-05-24 12:00:00,333.54,376.3
2023-05-24 13:00:00,309.08,349.49
2023-05-24 14:00:00,269.83,310.18
2023-05-24 15:00:00,170.97,202.17
2023-05-24 16:00:00,95.09,137.3
2023-05-24 17:00:00,22.57,55.16
2023-05-24 18:00:00,0.0,55.91
2023-05-24 19:00:00,0.0,31.23
2023-05-24 20:00:00,0.0,34.36
2023-05-24 21:00:00,0.0,34.39
2023-05-24 22:00:00,0.0,48.07
2023-05-24 23:00:00,0.0,57.64
2023-05-25 00:00:00,0.0,43.13
2023-05-25 01:00:00,0.0,40.31
2023-05-25 02:00:00,0.0,52.98
2023-05-25 03:00:00,0.0,52.28
2023-05-25 04:00:00,0.0,37.4
2023-05-25 05:00:00,0.0,34.82
2023-05-25 06:00:00,0.0,53.27
2023-05-25 07:00:00,24.38,74.36
2023-05-25 08:00:00,93.46,131.77
2023-05-25 09:00:00,168.9,200.17
2023-05-25 10:00:00,282.55,330.02
2023-05-25 11:00:00,312.32,344.4
2023-05-25 12:00:00,366.04,418.5
2023-05-25 13:00:00,337.59,373.7
2023-05-25 14:00:00,285.01,337.6
2023-05-25 15:00:00,180.61,230.14
2023-05-25 16:00:00,94.84,152.69
2023-05-25 17:00:00,23.89,66.39
2023-05-25 18:00:00,0.0,54.57
2023-05-25 19:00:00,0.0,49.34
2023-05-25 20:00:00,0.0,32.32
2023-05-25 21:00:00,0.0,34.27
2023-05-25 22:00:00,0.0,57.01
2023-05-25 23:00:00,0.0,56.53
2023-05-26 00:00:00,0.0,58.55
2023-05-26 01:00:00,0.0,42.84
2023-05-26 02:00:00,0.0,53.52
2023-05-26 03:00:00,0.0,54.85
2023-05-26 04:00:00,0.0,39.47
2023-05-26 05:00:00,0.0,34.36
2023-05-26 06:00:00,0.0,30.91
2023-05-26 07:00:00,23.9,73.41
2023-05-26 08:00:00,90.74,128.41
2023-05-26 09:00:00,182.95,219.44
2023-05-26 10:00:00,280.36,316.93
2023-05-26 11:00:00,339.69,393.19
2023-05-26 12:00:00,326.71,363.85
2023-05-26 13:00:00,345.35,377.93
2023-05-26 14:00:00,245.13,288.8
2023-05-26 15:00:00,190.63,237.49
2023-05-26 16:00:00,85.33,144.68
2023-05-26 17:00:00,23.24,66.25
2023-05-26 18:00:00,0.0,39.37
2023-05-26 19:00:00,0.0,39.77
2023-05-26 20:00:00,0.0,50.64
2023-05-26 21:00:00,0.0,31.23
2023-05-26 22:00:00,0.0,50.45
2023-05-26 23:00:00,0.0,36.04
2023-05-27 00:00:00,0.0,41.53
2023-05-27 01:00:00,0.0,34.4
2023-05-27 02:00:00,0.0,46.58
2023-05-27 03:00:00,0.0,51.88
2023-05-27 04:00:00,0.0,40.64
2023-05-27 05:00:00,0.0,34.9
2023-05-27 06:00:00,0.0,54.54
2023-05-27 07:00:00,22.27,75.51
2023-05-27 08:00:00,84.29,119.95
2023-05-27 09:00:00,183.16,227.22
2023-05-27 10:00:00,236.33,295.13
2023-05-27 11:00:00,301.99,342.59
2023-05-27 12:00:00,341.12,385.8
2023-05-27 13:00:00,345.78,375.96
2023-05-27 14:00:00,286.07,335.45
2023-05-27 15:00:00,191.38,245.9
2023-05-27 16:00:00,95.27,143.3
2023-05-27 17:00:00,22.72,66.01
2023-05-27 18:00:00,0.0,42.81
2023-05-27 19:00:00,0.0,51.95
2023-05-27 20:00:00,0.0,32.76
2023-05-27 21:00:00,0.0,54.9
2023-05-27 22:00:00,0.0,36.13
2023-05-27 23:00:00,0.0,58.32
2023-05-28 00:00:00,0.0,34.67
2023-05-28 01:00:00,0.0,33.87
2023-05-28 02:00:00,0.0,54.36
2023-05-28 03:00:00,0.0,54.56
2023-05-28 04:00:00,0.0,52.16
2023-05-28 05:00:00,0.0,58.82
2023-05-28 06:00:00,0.0,54.8
2023-05-28 07:00:00,22.69,68.81
2023-05-28 08:00:00,86.4,116.58
2023-05-28 09:00:00,177.54,229.97
2023-05-28 10:00:00,244.24,302.19
2023-05-28 11:00:00,328.27,363.62
2023-05-28 12:00:00,360.34,396.1
2023-05-28 13:00:00,296.21,346.77
2023-05-28 14:00:00,240.71,273.9
2023-05-28 15:00:00,183.63,215.29
2023-05-28 16:00:00,93.1,146.98
2023-05-28 17:00:00,21.65,67.2
2023-05-28 18:00:00,0.0,48.98
2023-05-28 19:00:00,0.0,31.89
2023-05-28 20:00:00,0.0,58.33
2023-05-28 21:00:00,0.0,36.23
2023-05-28 22:00:00,0.0,50.49
2023-05-28 23:00:00,0.0,33.85
2023-05-29 00:00:00,0.0,36.29
2023-05-29 01:00:00,0.0,43.53
2023-05-29 02:00:00,0.0,47.19
2023-05-29 03:00:00,0.0,59.97
2023-05-29 04:00:00,0.0,30.78
2023-05-29 05:00:00,0.0,30.01
2023-05-29 06:00:00,0.0,40.98
2023-05-29 07:00:00,25.31,82.69
2023-05-29 08:00:00,94.4,128.7
2023-05-29 09:00:00,171.57,223.95
2023-05-29 10:00:00,251.86,301.76
2023-05-29 11:00:00,308.13,347.83
2023-05-29 12:00:00,376.13,413.65
2023-05-29 13:00:00,358.07,397.26
2023-05-29 14:00:00,235.9,273.55
2023-05-29 15:00:00,162.7,207.9
2023-05-29 16:00:00,80.27,129.05
2023-05-29 17:00:00,25.27,66.15
2023-05-29 18:00:00,0.0,42.0
2023-05-29 19:00:00,0.0,53.58
2023-05-29 20:00:00,0.0,47.74
2023-05-29 21:00:00,0.0,33.03
2023-05-29 22:00:00,0.0,46.12
2023-05-29 23:00:00,0.0,44.04
2023-05-30 00:00:00,0.0,39.81
2023-05-30 01:00:00,0.0,33.3
2023-05-30 02:00:00,0.0,59.43
2023-05-30 03:00:00,0.0,35.28
2023-05-30 04:00:00,0.0,35.78
2023-05-30 05:00:00,0.0,34.37
2023-05-30 06:00:00,0.0,43.31
2023-05-30 07:00:00,22.18,65.06
2023-05-30 08:00:00,90.59,129.04
2023-05-30 09:00:00,190.08,229.27
2023-05-30 10:00:00,245.54,304.18
2023-05-30 11:00:00,347.51,387.8
2023-05-30 12:00:00,374.73,420.29
2023-05-30 13:00:00,315.66,370.85
2023-05-30 14:00:00,276.12,315.06
2023-05-30 15:00:00,178.73,219.81
2023-05-30 16:00:00,78.22,137.07
2023-05-30 17:00:00,23.66,71.61
2023-05-30 18:00:00,0.0,46.52
2023-05-30 19:00:00,0.0,38.7
2023-05-30 20:00:00,0.0,59.15
2023-05-30 21:00:00,0.0,48.65
2023-05-30 22:00:00,0.0,50.13
2023-05-30 23:00:00,0.0,43.64
2023-05-31 00:00:00,0.0,38.64
2023-05-31 01:00:00,0.0,31.93
2023-05-31 02:00:00,0.0,40.51
2023-05-31 03:00:00,0.0,35.28
2023-05-31 04:00:00,0.0,49.86
2023-05-31 05:00:00,0.0,56.37
2023-05-31 06:00:00,0.0,39.99
2023-05-31 07:00:00,24.26,58.74
2023-05-31 08:00:00,95.3,136.22
2023-05-31 09:00:00,160.12,195.36
2023-05-31 10:00:00,286.09,323.5
2023-05-31 11:00:00,337.32,372.0
2023-05-31 12:00:00,327.09,383.47
2023-05-31 13:00:00,302.01,332.57
2023-05-31 14:00:00,262.27,318.15
2023-05-31 15:00:00,168.4,202.24
2023-05-31 16:00:00,96.27,146.57
2023-05-31 17:00:00,25.15,77.71
2023-05-31 18:00:00,0.0,41.54
2023-05-31 19:00:00,0.0,39.73
2023-05-31 20:00:00,0.0,51.51
2023-05-31 21:00:00,0.0,51.5
2023-05-31 22:00:00,0.0,58.52
2023-05-31 23:00:00,0.0,47.06
2023-06-01 00:00:00,0.0,38.84
2023-06-01 01:00:00,0.0,44.69
2023-06-01 02:00:00,0.0,48.41
2023-06-01 03:00:00,0.0,42.8
2023-06-01 04:00:00,0.0,53.73
2023-06-01 05:00:00,0.0,47.54
2023-06-01 06:00:00,0.0,47.1
2023-06-01 07:00:00,24.08,81.54
2023-06-01 08:00:00,85.81,133.04
2023-06-01 09:00:00,173.88,219.83
2023-06-01 10:00:00,238.32,295.24
2023-06-01 11:00:00,354.36,400.8
2023-06-01 12:00:00,353.76,385.49
2023-06-01 13:00:00,332.91,375.78
2023-06-01 14:00:00,273.74,305.15
2023-06-01 15:00:00,182.56,221.17
2023-06-01 16:00:00,90.19,139.0
2023-06-01 17:00:00,22.07,65.28
2023-06-01 18:00:00,0.0,48.17
2023-06-01 19:00:00,0.0,32.06
2023-06-01 20:00:00,0.0,43.29
2023-06-01 21:00:00,0.0,39.35
2023-06-01 22:00:00,0.0,49.25
2023-06-01 23:00:00,0.0,48.44
2023-06-02 00:00:00,0.0,30.31
2023-06-02 01:00:00,0.0,48.23
2023-06-02 02:00:00,0.0,52.05
2023-06-02 03:00:00,0.0,53.06
2023-06-02 04:00:00,0.0,31.77
2023-06-02 05:00:00,0.0,39.11
2023-06-02 06:00:00,0.0,35.39
2023-06-02 07:00:00,23.03,55.16
2023-06-02 08:00:00,80.28,130.34
2023-06-02 09:00:00,166.06,217.4
2023-06-02 10:00:00,237.26,284.14
2023-06-02 11:00:00,318.73,372.64
2023-06-02 12:00:00,370.5,411.77
2023-06-02 13:00:00,334.61,371.44
2023-06-02 14:00:00,266.64,299.08
2023-06-02 15:00:00,172.39,207.87
2023-06-02 16:00:00,94.45,137.8
2023-06-02 17:00:00,23.87,64.68
2023-06-02 18:00:00,0.0,36.09
2023-06-02 19:00:00,0.0,57.36
2023-06-02 20:00:00,0.0,53.98
2023-06-02 21:00:00,0.0,34.0
2023-06-02 22:00:00,0.0,52.4
2023-06-02 23:00:00,0.0,42.56
2023-06-03 00:00:00,0.0,30.46
2023-06-03 01:00:00,0.0,45.85
2023-06-03 02:00:00,0.0,33.9
2023-06-03 03:00:00,0.0,36.3
2023-06-03 04:00:00,0.0,50.88
2023-06-03 05:00:00,0.0,37.71
2023-06-03 06:00:00,0.0,49.72
2023-06-03 07:00:00,25.06,73.52
2023-06-03 08:00:00,94.19,135.04
2023-06-03 09:00:00,176.61,222.09
2023-06-03 10:00:00,284.49,319.44
2023-06-03 11:00:00,331.54,384.17
2023-06-03 12:00:00,340.04,396.07
2023-06-03 13:00:00,317.46,352.66
2023-06-03 14:00:00,266.84,309.46
2023-06-03 15:00:00,156.96,189.06
2023-06-03 16:00:00,81.79,134.87
2023-06-03 17:00:00,25.35,71.72
2023-06-03 18:00:00,0.0,46.03
2023-06-03 19:00:00,0.0,55.67
2023-06-03 20:00:00,0.0,52.48
2023-06-03 21:00:00,0.0,38.73
2023-06-03 22:00:00,0.0,33.72
2023-06-03 23:00:00,0.0,57.02
2023-06-04 00:00:00,0.0,55.62
2023-06-04 01:00:00,0.0,31.61
2023-06-04 02:00:00,0.0,54.71
2023-06-04 03:00:00,0.0,32.92
2023-06-04 04:00:00,0.0,31.9
2023-06-04 05:00:00,0.0,52.76
2023-06-04 06:00:00,0.0,42.44
2023-06-04 07:00:00,25.41,80.59
2023-06-04 08:00:00,79.26,127.74
2023-06-04 09:00:00,184.82,231.33
2023-06-04 10:00:00,288.86,339.44
2023-06-04 11:00:00,299.0,334.95
2023-06-04 12:00:00,373.61,433.51
2023-06-04 13:00:00,298.6,331.61
2023-06-04 14:00:00,276.74,308.67
2023-06-04 15:00:00,158.92,215.58
2023-06-04 16:00:00,92.93,149.38
2023-06-04 17:00:00,24.16,63.84
2023-06-04 18:00:00,0.0,38.96
2023-06-04 19:00:00,0.0,38.27
2023-06-04 20:00:00,0.0,56.59
2023-06-04 21:00:00,0.0,50.42
2023-06-04 22:00:00,0.0,56.87
2023-06-04 23:00:00,0.0,34.68
2023-06-05 00:00:00,0.0,58.57
2023-06-05 01:00:00,0.0,48.38
2023-06-05 02:00:00,0.0,50.04
2023-06-05 03:00:00,0.0,57.42
2023-06-05 04:00:00,0.0,41.42
2023-06-05 05:00:00,0.0,51.59
2023-06-05 06:00:00,0.0,53.63
2023-06-05 07:00:00,25.38,75.78
2023-06-05 08:00:00,79.44,114.93
2023-06-05 09:00:00,191.51,250.57
2023-06-05 10:00:00,288.0,319.1
2023-06-05 11:00:00,318.11,370.9
2023-06-05 12:00:00,368.21,400.79
2023-06-05 13:00:00,333.7,367.99
2023-06-05 14:00:00,261.83,299.02
2023-06-05 15:00:00,158.36,190.76
2023-06-05 16:00:00,94.96,147.3
2023-06-05 17:00:00,25.55,69.65
2023-06-05 18:00:00,0.0,40.75
2023-06-05 19:00:00,0.0,48.49
2023-06-05 20:00:00,0.0,40.55
2023-06-05 21:00:00,0.0,52.39
2023-06-05 22:00:00,0.0,54.04
2023-06-05 23:00:00,0.0,56.28
2023-06-06 00:00:00,0.0,37.28
2023-06-06 01:00:00,0.0,45.81
2023-06-06 02:00:00,0.0,36.7
2023-06-06 03:00:00,0.0,31.13
2023-06-06 04:00:00,0.0,51.23
2023-06-06 05:00:00,0.0,46.47
2023-06-06 06:00:00,0.0,32.63
2023-06-06 07:00:00,25.86,85.69
2023-06-06 08:00:00,86.76,142.74
2023-06-06 09:00:00,165.36,217.49
2023-06-06 10:00:00,283.13,337.57
2023-06-06 11:00:00,347.59,391.48
2023-06-06 12:00:00,373.15,423.87
2023-06-06 13:00:00,300.94,334.37
2023-06-06 14:00:00,277.21,325.97
2023-06-06 15:00:00,175.51,232.73
2023-06-06 16:00:00,90.34,132.22
2023-06-06 17:00:00,22.99,71.15
2023-06-06 18:00:00,0.0,46.93
2023-06-06 19:00:00,0.0,45.26
2023-06-06 20:00:00,0.0,51.81
2023-06-06 21:00:00,0.0,51.16
2023-06-06 22:00:00,0.0,54.91
2023-06-06 23:00:00,0.0,31.88
2023-06-07 00:00:00,0.0,52.65
2023-06-07 01:00:00,0.0,45.41
2023-06-07 02:00:00,0.0,32.24
2023-06-07 03:00:00,0.0,50.37
2023-06-07 04:00:00,0.0,51.5
2023-06-07 05:00:00,0.0,45.71
2023-06-07 06:00:00,0.0,39.01
2023-06-07 07:00:00,21.95,62.47
2023-06-07 08:00:00,85.74,136.62
2023-06-07 09:00:00,187.52,239.15
2023-06-07 10:00:00,244.2,285.19
2023-06-07 11:00:00,302.72,353.32
2023-06-07 12:00:00,331.07,376.83
2023-06-07 13:00:00,346.22,396.35
2023-06-07 14:00:00,251.07,291.06
2023-06-07 15:00:00,180.44,226.92
2023-06-07 16:00:00,79.97,136.19
2023-06-07 17:00:00,23.48,67.68
2023-06-07 18:00:00,0.0,41.31
2023-06-07 19:00:00,0.0,39.98
2023-06-07 20:00:00,0.0,38.12
2023-06-07 21:00:00,0.0,47.02
2023-06-07 22:00:00,0.0,43.87
2023-06-07 23:00:00,0.0,56.68
2023-06-08 00:00:00,0.0,58.24
2023-06-08 01:00:00,0.0,36.58
2023-06-08 02:00:00,0.0,33.0
2023-06-08 03:00:00,0.0,53.56
2023-06-08 04:00:00,0.0,59.85
2023-06-08 05:00:00,0.0,55.91
2023-06-08 06:00:00,0.0,37.54
2023-06-08 07:00:00,21.17,75.79
2023-06-08 08:00:00,88.9,134.31
2023-06-08 09:00:00,176.8,214.37
2023-06-08 10:00:00,267.81,298.73
2023-06-08 11:00:00,336.21,388.24
2023-06-08 12:00:00,362.33,402.29
2023-06-08 13:00:00,348.59,400.06
2023-06-08 14:00:00,241.68,277.53
2023-06-08 15:00:00,179.85,218.53
2023-06-08 16:00:00,80.4,115.05
2023-06-08 17:00:00,21.77,66.1
2023-06-08 18:00:00,0.0,35.29
2023-06-08 19:00:00,0.0,51.37
2023-06-08 20:00:00,0.0,38.43
2023-06-08 21:00:00,0.0,39.35
2023-06-08 22:00:00,0.0,36.7
2023-06-08 23:00:00,0.0,53.56
2023-06-09 00:00:00,0.0,58.79
2023-06-09 01:00:00,0.0,44.77
2023-06-09 02:00:00,0.0,31.26
2023-06-09 03:00:00,0.0,37.82
2023-06-09 04:00:00,0.0,34.74
2023-06-09 05:00:00,0.0,55.28
2023-06-09 06:00:00,0.0,58.99
2023-06-09 07:00:00,23.86,69.39
2023-06-09 08:00:00,93.79,124.62
2023-06-09 09:00:00,185.0,218.5
2023-06-09 10:00:00,281.01,326.89
2023-06-09 11:00:00,296.04,351.04
2023-06-09 12:00:00,314.81,348.96
2023-06-09 13:00:00,346.63,390.58
2023-06-09 14:00:00,283.25,332.31
2023-06-09 15:00:00,179.35,218.12
2023-06-09 16:00:00,80.66,139.5
2023-06-09 17:00:00,21.47,67.34
2023-06-09 18:00:00,0.0,37.92
2023-06-09 19:00:00,0.0,47.84
2023-06-09 20:00:00,0.0,53.94
2023-06-09 21:00:00,0.0,53.32
2023-06-09 22:00:00,0.0,56.06
2023-06-09 23:00:00,0.0,38.79
2023-06-10 00:00:00,0.0,43.97
2023-06-10 01:00:00,0.0,30.28
2023-06-10 02:00:00,0.0,52.41
2023-06-10 03:00:00,0.0,39.07
2023-06-10 04:00:00,0.0,46.84
2023-06-10 05:00:00,0.0,35.08
2023-06-10 06:00:00,0.0,54.52
2023-06-10 07:00:00,25.28,56.66
2023-06-10 08:00:00,96.46,133.89
2023-06-10 09:00:00,167.79,205.27
2023-06-10 10:00:00,249.37,295.95
2023-06-10 11:00:00,308.31,350.12
2023-06-10 12:00:00,361.05,416.13
2023-06-10 13:00:00,339.42,387.25
2023-06-10 14:00:00,242.75,297.23
2023-06-10 15:00:00,157.77,195.7
2023-06-10 16:00:00,79.25,129.27
2023-06-10 17:00:00,22.77,72.33
2023-06-10 18:00:00,0.0,43.67
2023-06-10 19:00:00,0.0,43.74
2023-06-10 20:00:00,0.0,31.37
2023-06-10 21:00:00,0.0,42.91
2023-06-10 22:00:00,0.0,49.23
2023-06-10 23:00:00,0.0,46.38
2023-06-11 00:00:00,0.0,32.26
2023-06-11 01:00:00,0.0,50.04
2023-06-11 02:00:00,0.0,39.27
2023-06-11 03:00:00,0.0,30.43
2023-06-11 04:00:00,0.0,34.67
2023-06-11 05:00:00,0.0,44.93
2023-06-11 06:00:00,0.0,50.83
2023-06-11 07:00:00,22.14,75.32
2023-06-11 08:00:00,83.47,132.1
2023-06-11 09:00:00,185.81,227.38
2023-06-11 10:00:00,237.18,283.24
2023-06-11 11:00:00,360.2,419.27
2023-06-11 12:00:00,329.07,381.74
2023-06-11 13:00:00,315.53,350.34
2023-06-11 14:00:00,271.36,316.39
2023-06-11 15:00:00,176.24,231.06
2023-06-11 16:00:00,84.39,134.4
2023-06-11 17:00:00,22.76,54.04
2023-06-11 18:00:00,0.0,58.5
2023-06-11 19:00:00,0.0,44.5
2023-06-11 20:00:00,0.0,33.25
2023-06-11 21:00:00,0.0,50.63
2023-06-11 22:00:00,0.0,58.9
2023-06-11 23:00:00,0.0,57.24
2023-06-12 00:00:00,0.0,47.16
2023-06-12 01:00:00,0.0,41.29
2023-06-12 02:00:00,0.0,47.42
2023-06-12 03:00:00,0.0,54.48
2023-06-12 04:00:00,0.0,55.84
2023-06-12 05:00:00,0.0,54.57
2023-06-12 06:00:00,0.0,33.57
2023-06-12 07:00:00,23.76,58.45
2023-06-12 08:00:00,79.32,124.28
2023-06-12 09:00:00,180.52,236.14
2023-06-12 10:00:00,277.81,333.53
2023-06-12 11:00:00,344.04,395.14
2023-06-12 12:00:00,313.55,362.33
2023-06-12 13:00:00,300.12,331.88
2023-06-12 14:00:00,243.23,297.93
2023-06-12 15:00:00,183.77,242.23
2023-06-12 16:00:00,96.21,153.01
2023-06-12 17:00:00,21.61,77.96
2023-06-12 18:00:00,0.0,56.13
2023-06-12 19:00:00,0.0,34.55
2023-06-12 20:00:00,0.0,33.5
2023-06-12 21:00:00,0.0,57.71
2023-06-12 22:00:00,0.0,35.21
2023-06-12 23:00:00,0.0,41.06
2023-06-13 00:00:00,0.0,43.68
2023-06-13 01:00:00,0.0,33.73
2023-06-13 02:00:00,0.0,30.62
2023-06-13 03:00:00,0.0,59.82
2023-06-13 04:00:00,0.0,56.3
2023-06-13 05:00:00,0.0,57.37
2023-06-13 06:00:00,0.0,36.6
2023-06-13 07:00:00,23.05,66.65
2023-06-13 08:00:00,78.3,131.68
2023-06-13 09:00:00,193.08,238.94
2023-06-13 10:00:00,256.03,297.81
2023-06-13 11:00:00,298.44,336.42
2023-06-13 12:00:00,349.76,392.72
2023-06-13 13:00:00,329.27,384.74
2023-06-13 14:00:00,247.03,277.86
2023-06-13 15:00:00,157.81,191.84
2023-06-13 16:00:00,88.7,142.95
2023-06-13 17:00:00,25.33,74.38
2023-06-13 18:00:00,0.0,34.64
2023-06-13 19:00:00,0.0,42.04
2023-06-13 20:00:00,0.0,39.97
2023-06-13 21:00:00,0.0,56.1
2023-06-13 22:00:00,0.0,44.6
2023-06-13 23:00:00,0.0,36.79
2023-06-14 00:00:00,0.0,38.66
2023-06-14 01:00:00,0.0,34.09
2023-06-14 02:00:00,0.0,57.56
2023-06-14 03:00:00,0.0,31.51
2023-06-14 04:00:00,0.0,30.39
2023-06-14 05:00:00,0.0,35.49
2023-06-14 06:00:00,0.0,45.7
2023-06-14 07:00:00,24.04,64.77
2023-06-14 08:00:00,79.46,135.14
2023-06-14 09:00:00,163.46,194.45
2023-06-14 10:00:00,266.21,298.71
2023-06-14 11:00:00,298.42,352.43
2023-06-14 12:00:00,348.98,386.23
2023-06-14 13:00:00,315.79,367.67
2023-06-14 14:00:00,238.26,271.75
2023-06-14 15:00:00,179.08,227.29
2023-06-14 16:00:00,96.09,137.33
2023-06-14 17:00:00,21.27,67.4
2023-06-14 18:00:00,0.0,34.19
2023-06-14 19:00:00,0.0,46.59
2023-06-14 20:00:00,0.0,35.93
2023-06-14 21:00:00,0.0,55.34
2023-06-14 22:00:00,0.0,55.05
2023-06-14 23:00:00,0.0,42.89
2023-06-15 00:00:00,0.0,59.0
2023-06-15 01:00:00,0.0,59.39
2023-06-15 02:00:00,0.0,33.88
2023-06-15 03:00:00,0.0,41.03
2023-06-15 04:00:00,0.0,48.01
2023-06-15 05:00:00,0.0,32.55
2023-06-15 06:00:00,0.0,37.84
2023-06-15 07:00:00,25.65,68.0
2023-06-15 08:00:00,92.23,133.83
2023-06-15 09:00:00,161.25,217.14
2023-06-15 10:00:00,234.62,266.3
2023-06-15 11:00:00,316.87,367.48
2023-06-15 12:00:00,337.95,369.94
2023-06-15 13:00:00,313.67,351.02
2023-06-15 14:00:00,234.9,280.94
2023-06-15 15:00:00,160.69,199.31
2023-06-15 16:00:00,90.0,141.75
2023-06-15 17:00:00,22.25,62.13
2023-06-15 18:00:00,0.0,58.71
2023-06-15 19:00:00,0.0,35.72
2023-06-15 20:00:00,0.0,35.5
2023-06-15 21:00:00,0.0,43.35
2023-06-15 22:00:00,0.0,35.68
2023-06-15 23:00:00,0.0,34.7
2023-06-16 00:00:00,0.0,32.88
2023-06-16 01:00:00,0.0,49.21
2023-06-16 02:00:00,0.0,48.36
2023-06-16 03:00:00,0.0,49.5
2023-06-16 04:00:00,0.0,53.2
2023-06-16 05:00:00,0.0,39.79
2023-06-16 06:00:00,0.0,52.0
2023-06-16 07:00:00,24.92,76.55
2023-06-16 08:00:00,84.8,123.29
2023-06-16 09:00:00,171.95,204.86
2023-06-16 10:00:00,259.51,290.8
2023-06-16 11:00:00,292.12,350.06
2023-06-16 12:00:00,363.54,410.4
2023-06-16 13:00:00,315.27,362.39
2023-06-16 14:00:00,283.81,333.38
2023-06-16 15:00:00,178.57,222.38
2023-06-16 16:00:00,84.56,135.52
2023-06-16 17:00:00,25.79,68.53
2023-06-16 18:00:00,0.0,42.84
2023-06-16 19:00:00,0.0,42.77
2023-06-16 20:00:00,0.0,59.72
2023-06-16 21:00:00,0.0,51.2
2023-06-16 22:00:00,0.0,40.78
2023-06-16 23:00:00,0.0,41.15
2023-06-17 00:00:00,0.0,42.92
2023-06-17 01:00:00,0.0,31.1
2023-06-17 02:00:00,0.0,45.83
2023-06-17 03:00:00,0.0,54.34
2023-06-17 04:00:00,0.0,49.82
2023-06-17 05:00:00,0.0,35.95
2023-06-17 06:00:00,0.0,51.58
2023-06-17 07:00:00,22.25,70.94
2023-06-17 08:00:00,89.44,144.63
2023-06-17 09:00:00,161.41,197.26
2023-06-17 10:00:00,261.43,292.75
2023-06-17 11:00:00,320.39,374.04
2023-06-17 12:00:00,323.75,367.55
2023-06-17 13:00:00,359.81,404.99
2023-06-17 14:00:00,262.11,308.87
2023-06-17 15:00:00,163.24,197.65
2023-06-17 16:00:00,90.66,132.53
2023-06-17 17:00:00,22.38,53.32
2023-06-17 18:00:00,0.0,30.97
2023-06-17 19:00:00,0.0,52.5
2023-06-17 20:00:00,0.0,41.46
2023-06-17 21:00:00,0.0,47.96
2023-06-17 22:00:00,0.0,37.43
2023-06-17 23:00:00,0.0,34.66
2023-06-18 00:00:00,0.0,46.0
2023-06-18 01:00:00,0.0,50.87
2023-06-18 02:00:00,0.0,35.86
2023-06-18 03:00:00,0.0,43.09
2023-06-18 04:00:00,0.0,43.34
2023-06-18 05:00:00,0.0,36.48
2023-06-18 06:00:00,0.0,34.38
2023-06-18 07:00:00,23.47,56.87
2023-06-18 08:00:00,87.13,126.48
2023-06-18 09:00:00,173.04,216.05
2023-06-18 10:00:00,284.72,329.42
2023-06-18 11:00:00,348.05,384.82
2023-06-18 12:00:00,338.71,370.96
2023-06-18 13:00:00,320.74,370.8
2023-06-18 14:00:00,280.87,327.85
2023-06-18 15:00:00,179.95,215.27
2023-06-18 16:00:00,78.88,132.63
2023-06-18 17:00:00,21.78,54.52
2023-06-18 18:00:00,0.0,58.91
2023-06-18 19:00:00,0.0,48.49
2023-06-18 20:00:00,0.0,41.36
2023-06-18 21:00:00,0.0,55.0
2023-06-18 22:00:00,0.0,36.14
2023-06-18 23:00:00,0.0,42.88
2023-06-19 00:00:00,0.0,40.71
2023-06-19 01:00:00,0.0,57.38
2023-06-19 02:00:00,0.0,57.59
2023-06-19 03:00:00,0.0,49.53
2023-06-19 04:00:00,0.0,33.32
2023-06-19 05:00:00,0.0,44.47
2023-06-19 06:00:00,0.0,56.55
2023-06-19 07:00:00,21.64,53.27
2023-06-19 08:00:00,91.16,134.76
2023-06-19 09:00:00,187.25,219.49
2023-06-19 10:00:00,278.82,309.94
2023-06-19 11:00:00,293.77,337.61
2023-06-19 12:00:00,329.09,376.9
2023-06-19 13:00:00,293.62,324.68
2023-06-19 14:00:00,274.74,311.04
2023-06-19 15:00:00,180.56,233.06
2023-06-19 16:00:00,79.29,132.38
2023-06-19 17:00:00,22.28,63.97
2023-06-19 18:00:00,0.0,55.16
2023-06-19 19:00:00,0.0,46.82
2023-06-19 20:00:00,0.0,45.14
2023-06-19 21:00:00,0.0,59.06
2023-06-19 22:00:00,0.0,40.04
2023-06-19 23:00:00,0.0,56.72
2023-06-20 00:00:00,0.0,51.59
2023-06-20 01:00:00,0.0,57.86
2023-06-20 02:00:00,0.0,57.23
2023-06-20 03:00:00,0.0,59.73
2023-06-20 04:00:00,0.0,33.95
2023-06-20 05:00:00,0.0,53.88
2023-06-20 06:00:00,0.0,49.33
2023-06-20 07:00:00,22.33,81.28
2023-06-20 08:00:00,81.96,126.95
2023-06-20 09:00:00,175.59,210.44
2023-06-20 10:00:00,274.48,307.15
2023-06-20 11:00:00,339.44,394.9
2023-06-20 12:00:00,338.52,389.8
2023-06-20 13:00:00,302.61,357.99
2023-06-20 14:00:00,287.15,321.73
2023-06-20 15:00:00,181.86,227.03
2023-06-20 16:00:00,87.98,139.17
2023-06-20 17:00:00,23.36,71.37
2023-06-20 18:00:00,0.0,41.36
2023-06-20 19:00:00,0.0,55.96
2023-06-20 20:00:00,0.0,33.3
2023-06-20 21:00:00,0.0,47.93
2023-06-20 22:00:00,0.0,35.53
2023-06-20 23:00:00,0.0,55.4
2023-06-21 00:00:00,0.0,47.37
2023-06-21 01:00:00,0.0,42.09
2023-06-21 02:00:00,0.0,37.49
2023-06-21 03:00:00,0.0,43.11
2023-06-21 04:00:00,0.0,58.73
2023-06-21 05:00:00,0.0,45.28
2023-06-21 06:00:00,0.0,52.39
2023-06-21 07:00:00,22.82,65.64
2023-06-21 08:00:00,84.4,118.93
2023-06-21 09:00:00,182.67,238.86
2023-06-21 10:00:00,284.59,341.01
2023-06-21 11:00:00,322.87,361.39
2023-06-21 12:00:00,359.75,418.39
2023-06-21 13:00:00,341.77,386.62
2023-06-21 14:00:00,272.62,325.8
2023-06-21 15:00:00,190.23,243.13
2023-06-21 16:00:00,86.17,124.38
2023-06-21 17:00:00,23.42,63.27
2023-06-21 18:00:00,0.0,45.24
2023-06-21 19:00:00,0.0,44.16
2023-06-21 20:00:00,0.0,40.45
2023-06-21 21:00:00,0.0,49.18
2023-06-21 22:00:00,0.0,45.6
2023-06-21 23:00:00,0.0,33.87
2023-06-22 00:00:00,0.0,56.08
2023-06-22 01:00:00,0.0,40.77
2023-06-22 02:00:00,0.0,42.98
2023-06-22 03:00:00,0.0,36.17
2023-06-22 04:00:00,0.0,46.6
2023-06-22 05:00:00,0.0,51.06
2023-06-22 06:00:00,0.0,31.55
2023-06-22 07:00:00,25.75,76.86
2023-06-22 08:00:00,83.43,119.56
2023-06-22 09:00:00,167.3,223.57
2023-06-22 10:00:00,250.68,294.56
2023-06-22 11:00:00,340.31,396.47
2023-06-22 12:00:00,361.27,413.86
2023-06-22 13:00:00,303.75,360.07
2023-06-22 14:00:00,249.82,283.67
2023-06-22 15:00:00,192.33,228.38
2023-06-22 16:00:00,80.71,129.49
2023-06-22 17:00:00,22.53,56.53
2023-06-22 18:00:00,0.0,52.77
2023-06-22 19:00:00,0.0,53.8
2023-06-22 20:00:00,0.0,34.67
2023-06-22 21:00:00,0.0,46.71
2023-06-22 22:00:00,0.0,54.41
2023-06-22 23:00:00,0.0,34.83
2023-06-23 00:00:00,0.0,36.23
2023-06-23 01:00:00,0.0,30.07
2023-06-23 02:00:00,0.0,45.74
2023-06-23 03:00:00,0.0,35.84
2023-06-23 04:00:00,0.0,51.73
2023-06-23 05:00:00,0.0,58.87
2023-06-23 06:00:00,0.0,49.47
2023-06-23 07:00:00,22.0,52.54
2023-06-23 08:00:00,92.16,135.18
2023-06-23 09:00:00,191.24,237.27
2023-06-23 10:00:00,243.29,286.78
2023-06-23 11:00:00,305.78,362.12
2023-06-23 12:00:00,363.65,403.89
2023-06-23 13:00:00,328.09,378.17
2023-06-23 14:00:00,277.81,310.21
2023-06-23 15:00:00,157.23,190.66
2023-06-23 16:00:00,85.47,129.47
2023-06-23 17:00:00,21.63,63.96
2023-06-23 18:00:00,0.0,33.27
2023-06-23 19:00:00,0.0,57.5
2023-06-23 20:00:00,0.0,47.97
2023-06-23 21:00:00,0.0,41.66
2023-06-23 22:00:00,0.0,45.21
2023-06-23 23:00:00,0.0,39.43
2023-06-24 00:00:00,0.0,55.63
2023-06-24 01:00:00,0.0,47.25
2023-06-24 02:00:00,0.0,44.85
2023-06-24 03:00:00,0.0,57.33
2023-06-24 04:00:00,0.0,55.14
2023-06-24 05:00:00,0.0,54.38
2023-06-24 06:00:00,0.0,34.59
2023-06-24 07:00:00,24.36,68.42
2023-06-24 08:00:00,90.78,143.6
2023-06-24 09:00:00,167.27,205.81
2023-06-24 10:00:00,261.69,299.9
2023-06-24 11:00:00,337.67,390.07
2023-06-24 12:00:00,347.54,399.25
2023-06-24 13:00:00,326.9,378.29
2023-06-24 14:00:00,247.02,299.19
2023-06-24 15:00:00,182.72,220.72
2023-06-24 16:00:00,88.43,144.09
2023-06-24 17:00:00,22.18,74.26
2023-06-24 18:00:00,0.0,55.99
2023-06-24 19:00:00,0.0,42.05
2023-06-24 20:00:00,0.0,48.22
2023-06-24 21:00:00,0.0,59.75
2023-06-24 22:00:00,0.0,47.05
2023-06-24 23:00:00,0.0,33.45
2023-06-25 00:00:00,0.0,31.36
2023-06-25 01:00:00,0.0,53.71
2023-06-25 02:00:00,0.0,42.71
2023-06-25 03:00:00,0.0,37.4
2023-06-25 04:00:00,0.0,40.43
2023-06-25 05:00:00,0.0,52.72
2023-06-25 06:00:00,0.0,56.05
2023-06-25 07:00:00,24.58,83.8
2023-06-25 08:00:00,94.55,132.19
2023-06-25 09:00:00,180.65,211.27
2023-06-25 10:00:00,289.31,327.14
2023-06-25 11:00:00,337.5,392.97
2023-06-25 12:00:00,324.61,380.05
2023-06-25 13:00:00,292.69,335.95
2023-06-25 14:00:00,260.66,301.88
2023-06-25 15:00:00,177.98,235.43
2023-06-25 16:00:00,84.22,131.6
2023-06-25 17:00:00,25.28,78.47
2023-06-25 18:00:00,0.0,58.28
2023-06-25 19:00:00,0.0,31.4
2023-06-25 20:00:00,0.0,47.66
2023-06-25 21:00:00,0.0,47.26
2023-06-25 22:00:00,0.0,53.59
2023-06-25 23:00:00,0.0,34.45
2023-06-26 00:00:00,0.0,35.38
2023-06-26 01:00:00,0.0,52.56
2023-06-26 02:00:00,0.0,34.49
2023-06-26 03:00:00,0.0,44.08
2023-06-26 04:00:00,0.0,51.95
2023-06-26 05:00:00,0.0,49.54
2023-06-26 06:00:00,0.0,39.12
2023-06-26 07:00:00,25.73,69.19
2023-06-26 08:00:00,79.02,115.61
2023-06-26 09:00:00,169.0,228.98
2023-06-26 10:00:00,251.31,282.1
2023-06-26 11:00:00,327.07,359.58
2023-06-26 12:00:00,332.97,392.74
2023-06-26 13:00:00,340.23,371.75
2023-06-26 14:00:00,259.37,294.52
2023-06-26 15:00:00,160.92,208.53
2023-06-26 16:00:00,87.5,139.79
2023-06-26 17:00:00,25.35,62.75
2023-06-26 18:00:00,0.0,45.54
2023-06-26 19:00:00,0.0,37.77
2023-06-26 20:00:00,0.0,55.37
2023-06-26 21:00:00,0.0,31.07
2023-06-26 22:00:00,0.0,46.79
2023-06-26 23:00:00,0.0,51.65
2023-06-27 00:00:00,0.0,38.4
2023-06-27 01:00:00,0.0,55.9
2023-06-27 02:00:00,0.0,37.21
2023-06-27 03:00:00,0.0,55.2
2023-06-27 04:00:00,0.0,32.36
2023-06-27 05:00:00,0.0,34.8
2023-06-27 06:00:00,0.0,55.62
2023-06-27 07:00:00,21.67,77.93
2023-06-27 08:00:00,82.43,126.01
2023-06-27 09:00:00,169.38,202.92
2023-06-27 10:00:00,286.73,329.88
2023-06-27 11:00:00,339.25,386.51
2023-06-27 12:00:00,349.73,398.23
2023-06-27 13:00:00,353.54,404.52
2023-06-27 14:00:00,263.99,313.35
2023-06-27 15:00:00,178.72,221.71
2023-06-27 16:00:00,89.7,133.01
2023-06-27 17:00:00,24.69,83.76
2023-06-27 18:00:00,0.0,54.62
2023-06-27 19:00:00,0.0,48.05
2023-06-27 20:00:00,0.0,52.48
2023-06-27 21:00:00,0.0,35.34
2023-06-27 22:00:00,0.0,44.37
2023-06-27 23:00:00,0.0,37.72
2023-06-28 00:00:00,0.0,30.1
2023-06-28 01:00:00,0.0,59.0
2023-06-28 02:00:00,0.0,55.92
2023-06-28 03:00:00,0.0,45.41
2023-06-28 04:00:00,0.0,37.62
2023-06-28 05:00:00,0.0,50.79
2023-06-28 06:00:00,0.0,54.1
2023-06-28 07:00:00,25.88,66.35
2023-06-28 08:00:00,82.7,120.72
2023-06-28 09:00:00,159.84,201.66
2023-06-28 10:00:00,235.56,268.99
2023-06-28 11:00:00,310.5,345.3
2023-06-28 12:00:00,366.69,399.86
2023-06-28 13:00:00,351.31,387.94
2023-06-28 14:00:00,240.59,270.89
2023-06-28 15:00:00,182.72,220.42
2023-06-28 16:00:00,87.57,120.92
2023-06-28 17:00:00,25.81,59.57
2023-06-28 18:00:00,0.0,55.55
2023-06-28 19:00:00,0.0,37.35
2023-06-28 20:00:00,0.0,38.01
2023-06-28 21:00:00,0.0,54.25
2023-06-28 22:00:00,0.0,38.2
2023-06-28 23:00:00,0.0,30.09
2023-06-29 00:00:00,0.0,42.84
2023-06-29 01:00:00,0.0,30.38
2023-06-29 02:00:00,0.0,57.29
2023-06-29 03:00:00,0.0,49.25
2023-06-29 04:00:00,0.0,47.49
2023-06-29 05:00:00,0.0,36.05
2023-06-29 06:00:00,0.0,50.32
2023-06-29 07:00:00,21.25,77.68
2023-06-29 08:00:00,88.86,142.63
2023-06-29 09:00:00,166.08,199.74
2023-06-29 10:00:00,273.38,327.2
2023-06-29 11:00:00,318.36,349.07
2023-06-29 12:00:00,373.02,409.2
2023-06-29 13:00:00,315.13,363.98
2023-06-29 14:00:00,240.12,272.28
2023-06-29 15:00:00,157.35,214.85
2023-06-29 16:00:00,83.93,133.75
2023-06-29 17:00:00,25.83,75.91
2023-06-29 18:00:00,0.0,45.63
2023-06-29 19:00:00,0.0,41.31
2023-06-29 20:00:00,0.0,47.99
2023-06-29 21:00:00,0.0,58.76
2023-06-29 22:00:00,0.0,53.64
2023-06-29 23:00:00,0.0,42.73
2023-06-30 00:00:00,0.0,39.97
2023-06-30 01:00:00,0.0,56.51
2023-06-30 02:00:00,0.0,34.07
2023-06-30 03:00:00,0.0,55.49
2023-06-30 04:00:00,0.0,37.65
2023-06-30 05:00:00,0.0,51.47
2023-06-30 06:00:00,0.0,44.31
2023-06-30 07:00:00,21.9,77.24
2023-06-30 08:00:00,84.96,124.58
2023-06-30 09:00:00,175.17,218.22
2023-06-30 10:00:00,272.3,306.42
2023-06-30 11:00:00,321.77,378.52
2023-06-30 12:00:00,315.45,359.17
2023-06-30 13:00:00,337.2,393.83
2023-06-30 14:00:00,267.38,322.11
2023-06-30 15:00:00,164.6,205.18
2023-06-30 16:00:00,95.54,152.12
2023-06-30 17:00:00,23.7,67.96
2023-06-30 18:00:00,0.0,31.76
2023-06-30 19:00:00,0.0,56.77
2023-06-30 20:00:00,0.0,54.54
2023-06-30 21:00:00,0.0,43.69
2023-06-30 22:00:00,0.0,38.38
2023-06-30 23:00:00,0.0,40.29
2023-07-01 00:00:00,0.0,33.69
2023-07-01 01:00:00,0.0,51.65
2023-07-01 02:00:00,0.0,46.7
2023-07-01 03:00:00,0.0,37.02
2023-07-01 04:00:00,0.0,48.69
2023-07-01 05:00:00,0.0,59.38
2023-07-01 06:00:00,0.0,43.75
2023-07-01 07:00:00,23.39,58.39
2023-07-01 08:00:00,87.98,136.16
2023-07-01 09:00:00,162.19,196.83
2023-07-01 10:00:00,281.87,321.21
2023-07-01 11:00:00,335.13,383.93
2023-07-01 12:00:00,374.56,426.76
2023-07-01 13:00:00,349.57,398.33
2023-07-01 14:00:00,259.41,301.22
2023-07-01 15:00:00,170.35,212.9
2023-07-01 16:00:00,80.58,123.3
2023-07-01 17:00:00,22.87,53.91
2023-07-01 18:00:00,0.0,52.56
2023-07-01 19:00:00,0.0,47.34
2023-07-01 20:00:00,0.0,54.19
2023-07-01 21:00:00,0.0,46.28
2023-07-01 22:00:00,0.0,55.62
2023-07-01 23:00:00,0.0,53.88
2023-07-02 00:00:00,0.0,32.95
2023-07-02 01:00:00,0.0,59.31
2023-07-02 02:00:00,0.0,30.44
2023-07-02 03:00:00,0.0,47.91
2023-07-02 04:00:00,0.0,53.78
2023-07-02 05:00:00,0.0,39.96
2023-07-02 06:00:00,0.0,40.86
2023-07-02 07:00:00,21.25,51.5
2023-07-02 08:00:00,79.95,112.9
2023-07-02 09:00:00,178.88,224.66
2023-07-02 10:00:00,259.74,310.5
2023-07-02 11:00:00,293.0,331.13
2023-07-02 12:00:00,370.02,427.32
2023-07-02 13:00:00,321.95,354.39
2023-07-02 14:00:00,278.69,335.25
2023-07-02 15:00:00,171.62,208.92
2023-07-02 16:00:00,79.01,126.74
2023-07-02 17:00:00,25.44,75.78
2023-07-02 18:00:00,0.0,49.29
2023-07-02 19:00:00,0.0,54.96
2023-07-02 20:00:00,0.0,44.27
2023-07-02 21:00:00,0.0,54.59
2023-07-02 22:00:00,0.0,41.76
2023-07-02 23:00:00,0.0,40.46
2023-07-03 00:00:00,0.0,47.49
2023-07-03 01:00:00,0.0,43.94
2023-07-03 02:00:00,0.0,59.31
2023-07-03 03:00:00,0.0,45.49
2023-07-03 04:00:00,0.0,41.56
2023-07-03 05:00:00,0.0,41.85
2023-07-03 06:00:00,0.0,40.65
2023-07-03 07:00:00,24.52,65.94
2023-07-03 08:00:00,85.27,133.78
2023-07-03 09:00:00,158.64,208.3
2023-07-03 10:00:00,262.47,306.06
2023-07-03 11:00:00,341.24,393.99
2023-07-03 12:00:00,375.08,416.32
2023-07-03 13:00:00,314.3,365.73
2023-07-03 14:00:00,266.72,315.67
2023-07-03 15:00:00,176.84,230.02
2023-07-03 16:00:00,81.7,128.37
2023-07-03 17:00:00,21.73,63.95
2023-07-03 18:00:00,0.0,44.79
2023-07-03 19:00:00,0.0,41.39
2023-07-03 20:00:00,0.0,56.55
2023-07-03 21:00:00,0.0,53.18
2023-07-03 22:00:00,0.0,45.79
2023-07-03 23:00:00,0.0,58.5
2023-07-04 00:00:00,0.0,42.73
2023-07-04 01:00:00,0.0,53.64
2023-07-04 02:00:00,0.0,35.04
2023-07-04 03:00:00,0.0,38.57
2023-07-04 04:00:00,0.0,40.14
2023-07-04 05:00:00,0.0,33.17
2023-07-04 06:00:00,0.0,35.77
2023-07-04 07:00:00,24.08,59.78
2023-07-04 08:00:00,80.47,139.54
2023-07-04 09:00:00,180.62,238.71
2023-07-04 10:00:00,261.64,292.64
2023-07-04 11:00:00,331.29,378.04
2023-07-04 12:00:00,313.9,369.74
2023-07-04 13:00:00,334.42,386.76
2023-07-04 14:00:00,261.86,310.41
2023-07-04 15:00:00,165.87,225.08
2023-07-04 16:00:00,85.57,120.44
2023-07-04 17:00:00,21.23,70.32
2023-07-04 18:00:00,0.0,56.87
2023-07-04 19:00:00,0.0,51.06
2023-07-04 20:00:00,0.0,59.72
2023-07-04 21:00:00,0.0,51.68
2023-07-04 22:00:00,0.0,40.18
2023-07-04 23:00:00,0.0,48.04
2023-07-05 00:00:00,0.0,32.39
2023-07-05 01:00:00,0.0,36.65
2023-07-05 02:00:00,0.0,42.53
2023-07-05 03:00:00,0.0,36.05
2023-07-05 04:00:00,0.0,58.61
2023-07-05 05:00:00,0.0,59.87
2023-07-05 06:00:00,0.0,51.28
2023-07-05 07:00:00,22.96,57.15
2023-07-05 08:00:00,84.4,121.4
2023-07-05 09:00:00,168.47,204.92
2023-07-05 10:00:00,240.8,277.32
2023-07-05 11:00:00,354.04,386.6
2023-07-05 12:00:00,336.7,382.55
2023-07-05 13:00:00,316.19,361.72
2023-07-05 14:00:00,237.0,286.46
2023-07-05 15:00:00,177.14,227.57
2023-07-05 16:00:00,88.64,131.78
2023-07-05 17:00:00,22.68,59.47
2023-07-05 18:00:00,0.0,30.78
2023-07-05 19:00:00,0.0,39.85
2023-07-05 20:00:00,0.0,50.34
2023-07-05 21:00:00,0.0,33.26
2023-07-05 22:00:00,0.0,31.89
2023-07-05 23:00:00,0.0,49.57
2023-07-06 00:00:00,0.0,41.93
2023-07-06 01:00:00,0.0,54.05
2023-07-06 02:00:00,0.0,58.12
2023-07-06 03:00:00,0.0,58.71
2023-07-06 04:00:00,0.0,42.77
2023-07-06 05:00:00,0.0,37.93
2023-07-06 06:00:00,0.0,48.85
2023-07-06 07:00:00,24.02,63.67
2023-07-06 08:00:00,79.37,115.67
2023-07-06 09:00:00,162.08,195.8
2023-07-06 10:00:00,285.73,316.15
2023-07-06 11:00:00,333.18,391.6
2023-07-06 12:00:00,339.3,385.11
2023-07-06 13:00:00,339.63,379.15
2023-07-06 14:00:00,260.97,315.48
2023-07-06 15:00:00,183.83,238.08
2023-07-06 16:00:00,96.37,137.48
2023-07-06 17:00:00,24.64,72.72
2023-07-06 18:00:00,0.0,52.2
2023-07-06 19:00:00,0.0,52.49
2023-07-06 20:00:00,0.0,56.57
2023-07-06 21:00:00,0.0,40.48
2023-07-06 22:00:00,0.0,49.6
2023-07-06 23:00:00,0.0,38.41
2023-07-07 00:00:00,0.0,47.84
2023-07-07 01:00:00,0.0,52.54
2023-07-07 02:00:00,0.0,53.73
2023-07-07 03:00:00,0.0,42.6
2023-07-07 04:00:00,0.0,45.26
2023-07-07 05:00:00,0.0,40.02
2023-07-07 06:00:00,0.0,37.82
2023-07-07 07:00:00,25.45,64.72
2023-07-07 08:00:00,96.14,133.38
2023-07-07 09:00:00,183.01,230.23
2023-07-07 10:00:00,273.07,322.39
2023-07-07 11:00:00,340.38,397.55
2023-07-07 12:00:00,354.27,386.31
2023-07-07 13:00:00,310.44,361.69
2023-07-07 14:00:00,261.87,308.33
2023-07-07 15:00:00,178.35,219.83
2023-07-07 16:00:00,92.44,144.15
2023-07-07 17:00:00,24.48,75.94
2023-07-07 18:00:00,0.0,47.86
2023-07-07 19:00:00,0.0,59.01
2023-07-07 20:00:00,0.0,33.58
2023-07-07 21:00:00,0.0,48.96
2023-07-07 22:00:00,0.0,51.51
2023-07-07 23:00:00,0.0,44.32
2023-07-08 00:00:00,0.0,38.65
2023-07-08 01:00:00,0.0,46.5
2023-07-08 02:00:00,0.0,40.94
2023-07-08 03:00:00,0.0,57.27
2023-07-08 04:00:00,0.0,40.7
2023-07-08 05:00:00,0.0,35.27
2023-07-08 06:00:00,0.0,41.88
2023-07-08 07:00:00,21.43,68.38
2023-07-08 08:00:00,88.1,123.3
2023-07-08 09:00:00,178.39,225.41
2023-07-08 10:00:00,277.3,318.15
2023-07-08 11:00:00,308.93,367.47
2023-07-08 12:00:00,354.11,384.92
2023-07-08 13:00:00,348.2,384.1
2023-07-08 14:00:00,277.99,329.14
2023-07-08 15:00:00,192.05,251.02
2023-07-08 16:00:00,83.25,136.24
2023-07-08 17:00:00,22.52,71.4
2023-07-08 18:00:00,0.0,31.64
2023-07-08 19:00:00,0.0,30.16
2023-07-08 20:00:00,0.0,31.73
2023-07-08 21:00:00,0.0,33.84
2023-07-08 22:00:00,0.0,37.73
2023-07-08 23:00:00,0.0,57.21
2023-07-09 00:00:00,0.0,45.56
2023-07-09 01:00:00,0.0,53.91
2023-07-09 02:00:00,0.0,55.15
2023-07-09 03:00:00,0.0,52.05
2023-07-09 04:00:00,0.0,41.74
2023-07-09 05:00:00,0.0,55.92
2023-07-09 06:00:00,0.0,52.29
2023-07-09 07:00:00,15.18,63.14
2023-07-09 08:00:00,52.56,109.26
2023-07-09 09:00:00,103.5,157.85
2023-07-09 10:00:00,142.03,172.07
2023-07-09 11:00:00,196.16,228.37
2023-07-09 12:00:00,229.97,260.14
2023-07-09 13:00:00,203.96,241.26
2023-07-09 14:00:00,172.18,213.63
2023-07-09 15:00:00,94.1,124.91
2023-07-09 16:00:00,52.84,112.44
2023-07-09 17:00:00,15.41,55.53
2023-07-09 18:00:00,0.0,33.01
2023-07-09 19:00:00,0.0,45.67
2023-07-09 20:00:00,0.0,47.99
2023-07-09 21:00:00,0.0,37.53
2023-07-09 22:00:00,0.0,48.36
2023-07-09 23:00:00,0.0,56.99
2023-07-10 00:00:00,0.0,30.03
2023-07-10 01:00:00,0.0,36.87
2023-07-10 02:00:00,0.0,36.3
2023-07-10 03:00:00,0.0,33.72
2023-07-10 04:00:00,0.0,34.98
2023-07-10 05:00:00,0.0,48.78
2023-07-10 06:00:00,0.0,52.16
2023-07-10 07:00:00,15.14,72.94
2023-07-10 08:00:00,54.01,89.93
2023-07-10 09:00:00,95.38,132.34
2023-07-10 10:00:00,171.99,230.86
2023-07-10 11:00:00,190.15,229.92
2023-07-10 12:00:00,209.44,248.19
2023-07-10 13:00:00,214.69,251.33
2023-07-10 14:00:00,152.43,195.31
2023-07-10 15:00:00,96.25,137.73
2023-07-10 16:00:00,56.17,90.38
2023-07-10 17:00:00,14.25,56.45
2023-07-10 18:00:00,0.0,30.37
2023-07-10 19:00:00,0.0,38.2
2023-07-10 20:00:00,0.0,31.85
2023-07-10 21:00:00,0.0,41.3
2023-07-10 22:00:00,0.0,54.31
2023-07-10 23:00:00,0.0,51.59
2023-07-11 00:00:00,0.0,58.42
2023-07-11 01:00:00,0.0,42.81
2023-07-11 02:00:00,0.0,51.23
2023-07-11 03:00:00,0.0,49.96
2023-07-11 04:00:00,0.0,36.51
2023-07-11 05:00:00,0.0,39.11
2023-07-11 06:00:00,0.0,53.9
2023-07-11 07:00:00,13.89,50.72
2023-07-11 08:00:00,57.68,91.15
2023-07-11 09:00:00,114.53,168.8
2023-07-11 10:00:00,167.93,221.78
2023-07-11 11:00:00,183.02,232.0
2023-07-11 12:00:00,220.3,272.67
2023-07-11 13:00:00,185.62,221.05
2023-07-11 14:00:00,151.08,195.48
2023-07-11 15:00:00,106.12,161.23
2023-07-11 16:00:00,55.21,105.49
2023-07-11 17:00:00,13.3,57.67
2023-07-11 18:00:00,0.0,37.05
2023-07-11 19:00:00,0.0,30.31
2023-07-11 20:00:00,0.0,40.18
2023-07-11 21:00:00,0.0,37.68
2023-07-11 22:00:00,0.0,47.16
2023-07-11 23:00:00,0.0,31.87
2023-07-12 00:00:00,0.0,38.12
2023-07-12 01:00:00,0.0,31.34
2023-07-12 02:00:00,0.0,49.24
2023-07-12 03:00:00,0.0,47.05
2023-07-12 04:00:00,0.0,40.12
2023-07-12 05:00:00,0.0,34.42
2023-07-12 06:00:00,0.0,47.53
2023-07-12 07:00:00,14.53,60.47
2023-07-12 08:00:00,55.62,112.51
2023-07-12 09:00:00,101.92,152.62
2023-07-12 10:00:00,147.84,197.4
2023-07-12 11:00:00,190.86,221.06
2023-07-12 12:00:00,229.04,285.09
2023-07-12 13:00:00,186.41,246.34
2023-07-12 14:00:00,150.72,194.49
2023-07-12 15:00:00,112.23,151.37
2023-07-12 16:00:00,51.71,101.68
2023-07-12 17:00:00,12.91,55.58
2023-07-12 18:00:00,0.0,50.3
2023-07-12 19:00:00,0.0,34.08
2023-07-12 20:00:00,0.0,36.98
2023-07-12 21:00:00,0.0,51.34
2023-07-12 22:00:00,0.0,34.69
2023-07-12 23:00:00,0.0,42.66
2023-07-13 00:00:00,0.0,51.39
2023-07-13 01:00:00,0.0,52.96
2023-07-13 02:00:00,0.0,32.85
2023-07-13 03:00:00,0.0,55.56
2023-07-13 04:00:00,0.0,51.72
2023-07-13 05:00:00,0.0,40.18
2023-07-13 06:00:00,0.0,51.85
2023-07-13 07:00:00,14.3,61.05
2023-07-13 08:00:00,54.83,114.81
2023-07-13 09:00:00,106.23,160.49
2023-07-13 10:00:00,164.81,220.48
2023-07-13 11:00:00,213.66,249.45
2023-07-13 12:00:00,194.28,241.87
2023-07-13 13:00:00,192.92,240.04
2023-07-13 14:00:00,166.59,224.54
2023-07-13 15:00:00,102.68,154.22
2023-07-13 16:00:00,48.91,94.95
2023-07-13 17:00:00,12.59,57.7
2023-07-13 18:00:00,0.0,52.06
2023-07-13 19:00:00,0.0,49.48
2023-07-13 20:00:00,0.0,40.75
2023-07-13 21:00:00,0.0,30.17
2023-07-13 22:00:00,0.0,33.46
2023-07-13 23:00:00,0.0,59.19
2023-07-14 00:00:00,0.0,57.67
2023-07-14 01:00:00,0.0,39.75
2023-07-14 02:00:00,0.0,37.77
2023-07-14 03:00:00,0.0,43.09
2023-07-14 04:00:00,0.0,50.7
2023-07-14 05:00:00,0.0,40.7
2023-07-14 06:00:00,0.0,42.08
2023-07-14 07:00:00,13.29,53.04
2023-07-14 08:00:00,48.54,98.31
2023-07-14 09:00:00,105.09,143.22
2023-07-14 10:00:00,158.53,203.31
2023-07-14 11:00:00,207.15,265.83
2023-07-14 12:00:00,192.75,249.27
2023-07-14 13:00:00,203.41,254.19
2023-07-14 14:00:00,152.6,192.92
2023-07-14 15:00:00,93.62,153.09
2023-07-14 16:00:00,53.42,95.49
2023-07-14 17:00:00,14.13,45.35
2023-07-14 18:00:00,0.0,48.7
2023-07-14 19:00:00,0.0,45.43
2023-07-14 20:00:00,0.0,53.61
2023-07-14 21:00:00,0.0,49.76
2023-07-14 22:00:00,0.0,48.04
2023-07-14 23:00:00,0.0,54.46
2023-07-15 00:00:00,0.0,32.05
2023-07-15 01:00:00,0.0,50.73
2023-07-15 02:00:00,0.0,51.47
2023-07-15 03:00:00,0.0,38.25
2023-07-15 04:00:00,0.0,35.87
2023-07-15 05:00:00,0.0,36.42
2023-07-15 06:00:00,0.0,45.71
2023-07-15 07:00:00,12.93,62.71
2023-07-15 08:00:00,47.91,78.72
2023-07-15 09:00:00,100.52,136.28
2023-07-15 10:00:00,172.88,211.97
2023-07-15 11:00:00,183.59,219.49
2023-07-15 12:00:00,203.45,251.63
2023-07-15 13:00:00,206.57,247.51
2023-07-15 14:00:00,160.91,205.37
2023-07-15 15:00:00,112.12,159.19
2023-07-15 16:00:00,49.94,101.05
2023-07-15 17:00:00,14.94,58.9
2023-07-15 18:00:00,0.0,56.37
2023-07-15 19:00:00,0.0,35.91
2023-07-15 20:00:00,0.0,53.6
2023-07-15 21:00:00,0.0,48.03
2023-07-15 22:00:00,0.0,46.04
2023-07-15 23:00:00,0.0,45.42
2023-07-16 00:00:00,0.0,55.6
2023-07-16 01:00:00,0.0,48.33
2023-07-16 02:00:00,0.0,46.13
2023-07-16 03:00:00,0.0,31.47
2023-07-16 04:00:00,0.0,43.45
2023-07-16 05:00:00,0.0,57.24
2023-07-16 06:00:00,0.0,31.53
2023-07-16 07:00:00,15.13,69.93
2023-07-16 08:00:00,52.76,83.43
2023-07-16 09:00:00,105.87,137.51
2023-07-16 10:00:00,150.82,199.69
2023-07-16 11:00:00,211.95,252.68
2023-07-16 12:00:00,224.84,282.39
2023-07-16 13:00:00,175.34,212.52
2023-07-16 14:00:00,163.68,216.39
2023-07-16 15:00:00,102.13,151.83
2023-07-16 16:00:00,53.48,105.67
2023-07-16 17:00:00,14.64,47.22
2023-07-16 18:00:00,0.0,33.98
2023-07-16 19:00:00,0.0,57.97
2023-07-16 20:00:00,0.0,57.41
2023-07-16 21:00:00,0.0,53.92
2023-07-16 22:00:00,0.0,33.5
2023-07-16 23:00:00,0.0,47.23
2023-07-17 00:00:00,0.0,35.62
2023-07-17 01:00:00,0.0,41.05
2023-07-17 02:00:00,0.0,38.01
2023-07-17 03:00:00,0.0,54.87
2023-07-17 04:00:00,0.0,34.33
2023-07-17 05:00:00,0.0,49.39
2023-07-17 06:00:00,0.0,50.61
2023-07-17 07:00:00,12.76,70.0
2023-07-17 08:00:00,53.82,97.51
2023-07-17 09:00:00,108.01,164.38
2023-07-17 10:00:00,156.0,201.94
2023-07-17 11:00:00,193.05,225.23
2023-07-17 12:00:00,221.63,255.42
2023-07-17 13:00:00,190.67,232.27
2023-07-17 14:00:00,149.49,191.57
2023-07-17 15:00:00,107.1,146.44
2023-07-17 16:00:00,48.65,104.73
2023-07-17 17:00:00,15.39,59.15
2023-07-17 18:00:00,0.0,31.42
2023-07-17 19:00:00,0.0,31.11
2023-07-17 20:00:00,0.0,41.79
2023-07-17 21:00:00,0.0,57.91
2023-07-17 22:00:00,0.0,51.92
2023-07-17 23:00:00,0.0,40.48
2023-07-18 00:00:00,0.0,59.04
2023-07-18 01:00:00,0.0,42.86
2023-07-18 02:00:00,0.0,38.3
2023-07-18 03:00:00,0.0,42.79
2023-07-18 04:00:00,0.0,36.35
2023-07-18 05:00:00,0.0,56.57
2023-07-18 06:00:00,0.0,49.74
2023-07-18 07:00:00,13.67,70.72
2023-07-18 08:00:00,53.82,98.47
2023-07-18 09:00:00,96.41,153.47
2023-07-18 10:00:00,158.29,196.84
2023-07-18 11:00:00,210.51,242.14
2023-07-18 12:00:00,200.82,246.92
2023-07-18 13:00:00,188.42,232.72
2023-07-18 14:00:00,148.97,182.87
2023-07-18 15:00:00,94.31,129.04
2023-07-18 16:00:00,57.23,104.49
2023-07-18 17:00:00,13.97,55.5
2023-07-18 18:00:00,0.0,34.24
2023-07-18 19:00:00,0.0,38.28
2023-07-18 20:00:00,0.0,49.68
2023-07-18 21:00:00,0.0,44.37
2023-07-18 22:00:00,0.0,53.1
2023-07-18 23:00:00,0.0,56.91
2023-07-19 00:00:00,0.0,54.7
2023-07-19 01:00:00,0.0,35.53
2023-07-19 02:00:00,0.0,32.74
2023-07-19 03:00:00,0.0,35.08
2023-07-19 04:00:00,0.0,53.51
2023-07-19 05:00:00,0.0,57.41
2023-07-19 06:00:00,0.0,38.95
2023-07-19 07:00:00,15.0,61.09
2023-07-19 08:00:00,55.8,102.25
2023-07-19 09:00:00,96.71,129.09
2023-07-19 10:00:00,171.84,214.61
2023-07-19 11:00:00,188.86,229.55
2023-07-19 12:00:00,203.67,262.02
2023-07-19 13:00:00,177.05,210.62
2023-07-19 14:00:00,166.31,212.79
2023-07-19 15:00:00,96.33,127.36
2023-07-19 16:00:00,49.22,87.04
2023-07-19 17:00:00,12.57,49.05
2023-07-19 18:00:00,0.0,55.66
2023-07-19 19:00:00,0.0,56.95
2023-07-19 20:00:00,0.0,41.7
2023-07-19 21:00:00,0.0,39.58
2023-07-19 22:00:00,0.0,60.0
2023-07-19 23:00:00,0.0,53.08
2023-07-20 00:00:00,0.0,46.12
2023-07-20 01:00:00,0.0,37.64
2023-07-20 02:00:00,0.0,39.64
2023-07-20 03:00:00,0.0,45.46
2023-07-20 04:00:00,0.0,46.26
2023-07-20 05:00:00,0.0,30.41
2023-07-20 06:00:00,0.0,47.27
2023-07-20 07:00:00,14.26,50.6
2023-07-20 08:00:00,55.16,107.28
2023-07-20 09:00:00,95.59,143.44
2023-07-20 10:00:00,161.97,217.04
2023-07-20 11:00:00,182.93,239.26
2023-07-20 12:00:00,207.31,240.21
2023-07-20 13:00:00,178.81,214.74
2023-07-20 14:00:00,149.58,194.47
2023-07-20 15:00:00,109.97,145.57
2023-07-20 16:00:00,57.67,92.52
2023-07-20 17:00:00,14.29,72.16
2023-07-20 18:00:00,0.0,49.44
2023-07-20 19:00:00,0.0,51.46
2023-07-20 20:00:00,0.0,34.03
2023-07-20 21:00:00,0.0,30.29
2023-07-20 22:00:00,0.0,43.02
2023-07-20 23:00:00,0.0,32.69
2023-07-21 00:00:00,0.0,40.73
2023-07-21 01:00:00,0.0,36.71
2023-07-21 02:00:00,0.0,57.49
2023-07-21 03:00:00,0.0,56.4
2023-07-21 04:00:00,0.0,54.57
2023-07-21 05:00:00,0.0,51.42
2023-07-21 06:00:00,0.0,31.45
2023-07-21 07:00:00,14.45,63.72
2023-07-21 08:00:00,50.81,94.99
2023-07-21 09:00:00,104.26,141.46
2023-07-21 10:00:00,150.62,193.17
2023-07-21 11:00:00,199.24,257.91
2023-07-21 12:00:00,210.69,262.62
2023-07-21 13:00:00,207.6,241.01
2023-07-21 14:00:00,161.8,206.26
2023-07-21 15:00:00,106.09,137.24
2023-07-21 16:00:00,56.72,115.3
2023-07-21 17:00:00,12.54,48.92
2023-07-21 18:00:00,0.0,53.44
2023-07-21 19:00:00,0.0,47.94
2023-07-21 20:00:00,0.0,35.32
2023-07-21 21:00:00,0.0,54.42
2023-07-21 22:00:00,0.0,40.6
2023-07-21 23:00:00,0.0,43.83
2023-07-22 00:00:00,0.0,41.62
2023-07-22 01:00:00,0.0,45.64
2023-07-22 02:00:00,0.0,44.4
2023-07-22 03:00:00,0.0,38.24
2023-07-22 04:00:00,0.0,42.74
2023-07-22 05:00:00,0.0,57.25
2023-07-22 06:00:00,0.0,57.49
2023-07-22 07:00:00,14.15,67.21
2023-07-22 08:00:00,49.98,103.69
2023-07-22 09:00:00,99.32,129.91
2023-07-22 10:00:00,145.55,176.2
2023-07-22 11:00:00,213.35,273.35
2023-07-22 12:00:00,220.54,253.78
2023-07-22 13:00:00,211.38,263.69
2023-07-22 14:00:00,151.21,196.28
2023-07-22 15:00:00,108.06,138.78
2023-07-22 16:00:00,52.27,104.24
2023-07-22 17:00:00,13.08,56.39
2023-07-22 18:00:00,0.0,52.07
2023-07-22 19:00:00,0.0,58.93
2023-07-22 20:00:00,0.0,55.45
2023-07-22 21:00:00,0.0,48.65
2023-07-22 22:00:00,0.0,47.51
2023-07-22 23:00:00,0.0,48.1
2023-07-23 00:00:00,0.0,46.36
2023-07-23 01:00:00,0.0,31.78
2023-07-23 02:00:00,0.0,50.95
2023-07-23 03:00:00,0.0,51.49
2023-07-23 04:00:00,0.0,45.37
2023-07-23 05:00:00,0.0,56.11
2023-07-23 06:00:00,0.0,40.88
2023-07-23 07:00:00,12.58,44.35
2023-07-23 08:00:00,50.62,94.48
2023-07-23 09:00:00,97.17,132.85
2023-07-23 10:00:00,147.85,201.27
2023-07-23 11:00:00,206.14,247.63
2023-07-23 12:00:00,194.58,227.91
2023-07-23 13:00:00,178.05,219.79
2023-07-23 14:00:00,141.75,181.76
2023-07-23 15:00:00,114.65,159.88
2023-07-23 16:00:00,55.8,89.68
2023-07-23 17:00:00,13.32,71.72
2023-07-23 18:00:00,0.0,49.45
2023-07-23 19:00:00,0.0,59.28
2023-07-23 20:00:00,0.0,46.52
2023-07-23 21:00:00,0.0,39.16
2023-07-23 22:00:00,0.0,45.96
2023-07-23 23:00:00,0.0,31.64
2023-07-24 00:00:00,0.0,33.37
2023-07-24 01:00:00,0.0,30.22
2023-07-24 02:00:00,0.0,56.53
2023-07-24 03:00:00,0.0,50.14
2023-07-24 04:00:00,0.0,38.95
2023-07-24 05:00:00,0.0,36.63
2023-07-24 06:00:00,0.0,57.59
2023-07-24 07:00:00,13.41,53.06
2023-07-24 08:00:00,56.15,112.95
2023-07-24 09:00:00,113.61,152.4
2023-07-24 10:00:00,144.22,187.42
2023-07-24 11:00:00,186.62,243.14
2023-07-24 12:00:00,188.61,237.63
2023-07-24 13:00:00,211.67,270.97
2023-07-24 14:00:00,161.7,220.2
2023-07-24 15:00:00,95.16,135.94
2023-07-24 16:00:00,46.85,106.29
2023-07-24 17:00:00,15.19,46.03
2023-07-24 18:00:00,0.0,41.01
2023-07-24 19:00:00,0.0,37.76
2023-07-24 20:00:00,0.0,55.41
2023-07-24 21:00:00,0.0,34.81
2023-07-24 22:00:00,0.0,53.72
2023-07-24 23:00:00,0.0,46.63
2023-07-25 00:00:00,0.0,41.32
2023-07-25 01:00:00,0.0,34.37
2023-07-25 02:00:00,0.0,59.93
2023-07-25 03:00:00,0.0,48.54
2023-07-25 04:00:00,0.0,43.18
2023-07-25 05:00:00,0.0,41.13
2023-07-25 06:00:00,0.0,54.64
2023-07-25 07:00:00,14.92,63.41
2023-07-25 08:00:00,56.52,95.5
2023-07-25 09:00:00,108.98,151.11
2023-07-25 10:00:00,160.05,219.99
2023-07-25 11:00:00,214.89,260.27
2023-07-25 12:00:00,212.25,269.17
2023-07-25 13:00:00,214.94,268.3
2023-07-25 14:00:00,142.4,182.08
2023-07-25 15:00:00,113.22,166.27
2023-07-25 16:00:00,54.91,104.95
2023-07-25 17:00:00,13.75,55.85
2023-07-25 18:00:00,0.0,38.81
2023-07-25 19:00:00,0.0,50.54
2023-07-25 20:00:00,0.0,51.79
2023-07-25 21:00:00,0.0,55.34
2023-07-25 22:00:00,0.0,39.6
2023-07-25 23:00:00,0.0,52.26
2023-07-26 00:00:00,0.0,33.19
2023-07-26 01:00:00,0.0,34.14
2023-07-26 02:00:00,0.0,42.52
2023-07-26 03:00:00,0.0,31.66
2023-07-26 04:00:00,0.0,58.43
2023-07-26 05:00:00,0.0,57.06
2023-07-26 06:00:00,0.0,55.15
2023-07-26 07:00:00,14.03,65.09
2023-07-26 08:00:00,56.51,103.82
2023-07-26 09:00:00,96.06,126.14
2023-07-26 10:00:00,156.65,215.13
2023-07-26 11:00:00,197.98,239.17
2023-07-26 12:00:00,188.36,245.81
2023-07-26 13:00:00,187.9,239.04
2023-07-26 14:00:00,163.16,200.78
2023-07-26 15:00:00,94.9,136.45
2023-07-26 16:00:00,50.24,101.25
2023-07-26 17:00:00,14.94,51.61
2023-07-26 18:00:00,0.0,31.22
2023-07-26 19:00:00,0.0,36.43
2023-07-26 20:00:00,0.0,52.85
2023-07-26 21:00:00,0.0,53.8
2023-07-26 22:00:00,0.0,53.29
2023-07-26 23:00:00,0.0,34.27
2023-07-27 00:00:00,0.0,46.53
2023-07-27 01:00:00,0.0,42.68
2023-07-27 02:00:00,0.0,59.74
2023-07-27 03:00:00,0.0,49.62
2023-07-27 04:00:00,0.0,58.06
2023-07-27 05:00:00,0.0,34.36
2023-07-27 06:00:00,0.0,53.15
2023-07-27 07:00:00,13.61,62.59
2023-07-27 08:00:00,52.38,112.14
2023-07-27 09:00:00,97.33,155.39
2023-07-27 10:00:00,153.5,197.54
2023-07-27 11:00:00,196.17,234.13
2023-07-27 12:00:00,229.4,286.74
2023-07-27 13:00:00,214.41,274.32
2023-07-27 14:00:00,162.35,205.9
2023-07-27 15:00:00,112.22,142.93
2023-07-27 16:00:00,55.93,100.85
2023-07-27 17:00:00,14.51,55.73
2023-07-27 18:00:00,0.0,30.95
2023-07-27 19:00:00,0.0,42.71
2023-07-27 20:00:00,0.0,42.25
2023-07-27 21:00:00,0.0,36.74
2023-07-27 22:00:00,0.0,37.42
2023-07-27 23:00:00,0.0,47.52
2023-07-28 00:00:00,0.0,39.53
2023-07-28 01:00:00,0.0,54.91
2023-07-28 02:00:00,0.0,33.34
2023-07-28 03:00:00,0.0,47.33
2023-07-28 04:00:00,0.0,34.8
2023-07-28 05:00:00,0.0,45.85
2023-07-28 06:00:00,0.0,49.27
2023-07-28 07:00:00,13.79,59.07
2023-07-28 08:00:00,48.74,92.63
2023-07-28 09:00:00,101.71,151.69
2023-07-28 10:00:00,154.6,207.98
2023-07-28 11:00:00,191.96,229.03
2023-07-28 12:00:00,199.04,230.4
2023-07-28 13:00:00,196.64,251.57
2023-07-28 14:00:00,165.63,208.76
2023-07-28 15:00:00,97.81,153.71
2023-07-28 16:00:00,47.37,89.35
2023-07-28 17:00:00,15.05,56.85
2023-07-28 18:00:00,0.0,37.98
2023-07-28 19:00:00,0.0,48.0
2023-07-28 20:00:00,0.0,34.56
2023-07-28 21:00:00,0.0,49.65
2023-07-28 22:00:00,0.0,43.14
2023-07-28 23:00:00,0.0,40.03
2023-07-29 00:00:00,0.0,37.23
2023-07-29 01:00:00,0.0,54.7
2023-07-29 02:00:00,0.0,41.9
2023-07-29 03:00:00,0.0,52.15
2023-07-29 04:00:00,0.0,43.21
2023-07-29 05:00:00,0.0,32.76
2023-07-29 06:00:00,0.0,45.23
2023-07-29 07:00:00,13.88,68.37
2023-07-29 08:00:00,56.77,110.37
2023-07-29 09:00:00,106.32,152.56
2023-07-29 10:00:00,161.52,200.15
2023-07-29 11:00:00,207.8,263.51
2023-07-29 12:00:00,198.76,255.84
2023-07-29 13:00:00,209.32,252.05
2023-07-29 14:00:00,170.25,203.86
2023-07-29 15:00:00,94.12,134.56
2023-07-29 16:00:00,52.97,93.51
2023-07-29 17:00:00,15.3,52.94
2023-07-29 18:00:00,0.0,49.04
2023-07-29 19:00:00,0.0,30.12
2023-07-29 20:00:00,0.0,51.83
2023-07-29 21:00:00,0.0,41.32
2023-07-29 22:00:00,0.0,59.33
2023-07-29 23:00:00,0.0,50.74
2023-07-30 00:00:00,0.0,31.57
2023-07-30 01:00:00,0.0,32.78
2023-07-30 02:00:00,0.0,32.65
2023-07-30 03:00:00,0.0,58.58
2023-07-30 04:00:00,0.0,50.52
2023-07-30 05:00:00,0.0,42.83
2023-07-30 06:00:00,0.0,56.21
2023-07-30 07:00:00,13.12,64.32
2023-07-30 08:00:00,55.15,93.99
2023-07-30 09:00:00,104.61,141.3
2023-07-30 10:00:00,152.75,211.7
2023-07-30 11:00:00,202.93,258.33
2023-07-30 12:00:00,210.79,247.96
2023-07-30 13:00:00,203.74,248.76
2023-07-30 14:00:00,146.09,188.46
2023-07-30 15:00:00,107.47,159.53
2023-07-30 16:00:00,49.43,105.71
2023-07-30 17:00:00,13.65,51.78
2023-07-30 18:00:00,0.0,54.13
2023-07-30 19:00:00,0.0,40.62
2023-07-30 20:00:00,0.0,44.5
2023-07-30 21:00:00,0.0,36.68
2023-07-30 22:00:00,0.0,50.58
2023-07-30 23:00:00,0.0,53.43
2023-07-31 00:00:00,0.0,40.18
2023-07-31 01:00:00,0.0,58.35
2023-07-31 02:00:00,0.0,30.92
2023-07-31 03:00:00,0.0,33.99
2023-07-31 04:00:00,0.0,47.66
2023-07-31 05:00:00,0.0,51.04
2023-07-31 06:00:00,0.0,46.62
2023-07-31 07:00:00,13.47,60.09
2023-07-31 08:00:00,54.0,113.18
2023-07-31 09:00:00,103.53,152.98
2023-07-31 10:00:00,159.33,198.86
2023-07-31 11:00:00,184.86,244.5
2023-07-31 12:00:00,196.1,249.81
2023-07-31 13:00:00,180.49,234.62
2023-07-31 14:00:00,146.38,205.39
2023-07-31 15:00:00,108.59,141.29
2023-07-31 16:00:00,54.37,102.48
2023-07-31 17:00:00,13.52,51.34
2023-07-31 18:00:00,0.0,52.24
2023-07-31 19:00:00,0.0,39.82
2023-07-31 20:00:00,0.0,56.29
2023-07-31 21:00:00,0.0,38.06
2023-07-31 22:00:00,0.0,32.1
2023-07-31 23:00:00,0.0,48.0
2023-08-01 00:00:00,0.0,33.21
2023-08-01 01:00:00,0.0,38.3
2023-08-01 02:00:00,0.0,45.22
2023-08-01 03:00:00,0.0,38.59
2023-08-01 04:00:00,0.0,36.45
2023-08-01 05:00:00,0.0,51.1
2023-08-01 06:00:00,0.0,55.19
2023-08-01 07:00:00,14.24,58.74
2023-08-01 08:00:00,49.62,103.38
2023-08-01 09:00:00,97.83,135.1
2023-08-01 10:00:00,168.02,220.26
2023-08-01 11:00:00,199.63,230.8
2023-08-01 12:00:00,192.6,237.6
2023-08-01 13:00:00,205.11,249.03
2023-08-01 14:00:00,140.82,176.35
2023-08-01 15:00:00,106.45,157.28
2023-08-01 16:00:00,47.12,78.42
2023-08-01 17:00:00,13.3,45.81
2023-08-01 18:00:00,0.0,33.71
2023-08-01 19:00:00,0.0,49.45
2023-08-01 20:00:00,0.0,53.32
2023-08-01 21:00:00,0.0,59.12
2023-08-01 22:00:00,0.0,58.45
2023-08-01 23:00:00,0.0,38.2
2023-08-02 00:00:00,0.0,30.88
2023-08-02 01:00:00,0.0,39.88
2023-08-02 02:00:00,0.0,51.25
2023-08-02 03:00:00,0.0,31.79
2023-08-02 04:00:00,0.0,40.79
2023-08-02 05:00:00,0.0,38.94
2023-08-02 06:00:00,0.0,51.18
2023-08-02 07:00:00,14.47,60.53
2023-08-02 08:00:00,56.77,89.86
2023-08-02 09:00:00,96.79,138.29
2023-08-02 10:00:00,161.89,209.41
2023-08-02 11:00:00,177.51,236.26
2023-08-02 12:00:00,200.42,241.19
2023-08-02 13:00:00,200.07,258.42
2023-08-02 14:00:00,162.12,220.76
2023-08-02 15:00:00,97.63,146.19
2023-08-02 16:00:00,55.87,101.14
2023-08-02 17:00:00,13.59,73.13
2023-08-02 18:00:00,0.0,42.33
2023-08-02 19:00:00,0.0,56.2
2023-08-02 20:00:00,0.0,57.01
2023-08-02 21:00:00,0.0,59.41
2023-08-02 22:00:00,0.0,56.55
2023-08-02 23:00:00,0.0,31.53
2023-08-03 00:00:00,0.0,57.89
2023-08-03 01:00:00,0.0,42.85
2023-08-03 02:00:00,0.0,49.55
2023-08-03 03:00:00,0.0,41.83
2023-08-03 04:00:00,0.0,54.41
2023-08-03 05:00:00,0.0,47.28
2023-08-03 06:00:00,0.0,35.81
2023-08-03 07:00:00,13.07,56.28
2023-08-03 08:00:00,46.8,97.59
2023-08-03 09:00:00,100.01,146.73
2023-08-03 10:00:00,142.56,177.68
2023-08-03 11:00:00,200.04,239.21
2023-08-03 12:00:00,196.45,233.32
2023-08-03 13:00:00,183.29,231.98
2023-08-03 14:00:00,145.78,186.66
2023-08-03 15:00:00,108.63,154.04
2023-08-03 16:00:00,53.32,90.85
2023-08-03 17:00:00,15.28,57.7
2023-08-03 18:00:00,0.0,57.13
2023-08-03 19:00:00,0.0,49.66
2023-08-03 20:00:00,0.0,48.42
2023-08-03 21:00:00,0.0,56.6
2023-08-03 22:00:00,0.0,31.76
2023-08-03 23:00:00,0.0,55.13
2023-08-04 00:00:00,0.0,50.34
2023-08-04 01:00:00,0.0,40.8
2023-08-04 02:00:00,0.0,37.69
2023-08-04 03:00:00,0.0,33.14
2023-08-04 04:00:00,0.0,58.23
2023-08-04 05:00:00,0.0,34.26
2023-08-04 06:00:00,0.0,50.73
2023-08-04 07:00:00,14.62,49.44
2023-08-04 08:00:00,55.71,101.02
2023-08-04 09:00:00,112.17,144.79
2023-08-04 10:00:00,141.66,190.77
2023-08-04 11:00:00,180.63,226.38
2023-08-04 12:00:00,187.62,241.02
2023-08-04 13:00:00,211.4,266.57
2023-08-04 14:00:00,171.88,228.97
2023-08-04 15:00:00,103.27,145.22
2023-08-04 16:00:00,56.61,114.42
2023-08-04 17:00:00,15.39,68.44
2023-08-04 18:00:00,0.0,58.35
2023-08-04 19:00:00,0.0,58.41
2023-08-04 20:00:00,0.0,49.98
2023-08-04 21:00:00,0.0,55.72
2023-08-04 22:00:00,0.0,46.84
2023-08-04 23:00:00,0.0,58.32
2023-08-05 00:00:00,0.0,32.82
2023-08-05 01:00:00,0.0,55.92
2023-08-05 02:00:00,0.0,31.67
2023-08-05 03:00:00,0.0,40.17
2023-08-05 04:00:00,0.0,34.06
2023-08-05 05:00:00,0.0,44.37
2023-08-05 06:00:00,0.0,58.56
2023-08-05 07:00:00,14.18,71.11
2023-08-05 08:00:00,49.81,80.59
2023-08-05 09:00:00,110.56,161.63
2023-08-05 10:00:00,158.25,212.71
2023-08-05 11:00:00,208.96,256.6
2023-08-05 12:00:00,229.5,281.09
2023-08-05 13:00:00,202.26,243.1
2023-08-05 14:00:00,140.32,177.55
2023-08-05 15:00:00,110.31,161.61
2023-08-05 16:00:00,50.39,99.16
2023-08-05 17:00:00,13.1,51.01
2023-08-05 18:00:00,0.0,42.4
2023-08-05 19:00:00,0.0,37.35
2023-08-05 20:00:00,0.0,44.61
2023-08-05 21:00:00,0.0,41.61
2023-08-05 22:00:00,0.0,51.89
2023-08-05 23:00:00,0.0,58.86
2023-08-06 00:00:00,0.0,47.75
2023-08-06 01:00:00,0.0,47.73
2023-08-06 02:00:00,0.0,40.95
2023-08-06 03:00:00,0.0,46.94
2023-08-06 04:00:00,0.0,39.58
2023-08-06 05:00:00,0.0,30.03
2023-08-06 06:00:00,0.0,42.88
2023-08-06 07:00:00,13.98,46.49
2023-08-06 08:00:00,55.96,91.07
2023-08-06 09:00:00,102.53,157.74
2023-08-06 10:00:00,155.36,213.29
2023-08-06 11:00:00,183.07,234.53
2023-08-06 12:00:00,230.03,276.52
2023-08-06 13:00:00,202.89,244.69
2023-08-06 14:00:00,165.04,222.31
2023-08-06 15:00:00,108.97,167.05
2023-08-06 16:00:00,53.23,100.54
2023-08-06 17:00:00,13.42,64.71
2023-08-06 18:00:00,0.0,49.39
2023-08-06 19:00:00,0.0,36.99
2023-08-06 20:00:00,0.0,46.32
2023-08-06 21:00:00,0.0,52.68
2023-08-06 22:00:00,0.0,58.18
2023-08-06 23:00:00,0.0,34.7
2023-08-07 00:00:00,0.0,33.82
2023-08-07 01:00:00,0.0,42.39
2023-08-07 02:00:00,0.0,33.77
2023-08-07 03:00:00,0.0,59.41
2023-08-07 04:00:00,0.0,42.73
2023-08-07 05:00:00,0.0,46.01
2023-08-07 06:00:00,0.0,43.47
2023-08-07 07:00:00,15.43,60.09
2023-08-07 08:00:00,46.85,84.13
2023-08-07 09:00:00,115.03,174.7
2023-08-07 10:00:00,147.2,195.66
2023-08-07 11:00:00,177.63,224.95
2023-08-07 12:00:00,192.54,247.1
2023-08-07 13:00:00,213.05,248.24
2023-08-07 14:00:00,155.52,188.58
2023-08-07 15:00:00,100.96,132.91
2023-08-07 16:00:00,49.66,109.37
2023-08-07 17:00:00,12.66,68.43
2023-08-07 18:00:00,0.0,45.87
2023-08-07 19:00:00,0.0,43.56
2023-08-07 20:00:00,0.0,57.95
2023-08-07 21:00:00,0.0,35.97
2023-08-07 22:00:00,0.0,35.39
2023-08-07 23:00:00,0.0,52.46
2023-08-08 00:00:00,0.0,51.77
2023-08-08 01:00:00,0.0,50.98
2023-08-08 02:00:00,0.0,30.78
2023-08-08 03:00:00,0.0,37.8
2023-08-08 04:00:00,0.0,55.2
2023-08-08 05:00:00,0.0,48.03
2023-08-08 06:00:00,0.0,38.88
2023-08-08 07:00:00,13.29,71.69
2023-08-08 08:00:00,54.76,88.57
2023-08-08 09:00:00,114.13,161.6
2023-08-08 10:00:00,151.25,193.16
2023-08-08 11:00:00,204.25,245.54
2023-08-08 12:00:00,212.46,263.77
2023-08-08 13:00:00,182.49,240.82
2023-08-08 14:00:00,152.0,194.58
2023-08-08 15:00:00,108.87,157.13
2023-08-08 16:00:00,51.59,101.08
2023-08-08 17:00:00,15.19,69.2
2023-08-08 18:00:00,0.0,37.75
2023-08-08 19:00:00,0.0,42.58
2023-08-08 20:00:00,0.0,46.61
2023-08-08 21:00:00,0.0,31.33
2023-08-08 22:00:00,0.0,53.09
2023-08-08 23:00:00,0.0,39.7
2023-08-09 00:00:00,0.0,38.48
2023-08-09 01:00:00,0.0,37.78
2023-08-09 02:00:00,0.0,38.5
2023-08-09 03:00:00,0.0,40.14
2023-08-09 04:00:00,0.0,48.14
2023-08-09 05:00:00,0.0,47.51
2023-08-09 06:00:00,0.0,36.19
2023-08-09 07:00:00,14.96,47.74
2023-08-09 08:00:00,52.39,98.01
2023-08-09 09:00:00,106.13,162.7
2023-08-09 10:00:00,160.84,220.05
2023-08-09 11:00:00,210.24,246.68
2023-08-09 12:00:00,197.61,237.95
2023-08-09 13:00:00,190.55,237.14
2023-08-09 14:00:00,147.92,184.59
2023-08-09 15:00:00,101.89,152.05
2023-08-09 16:00:00,54.32,113.6
2023-08-09 17:00:00,13.12,54.91
2023-08-09 18:00:00,0.0,50.7
2023-08-09 19:00:00,0.0,47.77
2023-08-09 20:00:00,0.0,46.19
2023-08-09 21:00:00,0.0,32.27
2023-08-09 22:00:00,0.0,56.8
2023-08-09 23:00:00,0.0,48.77
2023-08-10 00:00:00,0.0,47.15
2023-08-10 01:00:00,0.0,46.19
2023-08-10 02:00:00,0.0,41.76
2023-08-10 03:00:00,0.0,37.64
2023-08-10 04:00:00,0.0,52.66
2023-08-10 05:00:00,0.0,45.29
2023-08-10 06:00:00,0.0,41.97
2023-08-10 07:00:00,15.26,56.48
2023-08-10 08:00:00,51.3,100.02
2023-08-10 09:00:00,111.14,161.19
2023-08-10 10:00:00,168.3,201.72
2023-08-10 11:00:00,212.43,269.55
2023-08-10 12:00:00,209.84,258.58
2023-08-10 13:00:00,183.21,226.65
2023-08-10 14:00:00,146.94,177.6
2023-08-10 15:00:00,115.08,152.85
2023-08-10 16:00:00,53.27,92.28
2023-08-10 17:00:00,13.62,55.55
2023-08-10 18:00:00,0.0,49.12
2023-08-10 19:00:00,0.0,58.83
2023-08-10 20:00:00,0.0,42.86
2023-08-10 21:00:00,0.0,59.2
2023-08-10 22:00:00,0.0,50.03
2023-08-10 23:00:00,0.0,48.21
2023-08-11 00:00:00,0.0,37.11
2023-08-11 01:00:00,0.0,31.89
2023-08-11 02:00:00,0.0,55.56
2023-08-11 03:00:00,0.0,47.22
2023-08-11 04:00:00,0.0,42.43
2023-08-11 05:00:00,0.0,54.36
2023-08-11 06:00:00,0.0,53.51
2023-08-11 07:00:00,13.49,71.12
2023-08-11 08:00:00,49.7,83.83
2023-08-11 09:00:00,108.86,143.75
2023-08-11 10:00:00,171.58,221.25
2023-08-11 11:00:00,183.95,220.21
2023-08-11 12:00:00,227.65,275.89
2023-08-11 13:00:00,211.16,244.47
2023-08-11 14:00:00,170.79,216.39
2023-08-11 15:00:00,108.21,149.4
2023-08-11 16:00:00,47.4,106.14
2023-08-11 17:00:00,15.46,56.4
2023-08-11 18:00:00,0.0,35.03
2023-08-11 19:00:00,0.0,34.64
2023-08-11 20:00:00,0.0,32.19
2023-08-11 21:00:00,0.0,41.74
2023-08-11 22:00:00,0.0,31.57
2023-08-11 23:00:00,0.0,41.84
2023-08-12 00:00:00,0.0,34.15
2023-08-12 01:00:00,0.0,51.92
2023-08-12 02:00:00,0.0,55.0
2023-08-12 03:00:00,0.0,50.63
2023-08-12 04:00:00,0.0,36.01
2023-08-12 05:00:00,0.0,53.01
2023-08-12 06:00:00,0.0,52.78
2023-08-12 07:00:00,14.2,55.2
2023-08-12 08:00:00,47.67,102.5
2023-08-12 09:00:00,114.17,164.15
2023-08-12 10:00:00,172.08,230.1
2023-08-12 11:00:00,182.46,234.4
2023-08-12 12:00:00,202.37,247.0
2023-08-12 13:00:00,180.92,240.16
2023-08-12 14:00:00,164.21,202.22
2023-08-12 15:00:00,101.67,144.34
2023-08-12 16:00:00,54.97,112.74
2023-08-12 17:00:00,13.47,57.65
2023-08-12 18:00:00,0.0,41.8
2023-08-12 19:00:00,0.0,45.13
2023-08-12 20:00:00,0.0,33.17
2023-08-12 21:00:00,0.0,35.03
2023-08-12 22:00:00,0.0,42.03
2023-08-12 23:00:00,0.0,57.45
2023-08-13 00:00:00,0.0,40.48
2023-08-13 01:00:00,0.0,37.49
2023-08-13 02:00:00,0.0,52.29
2023-08-13 03:00:00,0.0,58.47
2023-08-13 04:00:00,0.0,43.77
2023-08-13 05:00:00,0.0,30.26
2023-08-13 06:00:00,0.0,42.45
2023-08-13 07:00:00,14.51,52.84
2023-08-13 08:00:00,46.78,87.11
2023-08-13 09:00:00,109.01,150.8
2023-08-13 10:00:00,147.48,191.4
2023-08-13 11:00:00,205.36,238.94
2023-08-13 12:00:00,217.44,267.46
2023-08-13 13:00:00,189.69,248.8
2023-08-13 14:00:00,169.78,209.26
2023-08-13 15:00:00,94.18,133.43
2023-08-13 16:00:00,49.0,95.42
2023-08-13 17:00:00,15.23,71.34
2023-08-13 18:00:00,0.0,42.86
2023-08-13 19:00:00,0.0,31.1
2023-08-13 20:00:00,0.0,46.32
2023-08-13 21:00:00,0.0,31.9
2023-08-13 22:00:00,0.0,58.16
2023-08-13 23:00:00,0.0,56.01
2023-08-14 00:00:00,0.0,36.43
2023-08-14 01:00:00,0.0,50.98
2023-08-14 02:00:00,0.0,47.04
2023-08-14 03:00:00,0.0,54.04
2023-08-14 04:00:00,0.0,44.27
2023-08-14 05:00:00,0.0,35.75
2023-08-14 06:00:00,0.0,32.41
2023-08-14 07:00:00,14.25,50.63
2023-08-14 08:00:00,54.28,109.12
2023-08-14 09:00:00,95.91,137.92
2023-08-14 10:00:00,164.46,199.37
2023-08-14 11:00:00,197.73,247.89
2023-08-14 12:00:00,202.61,257.57
2023-08-14 13:00:00,195.44,244.25
2023-08-14 14:00:00,144.9,175.59
2023-08-14 15:00:00,94.62,151.74
2023-08-14 16:00:00,56.46,110.69
2023-08-14 17:00:00,13.11,58.87
2023-08-14 18:00:00,0.0,50.24
2023-08-14 19:00:00,0.0,33.47
2023-08-14 20:00:00,0.0,56.87
2023-08-14 21:00:00,0.0,34.82
2023-08-14 22:00:00,0.0,35.15
2023-08-14 23:00:00,0.0,57.03
2023-08-15 00:00:00,0.0,44.54
2023-08-15 01:00:00,0.0,41.19
2023-08-15 02:00:00,0.0,46.61
2023-08-15 03:00:00,0.0,59.44
2023-08-15 04:00:00,0.0,33.59
2023-08-15 05:00:00,0.0,52.71
2023-08-15 06:00:00,0.0,33.51
2023-08-15 07:00:00,13.77,60.23
2023-08-15 08:00:00,49.02,91.18
2023-08-15 09:00:00,107.48,154.77
2023-08-15 10:00:00,164.11,219.2
2023-08-15 11:00:00,191.27,233.96
2023-08-15 12:00:00,208.85,255.84
2023-08-15 13:00:00,178.92,218.3
2023-08-15 14:00:00,145.92,187.5
2023-08-15 15:00:00,114.91,162.39
2023-08-15 16:00:00,51.47,98.45
2023-08-15 17:00:00,14.5,57.55
2023-08-15 18:00:00,0.0,51.04
2023-08-15 19:00:00,0.0,31.83
2023-08-15 20:00:00,0.0,46.2
2023-08-15 21:00:00,0.0,46.42
2023-08-15 22:00:00,0.0,52.7
2023-08-15 23:00:00,0.0,59.48
2023-08-16 00:00:00,0.0,53.87
2023-08-16 01:00:00,0.0,45.11
2023-08-16 02:00:00,0.0,35.08
2023-08-16 03:00:00,0.0,47.65
2023-08-16 04:00:00,0.0,55.03
2023-08-16 05:00:00,0.0,57.97
2023-08-16 06:00:00,0.0,35.67
2023-08-16 07:00:00,14.63,71.03
2023-08-16 08:00:00,54.24,104.81
2023-08-16 09:00:00,104.5,153.61
2023-08-16 10:00:00,149.96,182.62
2023-08-16 11:00:00,208.45,266.74
2023-08-16 12:00:00,224.7,264.72
2023-08-16 13:00:00,178.31,216.71
2023-08-16 14:00:00,168.06,217.73
2023-08-16 15:00:00,114.77,155.05
2023-08-16 16:00:00,52.82,106.52
2023-08-16 17:00:00,13.22,72.14
2023-08-16 18:00:00,0.0,30.24
2023-08-16 19:00:00,0.0,30.75
2023-08-16 20:00:00,0.0,56.47
2023-08-16 21:00:00,0.0,49.36
2023-08-16 22:00:00,0.0,52.89
2023-08-16 23:00:00,0.0,53.52
2023-08-17 00:00:00,0.0,42.61
2023-08-17 01:00:00,0.0,53.96
2023-08-17 02:00:00,0.0,58.13
2023-08-17 03:00:00,0.0,35.17
2023-08-17 04:00:00,0.0,52.92
2023-08-17 05:00:00,0.0,39.23
2023-08-17 06:00:00,0.0,42.38
2023-08-17 07:00:00,15.07,45.73
2023-08-17 08:00:00,51.52,101.92
2023-08-17 09:00:00,95.93,149.7
2023-08-17 10:00:00,171.33,204.06
2023-08-17 11:00:00,180.75,239.97
2023-08-17 12:00:00,195.71,228.08
2023-08-17 13:00:00,213.56,270.34
2023-08-17 14:00:00,161.89,208.43
2023-08-17 15:00:00,113.72,163.39
2023-08-17 16:00:00,53.99,109.3
2023-08-17 17:00:00,14.45,59.56
2023-08-17 18:00:00,0.0,45.09
2023-08-17 19:00:00,0.0,45.67
2023-08-17 20:00:00,0.0,40.82
2023-08-17 21:00:00,0.0,43.44
2023-08-17 22:00:00,0.0,54.06
2023-08-17 23:00:00,0.0,42.5
2023-08-18 00:00:00,0.0,30.77
2023-08-18 01:00:00,0.0,38.49
2023-08-18 02:00:00,0.0,36.95
2023-08-18 03:00:00,0.0,53.81
2023-08-18 04:00:00,0.0,43.48
2023-08-18 05:00:00,0.0,38.41
2023-08-18 06:00:00,0.0,30.58
2023-08-18 07:00:00,13.04,67.85
2023-08-18 08:00:00,52.81,106.02
2023-08-18 09:00:00,111.94,170.2
2023-08-18 10:00:00,142.34,196.32
2023-08-18 11:00:00,203.57,239.78
2023-08-18 12:00:00,227.99,270.12
2023-08-18 13:00:00,210.91,259.06
2023-08-18 14:00:00,157.63,192.42
2023-08-18 15:00:00,113.62,160.32
2023-08-18 16:00:00,46.82,77.37
2023-08-18 17:00:00,14.82,49.68
2023-08-18 18:00:00,0.0,50.43
2023-08-18 19:00:00,0.0,38.38
2023-08-18 20:00:00,0.0,47.08
2023-08-18 21:00:00,0.0,37.21
2023-08-18 22:00:00,0.0,58.39
2023-08-18 23:00:00,0.0,55.81
2023-08-19 00:00:00,0.0,38.64
2023-08-19 01:00:00,0.0,45.86
2023-08-19 02:00:00,0.0,45.02
2023-08-19 03:00:00,0.0,58.8
2023-08-19 04:00:00,0.0,41.82
2023-08-19 05:00:00,0.0,46.87
2023-08-19 06:00:00,0.0,34.88
2023-08-19 07:00:00,14.15,47.32
2023-08-19 08:00:00,53.54,94.51
2023-08-19 09:00:00,114.79,157.25
2023-08-19 10:00:00,144.74,199.76
2023-08-19 11:00:00,208.17,259.02
2023-08-19 12:00:00,219.95,257.89
2023-08-19 13:00:00,200.83,231.97
2023-08-19 14:00:00,146.75,204.72
2023-08-19 15:00:00,109.76,146.68
2023-08-19 16:00:00,47.98,106.45
2023-08-19 17:00:00,12.86,50.57
2023-08-19 18:00:00,0.0,30.22
2023-08-19 19:00:00,0.0,39.42
2023-08-19 20:00:00,0.0,59.23
2023-08-19 21:00:00,0.0,40.26
2023-08-19 22:00:00,0.0,45.13
2023-08-19 23:00:00,0.0,52.38
2023-08-20 00:00:00,0.0,46.53
2023-08-20 01:00:00,0.0,52.31
2023-08-20 02:00:00,0.0,49.85
2023-08-20 03:00:00,0.0,48.26
2023-08-20 04:00:00,0.0,49.49
2023-08-20 05:00:00,0.0,53.97
2023-08-20 06:00:00,0.0,53.75
2023-08-20 07:00:00,12.96,63.29
2023-08-20 08:00:00,54.86,93.86
2023-08-20 09:00:00,112.74,151.88
2023-08-20 10:00:00,148.3,204.31
2023-08-20 11:00:00,184.61,227.08
2023-08-20 12:00:00,203.19,260.13
2023-08-20 13:00:00,193.16,243.99
2023-08-20 14:00:00,166.45,215.29
2023-08-20 15:00:00,114.26,168.34
2023-08-20 16:00:00,51.15,109.67
2023-08-20 17:00:00,14.07,44.75
2023-08-20 18:00:00,0.0,48.65
2023-08-20 19:00:00,0.0,34.7
2023-08-20 20:00:00,0.0,47.52
2023-08-20 21:00:00,0.0,40.85
2023-08-20 22:00:00,0.0,46.03
2023-08-20 23:00:00,0.0,30.06
2023-08-21 00:00:00,0.0,55.45
2023-08-21 01:00:00,0.0,40.86
2023-08-21 02:00:00,0.0,34.2
2023-08-21 03:00:00,0.0,43.14
2023-08-21 04:00:00,0.0,44.59
2023-08-21 05:00:00,0.0,49.12
2023-08-21 06:00:00,0.0,31.31
2023-08-21 07:00:00,15.1,58.8
2023-08-21 08:00:00,47.6,100.78
2023-08-21 09:00:00,108.02,157.5
2023-08-21 10:00:00,154.34,196.65
2023-08-21 11:00:00,196.49,228.01
2023-08-21 12:00:00,200.15,259.79
2023-08-21 13:00:00,201.66,244.23
2023-08-21 14:00:00,147.59,199.95
2023-08-21 15:00:00,99.23,134.1
2023-08-21 16:00:00,48.45,100.33
2023-08-21 17:00:00,14.42,46.51
2023-08-21 18:00:00,0.0,49.02
2023-08-21 19:00:00,0.0,47.13
2023-08-21 20:00:00,0.0,50.58
2023-08-21 21:00:00,0.0,35.34
2023-08-21 22:00:00,0.0,51.8
2023-08-21 23:00:00,0.0,58.08
2023-08-22 00:00:00,0.0,48.03
2023-08-22 01:00:00,0.0,35.88
2023-08-22 02:00:00,0.0,50.39
2023-08-22 03:00:00,0.0,40.29
2023-08-22 04:00:00,0.0,31.48
2023-08-22 05:00:00,0.0,39.07
2023-08-22 06:00:00,0.0,42.33
2023-08-22 07:00:00,15.08,60.34
2023-08-22 08:00:00,52.44,82.6
2023-08-22 09:00:00,107.52,140.75
2023-08-22 10:00:00,156.05,193.86
2023-08-22 11:00:00,190.58,236.69
2023-08-22 12:00:00,187.64,226.18
2023-08-22 13:00:00,215.1,246.82
2023-08-22 14:00:00,150.79,190.43
2023-08-22 15:00:00,101.85,152.39
2023-08-22 16:00:00,49.48,93.29
2023-08-22 17:00:00,14.43,54.1
2023-08-22 18:00:00,0.0,59.39
2023-08-22 19:00:00,0.0,33.59
2023-08-22 20:00:00,0.0,40.31
2023-08-22 21:00:00,0.0,36.24
2023-08-22 22:00:00,0.0,35.6
2023-08-22 23:00:00,0.0,44.73
2023-08-23 00:00:00,0.0,46.91
2023-08-23 01:00:00,0.0,42.77
2023-08-23 02:00:00,0.0,38.18
2023-08-23 03:00:00,0.0,38.36
2023-08-23 04:00:00,0.0,59.76
2023-08-23 05:00:00,0.0,57.71
2023-08-23 06:00:00,0.0,49.7
2023-08-23 07:00:00,13.87,64.53
2023-08-23 08:00:00,53.32,110.0
2023-08-23 09:00:00,94.97,135.46
2023-08-23 10:00:00,172.77,208.24
2023-08-23 11:00:00,179.7,231.57
2023-08-23 12:00:00,221.21,271.38
2023-08-23 13:00:00,206.34,257.15
2023-08-23 14:00:00,144.73,192.98
2023-08-23 15:00:00,110.59,166.56
2023-08-23 16:00:00,49.46,83.28
2023-08-23 17:00:00,14.83,52.53
2023-08-23 18:00:00,0.0,54.76
2023-08-23 19:00:00,0.0,45.18
2023-08-23 20:00:00,0.0,39.8
2023-08-23 21:00:00,0.0,30.34
2023-08-23 22:00:00,0.0,31.06
2023-08-23 23:00:00,0.0,53.78
2023-08-24 00:00:00,0.0,44.69
2023-08-24 01:00:00,0.0,34.49
2023-08-24 02:00:00,0.0,40.76
2023-08-24 03:00:00,0.0,34.96
2023-08-24 04:00:00,0.0,33.39
2023-08-24 05:00:00,0.0,38.29
2023-08-24 06:00:00,0.0,36.3
2023-08-24 07:00:00,13.54,57.88
2023-08-24 08:00:00,51.37,85.23
2023-08-24 09:00:00,94.36,125.42
2023-08-24 10:00:00,151.81,203.37
2023-08-24 11:00:00,179.86,233.47
2023-08-24 12:00:00,218.49,248.61
2023-08-24 13:00:00,175.57,211.42
2023-08-24 14:00:00,142.1,188.04
2023-08-24 15:00:00,94.37,148.45
2023-08-24 16:00:00,52.17,104.01
2023-08-24 17:00:00,14.74,59.94
2023-08-24 18:00:00,0.0,59.71
2023-08-24 19:00:00,0.0,40.78
2023-08-24 20:00:00,0.0,33.78
2023-08-24 21:00:00,0.0,40.9
2023-08-24 22:00:00,0.0,36.7
2023-08-24 23:00:00,0.0,45.93
2023-08-25 00:00:00,0.0,41.35
2023-08-25 01:00:00,0.0,44.41
2023-08-25 02:00:00,0.0,52.9
2023-08-25 03:00:00,0.0,38.22
2023-08-25 04:00:00,0.0,46.12
2023-08-25 05:00:00,0.0,40.05
2023-08-25 06:00:00,0.0,49.19
2023-08-25 07:00:00,12.55,62.35
2023-08-25 08:00:00,48.62,100.35
2023-08-25 09:00:00,105.98,148.02
2023-08-25 10:00:00,163.15,218.85
2023-08-25 11:00:00,206.44,252.8
2023-08-25 12:00:00,218.8,261.22
2023-08-25 13:00:00,206.86,261.73
2023-08-25 14:00:00,144.78,181.92
2023-08-25 15:00:00,99.44,134.42
2023-08-25 16:00:00,51.07,86.86
2023-08-25 17:00:00,14.28,47.33
2023-08-25 18:00:00,0.0,49.97
2023-08-25 19:00:00,0.0,41.96
2023-08-25 20:00:00,0.0,42.64
2023-08-25 21:00:00,0.0,53.94
2023-08-25 22:00:00,0.0,59.54
2023-08-25 23:00:00,0.0,46.95
2023-08-26 00:00:00,0.0,32.37
2023-08-26 01:00:00,0.0,33.09
2023-08-26 02:00:00,0.0,59.06
2023-08-26 03:00:00,0.0,50.38
2023-08-26 04:00:00,0.0,52.57
2023-08-26 05:00:00,0.0,50.27
2023-08-26 06:00:00,0.0,43.45
2023-08-26 07:00:00,14.88,70.87
2023-08-26 08:00:00,49.36,97.24
2023-08-26 09:00:00,96.96,155.71
2023-08-26 10:00:00,148.57,200.37
2023-08-26 11:00:00,183.96,232.44
2023-08-26 12:00:00,216.01,255.86
2023-08-26 13:00:00,208.09,264.65
2023-08-26 14:00:00,168.47,208.39
2023-08-26 15:00:00,109.88,156.66
2023-08-26 16:00:00,53.27,97.59
2023-08-26 17:00:00,14.3,48.37
2023-08-26 18:00:00,0.0,35.33
2023-08-26 19:00:00,0.0,38.4
2023-08-26 20:00:00,0.0,33.83
2023-08-26 21:00:00,0.0,36.37
2023-08-26 22:00:00,0.0,53.46
2023-08-26 23:00:00,0.0,46.5
2023-08-27 00:00:00,0.0,30.71
2023-08-27 01:00:00,0.0,53.66
2023-08-27 02:00:00,0.0,57.28
2023-08-27 03:00:00,0.0,56.41
2023-08-27 04:00:00,0.0,54.69
2023-08-27 05:00:00,0.0,59.77
2023-08-27 06:00:00,0.0,58.88
2023-08-27 07:00:00,15.32,54.72
2023-08-27 08:00:00,56.25,110.02
2023-08-27 09:00:00,110.57,167.46
2023-08-27 10:00:00,152.93,194.93
2023-08-27 11:00:00,200.75,252.88
2023-08-27 12:00:00,225.71,281.99
2023-08-27 13:00:00,204.09,262.8
2023-08-27 14:00:00,146.14,204.65
2023-08-27 15:00:00,94.91,141.58
2023-08-27 16:00:00,47.74,94.78
2023-08-27 17:00:00,13.68,46.13
2023-08-27 18:00:00,0.0,51.94
2023-08-27 19:00:00,0.0,35.23
2023-08-27 20:00:00,0.0,50.83
2023-08-27 21:00:00,0.0,35.37
2023-08-27 22:00:00,0.0,34.12
2023-08-27 23:00:00,0.0,34.42
2023-08-28 00:00:00,0.0,47.97
2023-08-28 01:00:00,0.0,53.36
2023-08-28 02:00:00,0.0,47.91
2023-08-28 03:00:00,0.0,54.28
2023-08-28 04:00:00,0.0,47.74
2023-08-28 05:00:00,0.0,53.92
2023-08-28 06:00:00,0.0,41.73
2023-08-28 07:00:00,12.97,47.03
2023-08-28 08:00:00,53.32,99.73
2023-08-28 09:00:00,97.55,154.01
2023-08-28 10:00:00,171.82,209.42
2023-08-28 11:00:00,182.97,219.39
2023-08-28 12:00:00,204.05,259.65
2023-08-28 13:00:00,198.94,230.97
2023-08-28 14:00:00,155.86,188.57
2023-08-28 15:00:00,102.44,144.55
2023-08-28 16:00:00,53.88,100.36
2023-08-28 17:00:00,15.1,45.59
2023-08-28 18:00:00,0.0,30.68
2023-08-28 19:00:00,0.0,39.13
2023-08-28 20:00:00,0.0,56.39
2023-08-28 21:00:00,0.0,50.71
2023-08-28 22:00:00,0.0,35.16
2023-08-28 23:00:00,0.0,44.72
2023-08-29 00:00:00,0.0,51.66
2023-08-29 01:00:00,0.0,58.12
2023-08-29 02:00:00,0.0,49.03
2023-08-29 03:00:00,0.0,30.74
2023-08-29 04:00:00,0.0,44.99
2023-08-29 05:00:00,0.0,34.59
2023-08-29 06:00:00,0.0,47.96
2023-08-29 07:00:00,24.78,55.86
2023-08-29 08:00:00,92.62,143.81
2023-08-29 09:00:00,184.07,221.41
2023-08-29 10:00:00,256.33,289.92
2023-08-29 11:00:00,308.25,347.33
2023-08-29 12:00:00,336.31,371.56
2023-08-29 13:00:00,304.81,361.85
2023-08-29 14:00:00,277.87,318.2
2023-08-29 15:00:00,191.27,228.44
2023-08-29 16:00:00,85.69,140.1
2023-08-29 17:00:00,23.14,60.18
2023-08-29 18:00:00,0.0,45.02
2023-08-29 19:00:00,0.0,48.62
2023-08-29 20:00:00,0.0,42.17
2023-08-29 21:00:00,0.0,42.94
2023-08-29 22:00:00,0.0,37.92
2023-08-29 23:00:00,0.0,46.06
2023-08-30 00:00:00,0.0,36.58
2023-08-30 01:00:00,0.0,56.03
2023-08-30 02:00:00,0.0,52.42
2023-08-30 03:00:00,0.0,42.31
2023-08-30 04:00:00,0.0,52.42
2023-08-30 05:00:00,0.0,30.21
2023-08-30 06:00:00,0.0,43.21
2023-08-30 07:00:00,23.27,75.73
2023-08-30 08:00:00,95.92,137.32
2023-08-30 09:00:00,169.3,217.62
2023-08-30 10:00:00,250.13,284.37
2023-08-30 11:00:00,357.88,412.17
2023-08-30 12:00:00,383.35,419.88
2023-08-30 13:00:00,293.07,336.19
2023-08-30 14:00:00,286.14,320.29
2023-08-30 15:00:00,160.71,192.78
2023-08-30 16:00:00,92.28,145.86
2023-08-30 17:00:00,24.38,55.98
2023-08-30 18:00:00,0.0,43.46
2023-08-30 19:00:00,0.0,34.74
2023-08-30 20:00:00,0.0,38.85
2023-08-30 21:00:00,0.0,45.03
2023-08-30 22:00:00,0.0,39.89
2023-08-30 23:00:00,0.0,59.09
2023-08-31 00:00:00,0.0,44.24
2023-08-31 01:00:00,0.0,41.16
2023-08-31 02:00:00,0.0,50.19
2023-08-31 03:00:00,0.0,49.52
2023-08-31 04:00:00,0.0,30.07
2023-08-31 05:00:00,0.0,48.55
2023-08-31 06:00:00,0.0,41.26
2023-08-31 07:00:00,24.44,71.16
2023-08-31 08:00:00,84.98,120.0
2023-08-31 09:00:00,175.0,214.58
2023-08-31 10:00:00,284.99,331.02
2023-08-31 11:00:00,351.31,393.02
2023-08-31 12:00:00,373.7,405.4
2023-08-31 13:00:00,312.32,344.67
2023-08-31 14:00:00,236.35,293.92
2023-08-31 15:00:00,182.78,231.53
2023-08-31 16:00:00,88.0,135.09
2023-08-31 17:00:00,24.1,78.9
2023-08-31 18:00:00,0.0,52.46
2023-08-31 19:00:00,0.0,38.43
2023-08-31 20:00:00,0.0,59.3
2023-08-31 21:00:00,0.0,30.96
2023-08-31 22:00:00,0.0,41.6
2023-08-31 23:00:00,0.0,56.46
2023-09-01 00:00:00,0.0,35.42
2023-09-01 01:00:00,0.0,34.24
2023-09-01 02:00:00,0.0,40.96
2023-09-01 03:00:00,0.0,42.85
2023-09-01 04:00:00,0.0,58.0
2023-09-01 05:00:00,0.0,55.08
2023-09-01 06:00:00,0.0,59.19
2023-09-01 07:00:00,24.12,80.33
2023-09-01 08:00:00,82.73,127.4
2023-09-01 09:00:00,157.49,187.76
2023-09-01 10:00:00,273.54,307.09
2023-09-01 11:00:00,329.46,380.34
2023-09-01 12:00:00,315.17,358.63
2023-09-01 13:00:00,338.83,395.52
2023-09-01 14:00:00,251.12,310.35
2023-09-01 15:00:00,187.48,237.0
2023-09-01 16:00:00,85.41,136.74
2023-09-01 17:00:00,24.98,64.08
2023-09-01 18:00:00,0.0,57.26
2023-09-01 19:00:00,0.0,44.57
2023-09-01 20:00:00,0.0,51.68
2023-09-01 21:00:00,0.0,45.72
2023-09-01 22:00:00,0.0,52.83
2023-09-01 23:00:00,0.0,54.81
2023-09-02 00:00:00,0.0,30.7
2023-09-02 01:00:00,0.0,32.37
2023-09-02 02:00:00,0.0,40.09
2023-09-02 03:00:00,0.0,57.53
2023-09-02 04:00:00,0.0,41.95
2023-09-02 05:00:00,0.0,56.63
2023-09-02 06:00:00,0.0,38.67
2023-09-02 07:00:00,25.39,72.21
2023-09-02 08:00:00,84.83,116.16
2023-09-02 09:00:00,160.48,194.66
2023-09-02 10:00:00,254.74,302.96
2023-09-02 11:00:00,312.97,344.94
2023-09-02 12:00:00,332.29,374.55
2023-09-02 13:00:00,359.99,401.78
2023-09-02 14:00:00,239.52,286.95
2023-09-02 15:00:00,190.24,243.84
2023-09-02 16:00:00,93.59,151.44
2023-09-02 17:00:00,24.09,83.94
2023-09-02 18:00:00,0.0,55.05
2023-09-02 19:00:00,0.0,55.71
2023-09-02 20:00:00,0.0,57.5
2023-09-02 21:00:00,0.0,44.35
2023-09-02 22:00:00,0.0,53.63
2023-09-02 23:00:00,0.0,35.85
2023-09-03 00:00:00,0.0,48.09
2023-09-03 01:00:00,0.0,40.76
2023-09-03 02:00:00,0.0,47.89
2023-09-03 03:00:00,0.0,50.27
2023-09-03 04:00:00,0.0,40.41
2023-09-03 05:00:00,0.0,36.49
2023-09-03 06:00:00,0.0,49.92
2023-09-03 07:00:00,24.29,76.53
2023-09-03 08:00:00,80.53,135.09
2023-09-03 09:00:00,181.72,212.64
2023-09-03 10:00:00,253.13,297.13
2023-09-03 11:00:00,316.61,350.13
2023-09-03 12:00:00,328.06,358.8
2023-09-03 13:00:00,298.24,336.23
2023-09-03 14:00:00,279.86,325.66
2023-09-03 15:00:00,172.02,221.88
2023-09-03 16:00:00,88.16,122.11
2023-09-03 17:00:00,22.05,58.73
2023-09-03 18:00:00,0.0,43.85
2023-09-03 19:00:00,0.0,41.63
2023-09-03 20:00:00,0.0,46.7
2023-09-03 21:00:00,0.0,59.1
2023-09-03 22:00:00,0.0,39.43
2023-09-03 23:00:00,0.0,45.61
2023-09-04 00:00:00,0.0,44.41
2023-09-04 01:00:00,0.0,51.5
2023-09-04 02:00:00,0.0,51.91
2023-09-04 03:00:00,0.0,51.87
2023-09-04 04:00:00,0.0,36.05
2023-09-04 05:00:00,0.0,43.47
2023-09-04 06:00:00,0.0,41.45
2023-09-04 07:00:00,25.81,66.75
2023-09-04 08:00:00,87.36,131.6
2023-09-04 09:00:00,172.36,227.73
2023-09-04 10:00:00,243.17,290.2
2023-09-04 11:00:00,334.33,389.87
2023-09-04 12:00:00,357.64,416.44
2023-09-04 13:00:00,351.74,392.2
2023-09-04 14:00:00,282.07,340.82
2023-09-04 15:00:00,165.86,214.17
2023-09-04 16:00:00,83.39,132.88
2023-09-04 17:00:00,21.42,73.45
2023-09-04 18:00:00,0.0,47.62
2023-09-04 19:00:00,0.0,30.78
2023-09-04 20:00:00,0.0,50.86
2023-09-04 21:00:00,0.0,44.88
2023-09-04 22:00:00,0.0,48.76
2023-09-04 23:00:00,0.0,39.47
2023-09-05 00:00:00,0.0,34.37
2023-09-05 01:00:00,0.0,43.06
2023-09-05 02:00:00,0.0,58.32
2023-09-05 03:00:00,0.0,36.83
2023-09-05 04:00:00,0.0,50.28
2023-09-05 05:00:00,0.0,31.5
2023-09-05 06:00:00,0.0,37.15
2023-09-05 07:00:00,23.18,64.21
2023-09-05 08:00:00,80.28,120.65
2023-09-05 09:00:00,169.28,214.94
2023-09-05 10:00:00,288.27,332.37
2023-09-05 11:00:00,354.64,398.49
2023-09-05 12:00:00,320.72,357.62
2023-09-05 13:00:00,319.83,359.59
2023-09-05 14:00:00,282.39,332.75
2023-09-05 15:00:00,177.68,222.42
2023-09-05 16:00:00,85.51,133.88
2023-09-05 17:00:00,21.57,56.45
2023-09-05 18:00:00,0.0,35.14
2023-09-05 19:00:00,0.0,50.31
2023-09-05 20:00:00,0.0,30.74
2023-09-05 21:00:00,0.0,34.81
2023-09-05 22:00:00,0.0,57.08
2023-09-05 23:00:00,0.0,59.93
2023-09-06 00:00:00,0.0,44.63
2023-09-06 01:00:00,0.0,44.86
2023-09-06 02:00:00,0.0,53.2
2023-09-06 03:00:00,0.0,31.09
2023-09-06 04:00:00,0.0,42.81
2023-09-06 05:00:00,0.0,32.99
2023-09-06 06:00:00,0.0,59.51
2023-09-06 07:00:00,24.67,84.22
2023-09-06 08:00:00,91.93,140.17
2023-09-06 09:00:00,184.16,233.93
2023-09-06 10:00:00,260.22,299.0
2023-09-06 11:00:00,327.57,365.32
2023-09-06 12:00:00,348.62,383.0
2023-09-06 13:00:00,330.67,368.03
2023-09-06 14:00:00,250.81,295.78
2023-09-06 15:00:00,162.38,221.25
2023-09-06 16:00:00,86.42,126.99
2023-09-06 17:00:00,21.1,76.4
2023-09-06 18:00:00,0.0,42.49
2023-09-06 19:00:00,0.0,37.37
2023-09-06 20:00:00,0.0,52.35
2023-09-06 21:00:00,0.0,58.36
2023-09-06 22:00:00,0.0,41.42
2023-09-06 23:00:00,0.0,34.05
2023-09-07 00:00:00,0.0,33.28
2023-09-07 01:00:00,0.0,30.19
2023-09-07 02:00:00,0.0,52.32
2023-09-07 03:00:00,0.0,59.44
2023-09-07 04:00:00,0.0,59.78
2023-09-07 05:00:00,0.0,53.53
2023-09-07 06:00:00,0.0,59.33
2023-09-07 07:00:00,22.57,62.58
2023-09-07 08:00:00,90.85,122.32
2023-09-07 09:00:00,186.79,246.71
2023-09-07 10:00:00,277.38,330.83
2023-09-07 11:00:00,318.65,350.63
2023-09-07 12:00:00,371.14,419.05
2023-09-07 13:00:00,354.29,387.77
2023-09-07 14:00:00,251.44,292.26
2023-09-07 15:00:00,181.54,235.17
2023-09-07 16:00:00,95.88,134.74
2023-09-07 17:00:00,23.39,54.26
2023-09-07 18:00:00,0.0,41.22
2023-09-07 19:00:00,0.0,47.81
2023-09-07 20:00:00,0.0,44.13
2023-09-07 21:00:00,0.0,40.93
2023-09-07 22:00:00,0.0,48.72
2023-09-07 23:00:00,0.0,54.86
2023-09-08 00:00:00,0.0,37.25
2023-09-08 01:00:00,0.0,40.29
2023-09-08 02:00:00,0.0,51.15
2023-09-08 03:00:00,0.0,53.34
2023-09-08 04:00:00,0.0,54.76
2023-09-08 05:00:00,0.0,36.28
2023-09-08 06:00:00,0.0,57.0
2023-09-08 07:00:00,22.89,65.79
2023-09-08 08:00:00,96.32,129.71
2023-09-08 09:00:00,182.37,237.88
2023-09-08 10:00:00,242.92,294.35
2023-09-08 11:00:00,324.1,379.69
2023-09-08 12:00:00,379.59,435.76
2023-09-08 13:00:00,296.27,348.98
2023-09-08 14:00:00,285.47,334.11
2023-09-08 15:00:00,178.51,209.86
2023-09-08 16:00:00,93.95,125.34
2023-09-08 17:00:00,22.5,80.28
2023-09-08 18:00:00,0.0,59.76
2023-09-08 19:00:00,0.0,44.29
2023-09-08 20:00:00,0.0,35.32
2023-09-08 21:00:00,0.0,44.64
2023-09-08 22:00:00,0.0,33.07
2023-09-08 23:00:00,0.0,56.18
2023-09-09 00:00:00,0.0,46.82
2023-09-09 01:00:00,0.0,42.14
2023-09-09 02:00:00,0.0,32.39
2023-09-09 03:00:00,0.0,42.16
2023-09-09 04:00:00,0.0,55.99
2023-09-09 05:00:00,0.0,51.1
2023-09-09 06:00:00,0.0,34.8
2023-09-09 07:00:00,22.89,55.93
2023-09-09 08:00:00,95.39,144.96
2023-09-09 09:00:00,159.89,213.53
2023-09-09 10:00:00,254.94,292.29
2023-09-09 11:00:00,330.99,361.39
2023-09-09 12:00:00,347.05,402.36
2023-09-09 13:00:00,355.58,395.86
2023-09-09 14:00:00,270.06,306.86
2023-09-09 15:00:00,177.02,214.64
2023-09-09 16:00:00,88.71,123.86
2023-09-09 17:00:00,25.59,82.2
2023-09-09 18:00:00,0.0,53.3
2023-09-09 19:00:00,0.0,32.87
2023-09-09 20:00:00,0.0,52.21
2023-09-09 21:00:00,0.0,38.47
2023-09-09 22:00:00,0.0,34.07
2023-09-09 23:00:00,0.0,50.35
2023-09-10 00:00:00,0.0,44.09
2023-09-10 01:00:00,0.0,45.9
2023-09-10 02:00:00,0.0,45.62
2023-09-10 03:00:00,0.0,31.78
2023-09-10 04:00:00,0.0,31.54
2023-09-10 05:00:00,0.0,48.04
2023-09-10 06:00:00,0.0,31.42
2023-09-10 07:00:00,22.82,71.21
2023-09-10 08:00:00,90.28,145.13
2023-09-10 09:00:00,171.88,218.33
2023-09-10 10:00:00,266.54,305.9
2023-09-10 11:00:00,295.54,325.67
2023-09-10 12:00:00,374.34,410.35
2023-09-10 13:00:00,335.13,382.44
2023-09-10 14:00:00,256.66,311.66
2023-09-10 15:00:00,182.1,212.78
2023-09-10 16:00:00,92.49,137.7
2023-09-10 17:00:00,22.66,74.47
2023-09-10 18:00:00,0.0,39.32
2023-09-10 19:00:00,0.0,59.49
2023-09-10 20:00:00,0.0,49.46
2023-09-10 21:00:00,0.0,48.17
2023-09-10 22:00:00,0.0,32.1
2023-09-10 23:00:00,0.0,38.38
2023-09-11 00:00:00,0.0,43.41
2023-09-11 01:00:00,0.0,48.92
2023-09-11 02:00:00,0.0,45.38
2023-09-11 03:00:00,0.0,52.89
2023-09-11 04:00:00,0.0,37.88
2023-09-11 05:00:00,0.0,51.06
2023-09-11 06:00:00,0.0,52.95
2023-09-11 07:00:00,24.75,81.41
2023-09-11 08:00:00,79.75,130.67
2023-09-11 09:00:00,192.05,239.26
2023-09-11 10:00:00,246.6,306.56
2023-09-11 11:00:00,303.84,343.91
2023-09-11 12:00:00,325.46,369.4
2023-09-11 13:00:00,320.61,365.35
2023-09-11 14:00:00,285.82,330.17
2023-09-11 15:00:00,175.34,231.94
2023-09-11 16:00:00,93.25,130.44
2023-09-11 17:00:00,21.02,69.9
2023-09-11 18:00:00,0.0,46.59
2023-09-11 19:00:00,0.0,36.34
2023-09-11 20:00:00,0.0,52.24
2023-09-11 21:00:00,0.0,50.09
2023-09-11 22:00:00,0.0,46.95
2023-09-11 23:00:00,0.0,55.9
2023-09-12 00:00:00,0.0,53.53
2023-09-12 01:00:00,0.0,50.04
2023-09-12 02:00:00,0.0,49.94
2023-09-12 03:00:00,0.0,49.87
2023-09-12 04:00:00,0.0,45.75
2023-09-12 05:00:00,0.0,43.92
2023-09-12 06:00:00,0.0,48.31
2023-09-12 07:00:00,23.37,57.17
2023-09-12 08:00:00,91.12,140.5
2023-09-12 09:00:00,168.99,209.68
2023-09-12 10:00:00,248.22,307.08
2023-09-12 11:00:00,350.92,397.75
2023-09-12 12:00:00,342.36,394.46
2023-09-12 13:00:00,328.09,387.37
2023-09-12 14:00:00,237.64,268.67
2023-09-12 15:00:00,177.32,213.42
2023-09-12 16:00:00,89.32,142.76
2023-09-12 17:00:00,21.63,64.85
2023-09-12 18:00:00,0.0,55.02
2023-09-12 19:00:00,0.0,44.89
2023-09-12 20:00:00,0.0,36.18
2023-09-12 21:00:00,0.0,47.57
2023-09-12 22:00:00,0.0,43.64
2023-09-12 23:00:00,0.0,53.16
2023-09-13 00:00:00,0.0,46.67
2023-09-13 01:00:00,0.0,38.38
2023-09-13 02:00:00,0.0,52.63
2023-09-13 03:00:00,0.0,45.53
2023-09-13 04:00:00,0.0,35.33
2023-09-13 05:00:00,0.0,46.89
2023-09-13 06:00:00,0.0,51.17
2023-09-13 07:00:00,22.43,73.76
2023-09-13 08:00:00,83.4,129.68
2023-09-13 09:00:00,175.78,213.2
2023-09-13 10:00:00,253.8,312.07
2023-09-13 11:00:00,309.05,363.08
2023-09-13 12:00:00,361.92,407.9
2023-09-13 13:00:00,301.29,337.43
2023-09-13 14:00:00,244.48,292.08
2023-09-13 15:00:00,192.22,248.54
2023-09-13 16:00:00,78.66,116.87
2023-09-13 17:00:00,21.73,81.0
2023-09-13 18:00:00,0.0,36.04
2023-09-13 19:00:00,0.0,48.63
2023-09-13 20:00:00,0.0,46.69
2023-09-13 21:00:00,0.0,36.78
2023-09-13 22:00:00,0.0,50.11
2023-09-13 23:00:00,0.0,32.91
2023-09-14 00:00:00,0.0,30.58
2023-09-14 01:00:00,0.0,32.47
2023-09-14 02:00:00,0.0,40.95
2023-09-14 03:00:00,0.0,59.25
2023-09-14 04:00:00,0.0,46.42
2023-09-14 05:00:00,0.0,52.64
2023-09-14 06:00:00,0.0,51.58
2023-09-14 07:00:00,25.72,66.45
2023-09-14 08:00:00,96.58,145.73
2023-09-14 09:00:00,183.95,221.52
2023-09-14 10:00:00,270.1,315.43
2023-09-14 11:00:00,357.52,414.66
2023-09-14 12:00:00,342.0,400.41
2023-09-14 13:00:00,352.61,400.32
2023-09-14 14:00:00,239.13,273.95
2023-09-14 15:00:00,159.23,192.47
2023-09-14 16:00:00,96.18,132.55
2023-09-14 17:00:00,24.36,73.46
2023-09-14 18:00:00,0.0,36.2
2023-09-14 19:00:00,0.0,47.38
2023-09-14 20:00:00,0.0,48.77
2023-09-14 21:00:00,0.0,47.11
2023-09-14 22:00:00,0.0,35.58
2023-09-14 23:00:00,0.0,51.69
2023-09-15 00:00:00,0.0,32.2
2023-09-15 01:00:00,0.0,47.74
2023-09-15 02:00:00,0.0,43.09
2023-09-15 03:00:00,0.0,37.51
2023-09-15 04:00:00,0.0,54.22
2023-09-15 05:00:00,0.0,35.28
2023-09-15 06:00:00,0.0,56.54
2023-09-15 07:00:00,22.73,61.88
2023-09-15 08:00:00,80.73,138.22
2023-09-15 09:00:00,179.49,210.44
2023-09-15 10:00:00,262.81,295.38
2023-09-15 11:00:00,331.25,376.52
2023-09-15 12:00:00,318.9,373.38
2023-09-15 13:00:00,309.86,356.1
2023-09-15 14:00:00,269.87,328.74
2023-09-15 15:00:00,174.57,232.09
2023-09-15 16:00:00,84.73,140.45
2023-09-15 17:00:00,22.12,73.34
2023-09-15 18:00:00,0.0,59.58
2023-09-15 19:00:00,0.0,58.62
2023-09-15 20:00:00,0.0,43.27
2023-09-15 21:00:00,0.0,45.72
2023-09-15 22:00:00,0.0,47.93
2023-09-15 23:00:00,0.0,38.25
2023-09-16 00:00:00,0.0,50.23
2023-09-16 01:00:00,0.0,50.96
2023-09-16 02:00:00,0.0,45.75
2023-09-16 03:00:00,0.0,34.43
2023-09-16 04:00:00,0.0,57.58
2023-09-16 05:00:00,0.0,33.45
2023-09-16 06:00:00,0.0,33.09
2023-09-16 07:00:00,21.67,52.29
2023-09-16 08:00:00,84.89,134.08
2023-09-16 09:00:00,175.59,225.83
2023-09-16 10:00:00,271.86,306.07
2023-09-16 11:00:00,295.78,344.54
2023-09-16 12:00:00,360.88,407.58
2023-09-16 13:00:00,308.72,363.04
2023-09-16 14:00:00,238.78,287.75
2023-09-16 15:00:00,160.83,210.46
2023-09-16 16:00:00,85.89,137.43
2023-09-16 17:00:00,21.21,67.86
2023-09-16 18:00:00,0.0,50.47
2023-09-16 19:00:00,0.0,33.6
2023-09-16 20:00:00,0.0,32.21
2023-09-16 21:00:00,0.0,51.39
2023-09-16 22:00:00,0.0,31.91
2023-09-16 23:00:00,0.0,36.74
2023-09-17 00:00:00,0.0,54.74
2023-09-17 01:00:00,0.0,54.29
2023-09-17 02:00:00,0.0,55.62
2023-09-17 03:00:00,0.0,39.78
2023-09-17 04:00:00,0.0,45.84
2023-09-17 05:00:00,0.0,53.2
2023-09-17 06:00:00,0.0,51.73
2023-09-17 07:00:00,21.43,78.83
2023-09-17 08:00:00,89.93,134.73
2023-09-17 09:00:00,174.24,209.68
2023-09-17 10:00:00,253.69,305.5
2023-09-17 11:00:00,328.99,374.87
2023-09-17 12:00:00,327.17,377.88
2023-09-17 13:00:00,318.77,354.25
2023-09-17 14:00:00,286.7,331.9
2023-09-17 15:00:00,175.83,235.27
2023-09-17 16:00:00,84.94,143.23
2023-09-17 17:00:00,24.38,73.37
2023-09-17 18:00:00,0.0,31.55
2023-09-17 19:00:00,0.0,43.13
2023-09-17 20:00:00,0.0,30.31
2023-09-17 21:00:00,0.0,32.13
2023-09-17 22:00:00,0.0,47.86
2023-09-17 23:00:00,0.0,51.73
2023-09-18 00:00:00,0.0,35.04
2023-09-18 01:00:00,0.0,51.98
2023-09-18 02:00:00,0.0,58.49
2023-09-18 03:00:00,0.0,52.3
2023-09-18 04:00:00,0.0,53.54
2023-09-18 05:00:00,0.0,51.02
2023-09-18 06:00:00,0.0,40.83
2023-09-18 07:00:00,25.63,75.47
2023-09-18 08:00:00,92.72,151.78
2023-09-18 09:00:00,164.92,204.57
2023-09-18 10:00:00,270.19,300.92
2023-09-18 11:00:00,331.07,385.33
2023-09-18 12:00:00,357.73,396.59
2023-09-18 13:00:00,341.57,375.95
2023-09-18 14:00:00,283.99,317.02
2023-09-18 15:00:00,188.18,233.11
2023-09-18 16:00:00,86.09,131.11
2023-09-18 17:00:00,21.94,65.67
2023-09-18 18:00:00,0.0,54.03
2023-09-18 19:00:00,0.0,34.89
2023-09-18 20:00:00,0.0,50.2
2023-09-18 21:00:00,0.0,55.71
2023-09-18 22:00:00,0.0,54.59
2023-09-18 23:00:00,0.0,42.77
2023-09-19 00:00:00,0.0,31.44
2023-09-19 01:00:00,0.0,57.94
2023-09-19 02:00:00,0.0,41.88
2023-09-19 03:00:00,0.0,40.83
2023-09-19 04:00:00,0.0,52.79
2023-09-19 05:00:00,0.0,37.92
2023-09-19 06:00:00,0.0,32.28
2023-09-19 07:00:00,24.61,83.58
2023-09-19 08:00:00,96.52,154.23
2023-09-19 09:00:00,188.44,226.81
2023-09-19 10:00:00,287.96,345.8
2023-09-19 11:00:00,328.54,370.6
2023-09-19 12:00:00,320.84,368.56
2023-09-19 13:00:00,339.95,382.07
2023-09-19 14:00:00,257.01,304.21
2023-09-19 15:00:00,157.42,216.16
2023-09-19 16:00:00,83.53,117.76
2023-09-19 17:00:00,20.98,76.69
2023-09-19 18:00:00,0.0,32.86
2023-09-19 19:00:00,0.0,34.57
2023-09-19 20:00:00,0.0,43.44
2023-09-19 21:00:00,0.0,35.57
2023-09-19 22:00:00,0.0,52.07
2023-09-19 23:00:00,0.0,31.74
2023-09-20 00:00:00,0.0,46.49
2023-09-20 01:00:00,0.0,41.48
2023-09-20 02:00:00,0.0,43.95
2023-09-20 03:00:00,0.0,42.74
2023-09-20 04:00:00,0.0,34.59
2023-09-20 05:00:00,0.0,36.61
2023-09-20 06:00:00,0.0,33.46
2023-09-20 07:00:00,25.77,64.16
2023-09-20 08:00:00,83.85,117.66
2023-09-20 09:00:00,184.19,241.91
2023-09-20 10:00:00,278.19,326.57
2023-09-20 11:00:00,347.69,389.82
2023-09-20 12:00:00,376.06,430.02
2023-09-20 13:00:00,291.96,336.59
2023-09-20 14:00:00,249.21,281.8
2023-09-20 15:00:00,187.54,217.78
2023-09-20 16:00:00,91.64,151.29
2023-09-20 17:00:00,23.33,64.47
2023-09-20 18:00:00,0.0,54.14
2023-09-20 19:00:00,0.0,37.21
2023-09-20 20:00:00,0.0,37.52
2023-09-20 21:00:00,0.0,48.22
2023-09-20 22:00:00,0.0,58.2
2023-09-20 23:00:00,0.0,38.95
2023-09-21 00:00:00,0.0,41.3
2023-09-21 01:00:00,0.0,59.8
2023-09-21 02:00:00,0.0,35.29
2023-09-21 03:00:00,0.0,32.31
2023-09-21 04:00:00,0.0,47.69
2023-09-21 05:00:00,0.0,30.73
2023-09-21 06:00:00,0.0,48.67
2023-09-21 07:00:00,24.21,69.52
2023-09-21 08:00:00,85.26,132.55
2023-09-21 09:00:00,180.08,234.18
2023-09-21 10:00:00,278.36,328.3
2023-09-21 11:00:00,353.25,408.39
2023-09-21 12:00:00,322.61,381.31
2023-09-21 13:00:00,353.08,392.71
2023-09-21 14:00:00,235.71,283.83
2023-09-21 15:00:00,172.53,225.02
2023-09-21 16:00:00,87.85,120.14
2023-09-21 17:00:00,22.16,78.64
2023-09-21 18:00:00,0.0,52.1
2023-09-21 19:00:00,0.0,38.76
2023-09-21 20:00:00,0.0,43.58
2023-09-21 21:00:00,0.0,45.93
2023-09-21 22:00:00,0.0,37.5
2023-09-21 23:00:00,0.0,49.56
2023-09-22 00:00:00,0.0,50.8
2023-09-22 01:00:00,0.0,32.55
2023-09-22 02:00:00,0.0,41.22
2023-09-22 03:00:00,0.0,52.33
2023-09-22 04:00:00,0.0,51.65
2023-09-22 05:00:00,0.0,46.34
2023-09-22 06:00:00,0.0,33.23
2023-09-22 07:00:00,21.54,71.26
2023-09-22 08:00:00,90.96,145.4
2023-09-22 09:00:00,163.06,208.56
2023-09-22 10:00:00,271.08,307.79
2023-09-22 11:00:00,327.34,376.49
2023-09-22 12:00:00,328.58,369.85
2023-09-22 13:00:00,306.7,363.79
2023-09-22 14:00:00,247.67,281.3
2023-09-22 15:00:00,157.69,189.04
2023-09-22 16:00:00,81.73,129.98
2023-09-22 17:00:00,21.04,59.64
2023-09-22 18:00:00,0.0,42.11
2023-09-22 19:00:00,0.0,31.46
2023-09-22 20:00:00,0.0,48.23
2023-09-22 21:00:00,0.0,50.65
2023-09-22 22:00:00,0.0,51.94
2023-09-22 23:00:00,0.0,36.73
2023-09-23 00:00:00,0.0,56.06
2023-09-23 01:00:00,0.0,50.71
2023-09-23 02:00:00,0.0,31.7
2023-09-23 03:00:00,0.0,43.22
2023-09-23 04:00:00,0.0,53.03
2023-09-23 05:00:00,0.0,39.33
2023-09-23 06:00:00,0.0,48.89
2023-09-23 07:00:00,21.23,80.24
2023-09-23 08:00:00,81.41,112.21
2023-09-23 09:00:00,156.6,198.59
2023-09-23 10:00:00,283.41,338.0
2023-09-23 11:00:00,354.48,400.49
2023-09-23 12:00:00,345.83,387.41
2023-09-23 13:00:00,295.03,352.32
2023-09-23 14:00:00,261.99,305.64
2023-09-23 15:00:00,175.36,229.18
2023-09-23 16:00:00,82.33,133.63
2023-09-23 17:00:00,24.46,79.95
2023-09-23 18:00:00,0.0,35.11
2023-09-23 19:00:00,0.0,44.13
2023-09-23 20:00:00,0.0,55.52
2023-09-23 21:00:00,0.0,58.95
2023-09-23 22:00:00,0.0,47.85
2023-09-23 23:00:00,0.0,36.36
2023-09-24 00:00:00,0.0,35.54
2023-09-24 01:00:00,0.0,49.18
2023-09-24 02:00:00,0.0,36.3
2023-09-24 03:00:00,0.0,46.59
2023-09-24 04:00:00,0.0,55.04
2023-09-24 05:00:00,0.0,41.69
2023-09-24 06:00:00,0.0,31.08
2023-09-24 07:00:00,22.21,73.16
2023-09-24 08:00:00,84.83,119.58
2023-09-24 09:00:00,160.29,193.14
2023-09-24 10:00:00,270.98,319.36
2023-09-24 11:00:00,327.45,372.46
2023-09-24 12:00:00,324.07,369.09
2023-09-24 13:00:00,295.96,353.74
2023-09-24 14:00:00,237.8,280.51
2023-09-24 15:00:00,156.42,210.0
2023-09-24 16:00:00,81.26,139.01
2023-09-24 17:00:00,21.17,75.79
2023-09-24 18:00:00,0.0,37.49
2023-09-24 19:00:00,0.0,36.07
2023-09-24 20:00:00,0.0,40.73
2023-09-24 21:00:00,0.0,54.85
2023-09-24 22:00:00,0.0,55.86
2023-09-24 23:00:00,0.0,35.26
2023-09-25 00:00:00,0.0,40.6
2023-09-25 01:00:00,0.0,37.12
2023-09-25 02:00:00,0.0,33.68
2023-09-25 03:00:00,0.0,49.39
2023-09-25 04:00:00,0.0,40.38
2023-09-25 05:00:00,0.0,36.76
2023-09-25 06:00:00,0.0,52.45
2023-09-25 07:00:00,24.77,55.95
2023-09-25 08:00:00,95.04,142.28
2023-09-25 09:00:00,174.94,205.26
2023-09-25 10:00:00,284.15,330.47
2023-09-25 11:00:00,348.51,398.18
2023-09-25 12:00:00,371.44,422.23
2023-09-25 13:00:00,355.09,391.85
2023-09-25 14:00:00,245.76,297.14
2023-09-25 15:00:00,174.85,222.82
2023-09-25 16:00:00,91.24,137.66
2023-09-25 17:00:00,24.84,64.41
2023-09-25 18:00:00,0.0,33.23
2023-09-25 19:00:00,0.0,49.02
2023-09-25 20:00:00,0.0,56.7
2023-09-25 21:00:00,0.0,37.58
2023-09-25 22:00:00,0.0,39.81
2023-09-25 23:00:00,0.0,39.16
2023-09-26 00:00:00,0.0,46.93
2023-09-26 01:00:00,0.0,42.39
2023-09-26 02:00:00,0.0,33.24
2023-09-26 03:00:00,0.0,56.74
2023-09-26 04:00:00,0.0,36.14
2023-09-26 05:00:00,0.0,46.02
2023-09-26 06:00:00,0.0,31.22
2023-09-26 07:00:00,21.43,80.58
2023-09-26 08:00:00,90.43,121.44
2023-09-26 09:00:00,185.63,230.89
2023-09-26 10:00:00,238.75,289.17
2023-09-26 11:00:00,326.14,362.29
2023-09-26 12:00:00,377.4,416.14
2023-09-26 13:00:00,311.39,349.57
2023-09-26 14:00:00,276.96,328.14
2023-09-26 15:00:00,189.64,226.52
2023-09-26 16:00:00,92.67,139.86
2023-09-26 17:00:00,22.48,53.54
2023-09-26 18:00:00,0.0,37.23
2023-09-26 19:00:00,0.0,48.95
2023-09-26 20:00:00,0.0,46.47
2023-09-26 21:00:00,0.0,30.13
2023-09-26 22:00:00,0.0,59.83
2023-09-26 23:00:00,0.0,54.43
2023-09-27 00:00:00,0.0,44.59
2023-09-27 01:00:00,0.0,50.41
2023-09-27 02:00:00,0.0,44.3
2023-09-27 03:00:00,0.0,52.34
2023-09-27 04:00:00,0.0,34.03
2023-09-27 05:00:00,0.0,43.39
2023-09-27 06:00:00,0.0,43.79
2023-09-27 07:00:00,23.17,57.46
2023-09-27 08:00:00,96.17,126.63
2023-09-27 09:00:00,156.77,197.97
2023-09-27 10:00:00,268.84,304.23
2023-09-27 11:00:00,328.46,380.14
2023-09-27 12:00:00,319.72,379.25
2023-09-27 13:00:00,314.97,364.24
2023-09-27 14:00:00,240.71,291.99
2023-09-27 15:00:00,187.33,220.49
2023-09-27 16:00:00,80.52,118.95
2023-09-27 17:00:00,21.01,80.59
2023-09-27 18:00:00,0.0,48.23
2023-09-27 19:00:00,0.0,58.77
2023-09-27 20:00:00,0.0,54.96
2023-09-27 21:00:00,0.0,54.43
2023-09-27 22:00:00,0.0,40.19
2023-09-27 23:00:00,0.0,40.05
2023-09-28 00:00:00,0.0,38.75
2023-09-28 01:00:00,0.0,40.4
2023-09-28 02:00:00,0.0,41.09
2023-09-28 03:00:00,0.0,34.2
2023-09-28 04:00:00,0.0,40.68
2023-09-28 05:00:00,0.0,43.4
2023-09-28 06:00:00,0.0,34.96
2023-09-28 07:00:00,22.79,67.22
2023-09-28 08:00:00,91.46,142.8
2023-09-28 09:00:00,163.86,194.96
2023-09-28 10:00:00,251.37,286.08
2023-09-28 11:00:00,319.03,378.41
2023-09-28 12:00:00,326.13,365.7
2023-09-28 13:00:00,341.64,386.92
2023-09-28 14:00:00,237.02,271.87
2023-09-28 15:00:00,190.82,223.91
2023-09-28 16:00:00,89.89,143.66
2023-09-28 17:00:00,22.26,74.01
2023-09-28 18:00:00,0.0,38.54
2023-09-28 19:00:00,0.0,39.35
2023-09-28 20:00:00,0.0,59.89
2023-09-28 21:00:00,0.0,36.44
2023-09-28 22:00:00,0.0,33.88
2023-09-28 23:00:00,0.0,57.77
2023-09-29 00:00:00,0.0,34.86
2023-09-29 01:00:00,0.0,56.38
2023-09-29 02:00:00,0.0,49.51
2023-09-29 03:00:00,0.0,47.31
2023-09-29 04:00:00,0.0,52.54
2023-09-29 05:00:00,0.0,51.78
2023-09-29 06:00:00,0.0,59.98
2023-09-29 07:00:00,25.6,82.5
2023-09-29 08:00:00,89.65,135.33
2023-09-29 09:00:00,176.14,206.59
2023-09-29 10:00:00,262.17,310.88
2023-09-29 11:00:00,337.08,377.04
2023-09-29 12:00:00,347.49,396.58
2023-09-29 13:00:00,321.26,380.12
2023-09-29 14:00:00,273.54,303.58
2023-09-29 15:00:00,157.26,207.97
2023-09-29 16:00:00,85.79,140.97
2023-09-29 17:00:00,21.81,52.22
2023-09-29 18:00:00,0.0,52.08
2023-09-29 19:00:00,0.0,59.15
2023-09-29 20:00:00,0.0,56.51
2023-09-29 21:00:00,0.0,44.52
2023-09-29 22:00:00,0.0,54.38
2023-09-29 23:00:00,0.0,32.11
2023-09-30 00:00:00,0.0,47.17
2023-09-30 01:00:00,0.0,57.73
2023-09-30 02:00:00,0.0,41.89
2023-09-30 03:00:00,0.0,58.8
2023-09-30 04:00:00,0.0,36.62
2023-09-30 05:00:00,0.0,33.17
2023-09-30 06:00:00,0.0,57.22
2023-09-30 07:00:00,22.49,76.49
2023-09-30 08:00:00,81.31,133.68
2023-09-30 09:00:00,176.9,212.15
2023-09-30 10:00:00,274.24,325.65
2023-09-30 11:00:00,327.24,364.0
2023-09-30 12:00:00,322.54,381.26
2023-09-30 13:00:00,336.88,391.16
2023-09-30 14:00:00,273.07,327.95
2023-09-30 15:00:00,162.38,207.29
2023-09-30 16:00:00,90.48,123.58
2023-09-30 17:00:00,21.69,70.71
2023-09-30 18:00:00,0.0,49.81
2023-09-30 19:00:00,0.0,31.09
2023-09-30 20:00:00,0.0,59.11
2023-09-30 21:00:00,0.0,34.19
2023-09-30 22:00:00,0.0,36.98
2023-09-30 23:00:00,0.0,59.25
2023-10-01 00:00:00,0.0,53.13
2023-10-01 01:00:00,0.0,58.1
2023-10-01 02:00:00,0.0,54.2
2023-10-01 03:00:00,0.0,49.55
2023-10-01 04:00:00,0.0,38.54
2023-10-01 05:00:00,0.0,39.81
2023-10-01 06:00:00,0.0,55.82
2023-10-01 07:00:00,22.73,63.93
2023-10-01 08:00:00,83.68,123.46
2023-10-01 09:00:00,188.07,218.39
2023-10-01 10:00:00,258.67,316.96
2023-10-01 11:00:00,329.11,372.62
2023-10-01 12:00:00,335.79,368.01
2023-10-01 13:00:00,307.26,339.97
2023-10-01 14:00:00,241.59,276.5
2023-10-01 15:00:00,167.51,197.84
2023-10-01 16:00:00,95.68,129.39
2023-10-01 17:00:00,22.84,79.23
2023-10-01 18:00:00,0.0,44.51
2023-10-01 19:00:00,0.0,55.34
2023-10-01 20:00:00,0.0,46.71
2023-10-01 21:00:00,0.0,36.31
2023-10-01 22:00:00,0.0,52.07
2023-10-01 23:00:00,0.0,50.44
2023-10-02 00:00:00,0.0,40.87
2023-10-02 01:00:00,0.0,31.39
2023-10-02 02:00:00,0.0,30.24
2023-10-02 03:00:00,0.0,54.76
2023-10-02 04:00:00,0.0,39.65
2023-10-02 05:00:00,0.0,34.13
2023-10-02 06:00:00,0.0,57.62
2023-10-02 07:00:00,21.0,52.68
2023-10-02 08:00:00,85.87,136.15
2023-10-02 09:00:00,173.92,230.85
2023-10-02 10:00:00,237.03,277.23
2023-10-02 11:00:00,315.97,356.17
2023-10-02 12:00:00,348.69,402.41
2023-10-02 13:00:00,313.68,366.01
2023-10-02 14:00:00,242.68,289.5
2023-10-02 15:00:00,170.2,216.38
2023-10-02 16:00:00,80.18,138.78
2023-10-02 17:00:00,25.42,80.21
2023-10-02 18:00:00,0.0,34.4
2023-10-02 19:00:00,0.0,45.11
2023-10-02 20:00:00,0.0,39.54
2023-10-02 21:00:00,0.0,56.62
2023-10-02 22:00:00,0.0,35.68
2023-10-02 23:00:00,0.0,36.6
2023-10-03 00:00:00,0.0,50.6
2023-10-03 01:00:00,0.0,32.67
2023-10-03 02:00:00,0.0,51.97
2023-10-03 03:00:00,0.0,38.04
2023-10-03 04:00:00,0.0,49.83
2023-10-03 05:00:00,0.0,56.19
2023-10-03 06:00:00,0.0,36.38
2023-10-03 07:00:00,21.2,52.54
2023-10-03 08:00:00,79.83,127.22
2023-10-03 09:00:00,169.21,206.5
2023-10-03 10:00:00,246.71,305.17
2023-10-03 11:00:00,300.01,339.15
2023-10-03 12:00:00,347.5,377.51
2023-10-03 13:00:00,355.09,388.06
2023-10-03 14:00:00,272.27,321.14
2023-10-03 15:00:00,186.17,235.71
2023-10-03 16:00:00,92.36,135.0
2023-10-03 17:00:00,23.36,74.41
2023-10-03 18:00:00,0.0,45.35
2023-10-03 19:00:00,0.0,36.17
2023-10-03 20:00:00,0.0,37.74
2023-10-03 21:00:00,0.0,40.75
2023-10-03 22:00:00,0.0,30.28
2023-10-03 23:00:00,0.0,42.52
2023-10-04 00:00:00,0.0,30.08
2023-10-04 01:00:00,0.0,46.95
2023-10-04 02:00:00,0.0,51.12
2023-10-04 03:00:00,0.0,46.86
2023-10-04 04:00:00,0.0,50.81
2023-10-04 05:00:00,0.0,30.0
2023-10-04 06:00:00,0.0,50.95
2023-10-04 07:00:00,24.91,76.44
2023-10-04 08:00:00,90.4,141.62
2023-10-04 09:00:00,183.62,235.35
2023-10-04 10:00:00,275.34,307.56
2023-10-04 11:00:00,296.19,337.02
2023-10-04 12:00:00,351.63,404.51
2023-10-04 13:00:00,314.83,353.08
2023-10-04 14:00:00,277.74,315.22
2023-10-04 15:00:00,186.61,221.92
2023-10-04 16:00:00,84.81,126.84
2023-10-04 17:00:00,22.43,52.53
2023-10-04 18:00:00,0.0,40.13
2023-10-04 19:00:00,0.0,39.41
2023-10-04 20:00:00,0.0,53.57
2023-10-04 21:00:00,0.0,31.42
2023-10-04 22:00:00,0.0,41.67
2023-10-04 23:00:00,0.0,31.13
2023-10-05 00:00:00,0.0,57.92
2023-10-05 01:00:00,0.0,53.71
2023-10-05 02:00:00,0.0,59.46
2023-10-05 03:00:00,0.0,57.3
2023-10-05 04:00:00,0.0,39.47
2023-10-05 05:00:00,0.0,50.75
2023-10-05 06:00:00,0.0,56.65
2023-10-05 07:00:00,22.98,64.26
2023-10-05 08:00:00,95.02,150.12
2023-10-05 09:00:00,191.96,223.95
2023-10-05 10:00:00,248.03,287.06
2023-10-05 11:00:00,320.99,365.18
2023-10-05 12:00:00,334.25,387.96
2023-10-05 13:00:00,307.18,358.08
2023-10-05 14:00:00,281.62,329.73
2023-10-05 15:00:00,169.43,205.07
2023-10-05 16:00:00,80.67,133.0
2023-10-05 17:00:00,23.27,54.66
2023-10-05 18:00:00,0.0,50.14
2023-10-05 19:00:00,0.0,55.33
2023-10-05 20:00:00,0.0,43.15
2023-10-05 21:00:00,0.0,58.66
2023-10-05 22:00:00,0.0,35.99
2023-10-05 23:00:00,0.0,35.55
2023-10-06 00:00:00,0.0,56.71
2023-10-06 01:00:00,0.0,56.75
2023-10-06 02:00:00,0.0,44.97
2023-10-06 03:00:00,0.0,33.77
2023-10-06 04:00:00,0.0,39.16
2023-10-06 05:00:00,0.0,52.62
2023-10-06 06:00:00,0.0,40.43
2023-10-06 07:00:00,21.26,71.23
2023-10-06 08:00:00,91.81,134.53
2023-10-06 09:00:00,177.86,237.48
2023-10-06 10:00:00,248.12,295.31
2023-10-06 11:00:00,333.8,380.27
2023-10-06 12:00:00,376.77,424.92
2023-10-06 13:00:00,326.72,360.41
2023-10-06 14:00:00,273.42,307.38
2023-10-06 15:00:00,157.38,202.04
2023-10-06 16:00:00,88.73,148.7
2023-10-06 17:00:00,24.47,79.93
2023-10-06 18:00:00,0.0,45.27
2023-10-06 19:00:00,0.0,59.23
2023-10-06 20:00:00,0.0,42.52
2023-10-06 21:00:00,0.0,54.22
2023-10-06 22:00:00,0.0,45.78
2023-10-06 23:00:00,0.0,36.72
2023-10-07 00:00:00,0.0,47.41
2023-10-07 01:00:00,0.0,36.54
2023-10-07 02:00:00,0.0,30.09
2023-10-07 03:00:00,0.0,37.08
2023-10-07 04:00:00,0.0,35.79
2023-10-07 05:00:00,0.0,41.13
2023-10-07 06:00:00,0.0,41.64
2023-10-07 07:00:00,25.12,71.79
2023-10-07 08:00:00,78.34,114.0
2023-10-07 09:00:00,190.67,238.8
2023-10-07 10:00:00,285.91,325.21
2023-10-07 11:00:00,341.05,394.21
2023-10-07 12:00:00,384.61,415.16
2023-10-07 13:00:00,357.24,398.99
2023-10-07 14:00:00,280.86,327.2
2023-10-07 15:00:00,177.18,217.96
2023-10-07 16:00:00,93.44,131.36
2023-10-07 17:00:00,23.38,70.19
2023-10-07 18:00:00,0.0,44.15
2023-10-07 19:00:00,0.0,50.41
2023-10-07 20:00:00,0.0,44.56
2023-10-07 21:00:00,0.0,49.78
2023-10-07 22:00:00,0.0,50.22
2023-10-07 23:00:00,0.0,51.28
2023-10-08 00:00:00,0.0,54.7
2023-10-08 01:00:00,0.0,46.22
2023-10-08 02:00:00,0.0,35.8
2023-10-08 03:00:00,0.0,50.39
2023-10-08 04:00:00,0.0,32.31
2023-10-08 05:00:00,0.0,36.57
2023-10-08 06:00:00,0.0,43.05
2023-10-08 07:00:00,23.41,83.03
2023-10-08 08:00:00,82.53,113.12
2023-10-08 09:00:00,160.5,197.84
2023-10-08 10:00:00,274.67,327.94
2023-10-08 11:00:00,330.68,368.33
2023-10-08 12:00:00,351.2,381.65
2023-10-08 13:00:00,338.67,387.1
2023-10-08 14:00:00,235.8,290.31
2023-10-08 15:00:00,184.49,223.74
2023-10-08 16:00:00,89.89,137.93
2023-10-08 17:00:00,21.66,57.46
2023-10-08 18:00:00,0.0,58.01
2023-10-08 19:00:00,0.0,47.29
2023-10-08 20:00:00,0.0,47.03
2023-10-08 21:00:00,0.0,49.4
2023-10-08 22:00:00,0.0,43.22
2023-10-08 23:00:00,0.0,31.63
2023-10-09 00:00:00,0.0,41.9
2023-10-09 01:00:00,0.0,57.01
2023-10-09 02:00:00,0.0,54.15
2023-10-09 03:00:00,0.0,57.82
2023-10-09 04:00:00,0.0,34.58
2023-10-09 05:00:00,0.0,45.18
2023-10-09 06:00:00,0.0,36.3
2023-10-09 07:00:00,21.94,75.4
2023-10-09 08:00:00,90.56,139.98
2023-10-09 09:00:00,166.23,211.43
2023-10-09 10:00:00,235.87,269.77
2023-10-09 11:00:00,327.43,366.72
2023-10-09 12:00:00,383.87,428.01
2023-10-09 13:00:00,297.58,328.12
2023-10-09 14:00:00,274.63,309.78
2023-10-09 15:00:00,163.31,206.02
2023-10-09 16:00:00,83.06,131.56
2023-10-09 17:00:00,23.35,56.69
2023-10-09 18:00:00,0.0,42.78
2023-10-09 19:00:00,0.0,48.33
2023-10-09 20:00:00,0.0,30.12
2023-10-09 21:00:00,0.0,48.79
2023-10-09 22:00:00,0.0,38.49
2023-10-09 23:00:00,0.0,44.83
2023-10-10 00:00:00,0.0,38.93
2023-10-10 01:00:00,0.0,59.89
2023-10-10 02:00:00,0.0,36.93
2023-10-10 03:00:00,0.0,57.39
2023-10-10 04:00:00,0.0,57.54
2023-10-10 05:00:00,0.0,42.63
2023-10-10 06:00:00,0.0,41.43
2023-10-10 07:00:00,25.83,74.39
2023-10-10 08:00:00,88.22,119.3
2023-10-10 09:00:00,187.6,220.11
2023-10-10 10:00:00,237.19,275.44
2023-10-10 11:00:00,324.52,381.38
2023-10-10 12:00:00,370.95,406.88
2023-10-10 13:00:00,317.4,370.81
2023-10-10 14:00:00,263.7,298.93
2023-10-10 15:00:00,170.97,219.75
2023-10-10 16:00:00,96.11,145.96
2023-10-10 17:00:00,21.03,72.18
2023-10-10 18:00:00,0.0,55.86
2023-10-10 19:00:00,0.0,41.52
2023-10-10 20:00:00,0.0,35.99
2023-10-10 21:00:00,0.0,44.04
2023-10-10 22:00:00,0.0,37.66
2023-10-10 23:00:00,0.0,37.07
2023-10-11 00:00:00,0.0,47.2
2023-10-11 01:00:00,0.0,53.02
2023-10-11 02:00:00,0.0,55.05
2023-10-11 03:00:00,0.0,41.93
2023-10-11 04:00:00,0.0,32.0
2023-10-11 05:00:00,0.0,44.52
2023-10-11 06:00:00,0.0,35.91
2023-10-11 07:00:00,25.37,84.59
2023-10-11 08:00:00,79.15,133.02
2023-10-11 09:00:00,180.16,218.0
2023-10-11 10:00:00,269.66,303.52
2023-10-11 11:00:00,296.61,356.41
2023-10-11 12:00:00,359.64,397.24
2023-10-11 13:00:00,322.75,381.25
2023-10-11 14:00:00,258.82,315.83
2023-10-11 15:00:00,188.37,228.69
2023-10-11 16:00:00,91.01,140.82
2023-10-11 17:00:00,24.76,65.74
2023-10-11 18:00:00,0.0,35.13
2023-10-11 19:00:00,0.0,48.5
2023-10-11 20:00:00,0.0,53.25
2023-10-11 21:00:00,0.0,52.68
2023-10-11 22:00:00,0.0,47.51
2023-10-11 23:00:00,0.0,32.54
2023-10-12 00:00:00,0.0,30.52
2023-10-12 01:00:00,0.0,53.46
2023-10-12 02:00:00,0.0,46.48
2023-10-12 03:00:00,0.0,53.48
2023-10-12 04:00:00,0.0,34.88
2023-10-12 05:00:00,0.0,42.22
2023-10-12 06:00:00,0.0,35.15
2023-10-12 07:00:00,21.26,70.86
2023-10-12 08:00:00,89.14,147.7
2023-10-12 09:00:00,189.76,242.24
2023-10-12 10:00:00,235.66,280.07
2023-10-12 11:00:00,353.38,396.39
2023-10-12 12:00:00,383.61,433.18
2023-10-12 13:00:00,299.36,344.64
2023-10-12 14:00:00,273.0,304.96
2023-10-12 15:00:00,169.08,220.59
2023-10-12 16:00:00,81.09,121.54
2023-10-12 17:00:00,24.36,77.63
2023-10-12 18:00:00,0.0,58.71
2023-10-12 19:00:00,0.0,57.76
2023-10-12 20:00:00,0.0,44.2
2023-10-12 21:00:00,0.0,34.81
2023-10-12 22:00:00,0.0,53.19
2023-10-12 23:00:00,0.0,37.29
2023-10-13 00:00:00,0.0,55.28
2023-10-13 01:00:00,0.0,47.61
2023-10-13 02:00:00,0.0,41.82
2023-10-13 03:00:00,0.0,46.69
2023-10-13 04:00:00,0.0,45.98
2023-10-13 05:00:00,0.0,57.74
2023-10-13 06:00:00,0.0,57.84
2023-10-13 07:00:00,21.11,74.19
2023-10-13 08:00:00,95.12,136.94
2023-10-13 09:00:00,159.09,213.23
2023-10-13 10:00:00,281.13,321.22
2023-10-13 11:00:00,327.46,381.74
2023-10-13 12:00:00,326.93,375.8
2023-10-13 13:00:00,321.42,356.65
2023-10-13 14:00:00,280.5,320.24
2023-10-13 15:00:00,190.79,237.86
2023-10-13 16:00:00,87.67,130.37
2023-10-13 17:00:00,22.93,77.47
2023-10-13 18:00:00,0.0,53.21
2023-10-13 19:00:00,0.0,42.63
2023-10-13 20:00:00,0.0,37.84
2023-10-13 21:00:00,0.0,32.61
2023-10-13 22:00:00,0.0,53.3
2023-10-13 23:00:00,0.0,42.46
2023-10-14 00:00:00,0.0,45.28
2023-10-14 01:00:00,0.0,44.08
2023-10-14 02:00:00,0.0,42.93
2023-10-14 03:00:00,0.0,50.52
2023-10-14 04:00:00,0.0,48.26
2023-10-14 05:00:00,0.0,59.16
2023-10-14 06:00:00,0.0,47.21
2023-10-14 07:00:00,21.27,75.51
2023-10-14 08:00:00,89.54,132.39
2023-10-14 09:00:00,185.92,229.57
2023-10-14 10:00:00,247.17,291.35
2023-10-14 11:00:00,296.71,353.65
2023-10-14 12:00:00,366.6,419.41
2023-10-14 13:00:00,351.9,405.65
2023-10-14 14:00:00,258.44,292.0
2023-10-14 15:00:00,170.14,228.16
2023-10-14 16:00:00,95.66,148.7
2023-10-14 17:00:00,21.96,57.79
2023-10-14 18:00:00,0.0,34.26
2023-10-14 19:00:00,0.0,47.52
2023-10-14 20:00:00,0.0,41.35
2023-10-14 21:00:00,0.0,39.06
2023-10-14 22:00:00,0.0,50.32
2023-10-14 23:00:00,0.0,58.79
2023-10-15 00:00:00,0.0,53.33
2023-10-15 01:00:00,0.0,44.58
2023-10-15 02:00:00,0.0,43.22
2023-10-15 03:00:00,0.0,57.23
2023-10-15 04:00:00,0.0,47.34
2023-10-15 05:00:00,0.0,44.9
2023-10-15 06:00:00,0.0,37.11
2023-10-15 07:00:00,21.27,76.92
2023-10-15 08:00:00,89.37,124.32
2023-10-15 09:00:00,167.37,227.07
2023-10-15 10:00:00,269.62,318.7
2023-10-15 11:00:00,296.8,355.87
2023-10-15 12:00:00,378.51,424.94
2023-10-15 13:00:00,313.09,364.03
2023-10-15 14:00:00,280.6,334.18
2023-10-15 15:00:00,192.36,241.47
2023-10-15 16:00:00,84.11,129.05
2023-10-15 17:00:00,24.98,62.94
2023-10-15 18:00:00,0.0,51.75
2023-10-15 19:00:00,0.0,43.33
2023-10-15 20:00:00,0.0,54.5
2023-10-15 21:00:00,0.0,34.31
2023-10-15 22:00:00,0.0,40.07
2023-10-15 23:00:00,0.0,38.04
2023-10-16 00:00:00,0.0,50.94
2023-10-16 01:00:00,0.0,52.78
2023-10-16 02:00:00,0.0,43.68
2023-10-16 03:00:00,0.0,44.34
2023-10-16 04:00:00,0.0,33.96
2023-10-16 05:00:00,0.0,51.05
2023-10-16 06:00:00,0.0,53.34
2023-10-16 07:00:00,22.05,70.74
2023-10-16 08:00:00,83.63,114.54
2023-10-16 09:00:00,163.02,196.1
2023-10-16 10:00:00,245.42,299.29
2023-10-16 11:00:00,311.96,364.67
2023-10-16 12:00:00,382.64,429.87
2023-10-16 13:00:00,325.18,377.68
2023-10-16 14:00:00,239.96,282.81
2023-10-16 15:00:00,174.76,229.69
2023-10-16 16:00:00,93.18,148.63
2023-10-16 17:00:00,24.39,70.31
2023-10-16 18:00:00,0.0,56.2
2023-10-16 19:00:00,0.0,44.41
2023-10-16 20:00:00,0.0,59.57
2023-10-16 21:00:00,0.0,56.24
2023-10-16 22:00:00,0.0,45.31
2023-10-16 23:00:00,0.0,32.08
2023-10-17 00:00:00,0.0,36.73
2023-10-17 01:00:00,0.0,53.29
2023-10-17 02:00:00,0.0,33.33
2023-10-17 03:00:00,0.0,44.09
2023-10-17 04:00:00,0.0,48.15
2023-10-17 05:00:00,0.0,56.35
2023-10-17 06:00:00,0.0,52.93
2023-10-17 07:00:00,22.96,57.23
2023-10-17 08:00:00,90.52,125.96
2023-10-17 09:00:00,177.06,236.48
2023-10-17 10:00:00,264.98,314.35
2023-10-17 11:00:00,338.38,393.29
2023-10-17 12:00:00,344.81,389.74
2023-10-17 13:00:00,303.93,352.37
2023-10-17 14:00:00,250.93,296.16
2023-10-17 15:00:00,184.61,215.14
2023-10-17 16:00:00,88.58,123.78
2023-10-17 17:00:00,22.33,53.37
2023-10-17 18:00:00,0.0,59.6
2023-10-17 19:00:00,0.0,59.96
2023-10-17 20:00:00,0.0,51.6
2023-10-17 21:00:00,0.0,48.36
2023-10-17 22:00:00,0.0,53.31
2023-10-17 23:00:00,0.0,56.9
2023-10-18 00:00:00,0.0,45.58
2023-10-18 01:00:00,0.0,31.06
2023-10-18 02:00:00,0.0,51.28
2023-10-18 03:00:00,0.0,59.54
2023-10-18 04:00:00,0.0,37.74
2023-10-18 05:00:00,0.0,43.9
2023-10-18 06:00:00,0.0,41.71
2023-10-18 07:00:00,24.51,65.86
2023-10-18 08:00:00,95.52,149.21
2023-10-18 09:00:00,157.42,211.98
2023-10-18 10:00:00,277.26,322.75
2023-10-18 11:00:00,325.96,381.03
2023-10-18 12:00:00,344.06,378.84
2023-10-18 13:00:00,313.33,351.29
2023-10-18 14:00:00,272.19,307.56
2023-10-18 15:00:00,180.13,224.11
2023-10-18 16:00:00,93.65,138.2
2023-10-18 17:00:00,25.54,82.55
2023-10-18 18:00:00,0.0,50.58
2023-10-18 19:00:00,0.0,36.44
2023-10-18 20:00:00,0.0,54.7
2023-10-18 21:00:00,0.0,49.07
2023-10-18 22:00:00,0.0,38.82
2023-10-18 23:00:00,0.0,37.47
2023-10-19 00:00:00,0.0,42.89
2023-10-19 01:00:00,0.0,54.02
2023-10-19 02:00:00,0.0,53.88
2023-10-19 03:00:00,0.0,31.0
2023-10-19 04:00:00,0.0,39.07
2023-10-19 05:00:00,0.0,42.69
2023-10-19 06:00:00,0.0,34.49
2023-10-19 07:00:00,22.61,79.18
2023-10-19 08:00:00,86.97,139.29
2023-10-19 09:00:00,174.24,218.19
2023-10-19 10:00:00,268.93,306.71
2023-10-19 11:00:00,309.0,368.68
2023-10-19 12:00:00,376.76,428.89
2023-10-19 13:00:00,301.26,332.17
2023-10-19 14:00:00,244.28,302.41
2023-10-19 15:00:00,186.44,232.13
2023-10-19 16:00:00,96.03,130.43
2023-10-19 17:00:00,23.71,59.21
2023-10-19 18:00:00,0.0,58.2
2023-10-19 19:00:00,0.0,56.05
2023-10-19 20:00:00,0.0,33.05
2023-10-19 21:00:00,0.0,37.49
2023-10-19 22:00:00,0.0,47.84
2023-10-19 23:00:00,0.0,31.84
2023-10-20 00:00:00,0.0,46.5
2023-10-20 01:00:00,0.0,47.53
2023-10-20 02:00:00,0.0,38.73
2023-10-20 03:00:00,0.0,38.79
2023-10-20 04:00:00,0.0,36.87
2023-10-20 05:00:00,0.0,58.07
2023-10-20 06:00:00,0.0,47.56
2023-10-20 07:00:00,22.44,73.52
2023-10-20 08:00:00,80.07,112.22
2023-10-20 09:00:00,183.79,235.59
2023-10-20 10:00:00,249.23,289.88
2023-10-20 11:00:00,357.58,390.71
2023-10-20 12:00:00,326.28,369.18
2023-10-20 13:00:00,311.22,360.69
2023-10-20 14:00:00,272.72,318.51
2023-10-20 15:00:00,178.89,221.89
2023-10-20 16:00:00,92.19,123.45
2023-10-20 17:00:00,22.5,73.03
2023-10-20 18:00:00,0.0,32.36
2023-10-20 19:00:00,0.0,40.35
2023-10-20 20:00:00,0.0,51.34
2023-10-20 21:00:00,0.0,33.66
2023-10-20 22:00:00,0.0,51.74
2023-10-20 23:00:00,0.0,53.26
2023-10-21 00:00:00,0.0,49.06
2023-10-21 01:00:00,0.0,37.33
2023-10-21 02:00:00,0.0,54.16
2023-10-21 03:00:00,0.0,36.43
2023-10-21 04:00:00,0.0,57.17
2023-10-21 05:00:00,0.0,51.2
2023-10-21 06:00:00,0.0,53.98
2023-10-21 07:00:00,23.45,67.03
2023-10-21 08:00:00,85.94,134.14
2023-10-21 09:00:00,183.06,239.94
2023-10-21 10:00:00,249.67,298.59
2023-10-21 11:00:00,338.98,389.22
2023-10-21 12:00:00,349.08,390.81
2023-10-21 13:00:00,344.2,383.2
2023-10-21 14:00:00,246.08,292.45
2023-10-21 15:00:00,166.25,197.25
2023-10-21 16:00:00,79.15,130.0
2023-10-21 17:00:00,25.75,69.39
2023-10-21 18:00:00,0.0,54.54
2023-10-21 19:00:00,0.0,37.84
2023-10-21 20:00:00,0.0,59.87
2023-10-21 21:00:00,0.0,46.9
2023-10-21 22:00:00,0.0,36.98
2023-10-21 23:00:00,0.0,44.88
2023-10-22 00:00:00,0.0,40.06
2023-10-22 01:00:00,0.0,53.38
2023-10-22 02:00:00,0.0,33.17
2023-10-22 03:00:00,0.0,55.71
2023-10-22 04:00:00,0.0,53.02
2023-10-22 05:00:00,0.0,55.84
2023-10-22 06:00:00,0.0,36.89
2023-10-22 07:00:00,23.52,79.02
2023-10-22 08:00:00,85.14,116.95
2023-10-22 09:00:00,167.13,204.39
2023-10-22 10:00:00,282.63,326.55
2023-10-22 11:00:00,338.79,397.65
2023-10-22 12:00:00,334.82,387.66
2023-10-22 13:00:00,293.41,326.53
2023-10-22 14:00:00,243.53,282.9
2023-10-22 15:00:00,171.23,215.54
2023-10-22 16:00:00,82.71,114.7
2023-10-22 17:00:00,24.29,55.0
2023-10-22 18:00:00,0.0,57.87
2023-10-22 19:00:00,0.0,51.31
2023-10-22 20:00:00,0.0,47.88
2023-10-22 21:00:00,0.0,49.71
2023-10-22 22:00:00,0.0,49.57
2023-10-22 23:00:00,0.0,57.95
2023-10-23 00:00:00,0.0,58.93
2023-10-23 01:00:00,0.0,42.8
2023-10-23 02:00:00,0.0,48.51
2023-10-23 03:00:00,0.0,54.08
2023-10-23 04:00:00,0.0,30.03
2023-10-23 05:00:00,0.0,45.81
2023-10-23 06:00:00,0.0,51.52
2023-10-23 07:00:00,22.77,61.64
2023-10-23 08:00:00,81.55,128.28
2023-10-23 09:00:00,190.23,247.11
2023-10-23 10:00:00,254.47,292.21
2023-10-23 11:00:00,346.01,397.76
2023-10-23 12:00:00,349.99,391.66
2023-10-23 13:00:00,300.35,353.9
2023-10-23 14:00:00,268.68,309.99
2023-10-23 15:00:00,190.21,240.0
2023-10-23 16:00:00,95.3,139.53
2023-10-23 17:00:00,23.2,81.32
2023-10-23 18:00:00,0.0,58.82
2023-10-23 19:00:00,0.0,54.57
2023-10-23 20:00:00,0.0,43.87
2023-10-23 21:00:00,0.0,36.31
2023-10-23 22:00:00,0.0,41.5
2023-10-23 23:00:00,0.0,58.15
2023-10-24 00:00:00,0.0,40.91
2023-10-24 01:00:00,0.0,52.7
2023-10-24 02:00:00,0.0,57.69
2023-10-24 03:00:00,0.0,59.11
2023-10-24 04:00:00,0.0,58.43
2023-10-24 05:00:00,0.0,46.65
2023-10-24 06:00:00,0.0,59.63
2023-10-24 07:00:00,22.03,57.66
2023-10-24 08:00:00,95.92,146.6
2023-10-24 09:00:00,176.14,210.1
2023-10-24 10:00:00,262.93,321.26
2023-10-24 11:00:00,333.25,375.39
2023-10-24 12:00:00,353.36,409.94
2023-10-24 13:00:00,354.53,396.53
2023-10-24 14:00:00,268.16,306.54
2023-10-24 15:00:00,173.0,209.6
2023-10-24 16:00:00,87.98,135.33
2023-10-24 17:00:00,22.62,60.78
2023-10-24 18:00:00,0.0,34.19
2023-10-24 19:00:00,0.0,51.34
2023-10-24 20:00:00,0.0,36.65
2023-10-24 21:00:00,0.0,33.54
2023-10-24 22:00:00,0.0,59.97
2023-10-24 23:00:00,0.0,37.8
2023-10-25 00:00:00,0.0,56.88
2023-10-25 01:00:00,0.0,48.28
2023-10-25 02:00:00,0.0,51.45
2023-10-25 03:00:00,0.0,46.83
2023-10-25 04:00:00,0.0,35.42
2023-10-25 05:00:00,0.0,55.41
2023-10-25 06:00:00,0.0,40.49
2023-10-25 07:00:00,24.72,71.01
2023-10-25 08:00:00,94.93,149.01
2023-10-25 09:00:00,157.91,214.29
2023-10-25 10:00:00,288.06,340.32
2023-10-25 11:00:00,300.08,354.3
2023-10-25 12:00:00,360.46,400.62
2023-10-25 13:00:00,352.55,399.52
2023-10-25 14:00:00,281.68,331.78
2023-10-25 15:00:00,167.02,226.27
2023-10-25 16:00:00,88.71,134.21
2023-10-25 17:00:00,22.94,57.03
2023-10-25 18:00:00,0.0,42.92
2023-10-25 19:00:00,0.0,58.04
2023-10-25 20:00:00,0.0,58.95
2023-10-25 21:00:00,0.0,53.03
2023-10-25 22:00:00,0.0,37.27
2023-10-25 23:00:00,0.0,51.48
2023-10-26 00:00:00,0.0,30.61
2023-10-26 01:00:00,0.0,54.79
2023-10-26 02:00:00,0.0,44.81
2023-10-26 03:00:00,0.0,58.1
2023-10-26 04:00:00,0.0,41.33
2023-10-26 05:00:00,0.0,37.9
2023-10-26 06:00:00,0.0,45.92
2023-10-26 07:00:00,25.21,82.54
2023-10-26 08:00:00,87.74,131.41
2023-10-26 09:00:00,176.75,232.18
2023-10-26 10:00:00,287.85,327.7
2023-10-26 11:00:00,342.57,381.13
2023-10-26 12:00:00,357.77,411.91
2023-10-26 13:00:00,352.72,396.18
2023-10-26 14:00:00,255.01,292.61
2023-10-26 15:00:00,161.31,202.26
2023-10-26 16:00:00,94.24,136.8
2023-10-26 17:00:00,22.52,74.69
2023-10-26 18:00:00,0.0,37.69
2023-10-26 19:00:00,0.0,58.08
2023-10-26 20:00:00,0.0,32.45
2023-10-26 21:00:00,0.0,42.44
2023-10-26 22:00:00,0.0,47.3
2023-10-26 23:00:00,0.0,36.91
2023-10-27 00:00:00,0.0,38.43
2023-10-27 01:00:00,0.0,36.66
2023-10-27 02:00:00,0.0,40.36
2023-10-27 03:00:00,0.0,56.96
2023-10-27 04:00:00,0.0,42.95
2023-10-27 05:00:00,0.0,42.53
2023-10-27 06:00:00,0.0,58.92
2023-10-27 07:00:00,21.53,77.69
2023-10-27 08:00:00,84.22,142.92
2023-10-27 09:00:00,168.0,200.49
2023-10-27 10:00:00,263.31,300.15
2023-10-27 11:00:00,343.55,393.27
2023-10-27 12:00:00,363.32,399.12
2023-10-27 13:00:00,340.51,379.85
2023-10-27 14:00:00,289.73,341.68
2023-10-27 15:00:00,178.13,234.14
2023-10-27 16:00:00,89.04,135.62
2023-10-27 17:00:00,22.12,72.46
2023-10-27 18:00:00,0.0,31.29
2023-10-27 19:00:00,0.0,54.48
2023-10-27 20:00:00,0.0,31.56
2023-10-27 21:00:00,0.0,50.17
2023-10-27 22:00:00,0.0,34.7
2023-10-27 23:00:00,0.0,42.98
2023-10-28 00:00:00,0.0,55.77
2023-10-28 01:00:00,0.0,32.83
2023-10-28 02:00:00,0.0,50.01
2023-10-28 03:00:00,0.0,48.38
2023-10-28 04:00:00,0.0,56.03
2023-10-28 05:00:00,0.0,35.18
2023-10-28 06:00:00,0.0,43.5
2023-10-28 07:00:00,23.07,63.92
2023-10-28 08:00:00,85.29,130.89
2023-10-28 09:00:00,160.33,203.08
2023-10-28 10:00:00,270.59,315.54
2023-10-28 11:00:00,303.23,344.12
2023-10-28 12:00:00,345.4,395.47
2023-10-28 13:00:00,353.7,400.21
2023-10-28 14:00:00,271.94,304.26
2023-10-28 15:00:00,191.52,230.98
2023-10-28 16:00:00,84.72,121.41
2023-10-28 17:00:00,21.37,75.07
2023-10-28 18:00:00,0.0,38.48
2023-10-28 19:00:00,0.0,35.45
2023-10-28 20:00:00,0.0,59.25
2023-10-28 21:00:00,0.0,53.43
2023-10-28 22:00:00,0.0,57.9
2023-10-28 23:00:00,0.0,55.85
2023-10-29 00:00:00,0.0,57.19
2023-10-29 01:00:00,0.0,44.37
2023-10-29 02:00:00,0.0,35.12
2023-10-29 03:00:00,0.0,39.81
2023-10-29 04:00:00,0.0,38.77
2023-10-29 05:00:00,0.0,51.51
2023-10-29 06:00:00,0.0,34.26
2023-10-29 07:00:00,24.32,58.02
2023-10-29 08:00:00,79.09,112.37
2023-10-29 09:00:00,181.82,216.0
2023-10-29 10:00:00,242.68,279.59
2023-10-29 11:00:00,343.41,379.42
2023-10-29 12:00:00,315.4,372.58
2023-10-29 13:00:00,352.02,387.56
2023-10-29 14:00:00,249.25,284.91
2023-10-29 15:00:00,182.88,220.38
2023-10-29 16:00:00,95.34,150.17
2023-10-29 17:00:00,23.85,54.12
2023-10-29 18:00:00,0.0,51.83
2023-10-29 19:00:00,0.0,53.64
2023-10-29 20:00:00,0.0,32.15
2023-10-29 21:00:00,0.0,51.26
2023-10-29 22:00:00,0.0,54.14
2023-10-29 23:00:00,0.0,58.7
2023-10-30 00:00:00,0.0,47.41
2023-10-30 01:00:00,0.0,45.24
2023-10-30 02:00:00,0.0,42.76
2023-10-30 03:00:00,0.0,51.04
2023-10-30 04:00:00,0.0,57.62
2023-10-30 05:00:00,0.0,47.99
2023-10-30 06:00:00,0.0,30.53
2023-10-30 07:00:00,24.01,79.95
2023-10-30 08:00:00,79.41,121.34
2023-10-30 09:00:00,190.99,236.04
2023-10-30 10:00:00,246.78,287.39
2023-10-30 11:00:00,319.87,353.39
2023-10-30 12:00:00,361.43,409.19
2023-10-30 13:00:00,336.33,384.65
2023-10-30 14:00:00,235.52,270.75
2023-10-30 15:00:00,162.49,195.43
2023-10-30 16:00:00,91.73,125.33
2023-10-30 17:00:00,24.25,59.6
2023-10-30 18:00:00,0.0,34.88
2023-10-30 19:00:00,0.0,45.25
2023-10-30 20:00:00,0.0,49.36
2023-10-30 21:00:00,0.0,54.36
2023-10-30 22:00:00,0.0,33.86
2023-10-30 23:00:00,0.0,48.49
2023-10-31 00:00:00,0.0,53.22
2023-10-31 01:00:00,0.0,39.37
2023-10-31 02:00:00,0.0,32.39
2023-10-31 03:00:00,0.0,34.68
2023-10-31 04:00:00,0.0,32.75
2023-10-31 05:00:00,0.0,56.62
2023-10-31 06:00:00,0.0,45.7
2023-10-31 07:00:00,24.74,65.88
2023-10-31 08:00:00,90.14,122.44
2023-10-31 09:00:00,174.1,207.0
2023-10-31 10:00:00,248.31,287.11
2023-10-31 11:00:00,341.12,391.34
2023-10-31 12:00:00,367.79,399.64
2023-10-31 13:00:00,360.1,391.73
2023-10-31 14:00:00,280.18,332.39
2023-10-31 15:00:00,178.18,221.35
2023-10-31 16:00:00,92.13,144.33
2023-10-31 17:00:00,21.63,75.41
2023-10-31 18:00:00,0.0,45.02
2023-10-31 19:00:00,0.0,49.35
2023-10-31 20:00:00,0.0,54.65
2023-10-31 21:00:00,0.0,43.89
2023-10-31 22:00:00,0.0,37.11
2023-10-31 23:00:00,0.0,44.72
2023-11-01 00:00:00,0.0,37.51
2023-11-01 01:00:00,0.0,45.86
2023-11-01 02:00:00,0.0,43.88
2023-11-01 03:00:00,0.0,53.42
2023-11-01 04:00:00,0.0,37.2
2023-11-01 05:00:00,0.0,36.0
2023-11-01 06:00:00,0.0,31.52
2023-11-01 07:00:00,22.08,62.69
2023-11-01 08:00:00,87.17,125.25
2023-11-01 09:00:00,177.03,233.38
2023-11-01 10:00:00,264.61,303.22
2023-11-01 11:00:00,296.1,330.2
2023-11-01 12:00:00,354.11,404.62
2023-11-01 13:00:00,295.26,330.83
2023-11-01 14:00:00,252.21,291.8
2023-11-01 15:00:00,191.67,227.78
2023-11-01 16:00:00,79.35,119.94
2023-11-01 17:00:00,21.62,55.42
2023-11-01 18:00:00,0.0,39.19
2023-11-01 19:00:00,0.0,32.75
2023-11-01 20:00:00,0.0,48.13
2023-11-01 21:00:00,0.0,45.05
2023-11-01 22:00:00,0.0,32.31
2023-11-01 23:00:00,0.0,55.88
2023-11-02 00:00:00,0.0,38.54
2023-11-02 01:00:00,0.0,58.84
2023-11-02 02:00:00,0.0,57.95
2023-11-02 03:00:00,0.0,43.02
2023-11-02 04:00:00,0.0,36.86
2023-11-02 05:00:00,0.0,55.05
2023-11-02 06:00:00,0.0,34.91
2023-11-02 07:00:00,23.67,68.35
2023-11-02 08:00:00,93.84,145.72
2023-11-02 09:00:00,188.64,240.68
2023-11-02 10:00:00,270.05,315.06
2023-11-02 11:00:00,359.66,418.43
2023-11-02 12:00:00,375.28,428.54
2023-11-02 13:00:00,331.51,369.3
2023-11-02 14:00:00,282.92,313.24
2023-11-02 15:00:00,164.77,206.88
2023-11-02 16:00:00,88.99,135.82
2023-11-02 17:00:00,21.82,54.96
2023-11-02 18:00:00,0.0,40.46
2023-11-02 19:00:00,0.0,30.42
2023-11-02 20:00:00,0.0,50.77
2023-11-02 21:00:00,0.0,37.43
2023-11-02 22:00:00,0.0,40.54
2023-11-02 23:00:00,0.0,40.05
2023-11-03 00:00:00,0.0,45.35
2023-11-03 01:00:00,0.0,55.79
2023-11-03 02:00:00,0.0,34.48
2023-11-03 03:00:00,0.0,40.22
2023-11-03 04:00:00,0.0,50.76
2023-11-03 05:00:00,0.0,31.33
2023-11-03 06:00:00,0.0,58.85
2023-11-03 07:00:00,23.95,82.65
2023-11-03 08:00:00,85.8,128.25
2023-11-03 09:00:00,160.31,191.37
2023-11-03 10:00:00,248.1,292.44
2023-11-03 11:00:00,326.71,363.24
2023-11-03 12:00:00,357.9,393.34
2023-11-03 13:00:00,314.25,350.12
2023-11-03 14:00:00,273.06,318.56
2023-11-03 15:00:00,183.49,215.21
2023-11-03 16:00:00,86.03,145.04
2023-11-03 17:00:00,21.22,63.77
2023-11-03 18:00:00,0.0,34.4
2023-11-03 19:00:00,0.0,43.88
2023-11-03 20:00:00,0.0,34.73
2023-11-03 21:00:00,0.0,45.56
2023-11-03 22:00:00,0.0,57.68
2023-11-03 23:00:00,0.0,36.01
2023-11-04 00:00:00,0.0,33.22
2023-11-04 01:00:00,0.0,54.76
2023-11-04 02:00:00,0.0,43.81
2023-11-04 03:00:00,0.0,56.48
2023-11-04 04:00:00,0.0,39.18
2023-11-04 05:00:00,0.0,48.83
2023-11-04 06:00:00,0.0,35.15
2023-11-04 07:00:00,24.9,73.85
2023-11-04 08:00:00,93.16,128.28
2023-11-04 09:00:00,172.37,206.24
2023-11-04 10:00:00,287.6,319.48
2023-11-04 11:00:00,296.34,353.28
2023-11-04 12:00:00,334.94,382.85
2023-11-04 13:00:00,311.59,361.05
2023-11-04 14:00:00,245.22,288.99
2023-11-04 15:00:00,176.03,216.04
2023-11-04 16:00:00,82.83,117.04
2023-11-04 17:00:00,24.44,59.49
2023-11-04 18:00:00,0.0,40.11
2023-11-04 19:00:00,0.0,43.63
2023-11-04 20:00:00,0.0,51.08
2023-11-04 21:00:00,0.0,42.84
2023-11-04 22:00:00,0.0,56.13
2023-11-04 23:00:00,0.0,50.39
2023-11-05 00:00:00,0.0,55.15
2023-11-05 01:00:00,0.0,51.49
2023-11-05 02:00:00,0.0,34.46
2023-11-05 03:00:00,0.0,59.34
2023-11-05 04:00:00,0.0,53.6
2023-11-05 05:00:00,0.0,47.18
2023-11-05 06:00:00,0.0,35.18
2023-11-05 07:00:00,23.98,66.47
2023-11-05 08:00:00,90.64,131.81
2023-11-05 09:00:00,175.27,210.91
2023-11-05 10:00:00,243.17,275.44
2023-11-05 11:00:00,348.13,394.79
2023-11-05 12:00:00,382.51,434.99
2023-11-05 13:00:00,344.64,389.91
2023-11-05 14:00:00,279.61,337.87
2023-11-05 15:00:00,182.96,216.13
2023-11-05 16:00:00,90.18,123.79
2023-11-05 17:00:00,21.33,72.12
2023-11-05 18:00:00,0.0,34.77
2023-11-05 19:00:00,0.0,32.22
2023-11-05 20:00:00,0.0,56.6
2023-11-05 21:00:00,0.0,33.97
2023-11-05 22:00:00,0.0,31.05
2023-11-05 23:00:00,0.0,51.63
2023-11-06 00:00:00,0.0,55.43
2023-11-06 01:00:00,0.0,45.43
2023-11-06 02:00:00,0.0,46.2
2023-11-06 03:00:00,0.0,40.11
2023-11-06 04:00:00,0.0,37.15
2023-11-06 05:00:00,0.0,52.66
2023-11-06 06:00:00,0.0,39.64
2023-11-06 07:00:00,22.3,60.33
2023-11-06 08:00:00,79.13,117.56
2023-11-06 09:00:00,157.34,210.99
2023-11-06 10:00:00,248.73,299.43
2023-11-06 11:00:00,329.15,384.27
2023-11-06 12:00:00,383.48,424.5
2023-11-06 13:00:00,297.91,350.4
2023-11-06 14:00:00,235.78,272.47
2023-11-06 15:00:00,158.36,215.3
2023-11-06 16:00:00,78.3,123.08
2023-11-06 17:00:00,23.04,72.62
2023-11-06 18:00:00,0.0,56.21
2023-11-06 19:00:00,0.0,52.03
2023-11-06 20:00:00,0.0,42.97
2023-11-06 21:00:00,0.0,40.74
2023-11-06 22:00:00,0.0,54.48
2023-11-06 23:00:00,0.0,52.71
2023-11-07 00:00:00,0.0,41.97
2023-11-07 01:00:00,0.0,40.24
2023-11-07 02:00:00,0.0,31.17
2023-11-07 03:00:00,0.0,32.45
2023-11-07 04:00:00,0.0,31.62
2023-11-07 05:00:00,0.0,30.73
2023-11-07 06:00:00,0.0,55.71
2023-11-07 07:00:00,24.89,80.26
2023-11-07 08:00:00,89.68,138.4
2023-11-07 09:00:00,160.96,211.93
2023-11-07 10:00:00,250.06,295.64
2023-11-07 11:00:00,357.41,413.53
2023-11-07 12:00:00,329.96,382.06
2023-11-07 13:00:00,298.99,329.79
2023-11-07 14:00:00,236.16,271.27
2023-11-07 15:00:00,181.97,222.87
2023-11-07 16:00:00,78.49,138.13
2023-11-07 17:00:00,23.58,65.4
2023-11-07 18:00:00,0.0,45.6
2023-11-07 19:00:00,0.0,44.11
2023-11-07 20:00:00,0.0,48.39
2023-11-07 21:00:00,0.0,56.57
2023-11-07 22:00:00,0.0,39.05
2023-11-07 23:00:00,0.0,44.61
2023-11-08 00:00:00,0.0,30.11
2023-11-08 01:00:00,0.0,55.79
2023-11-08 02:00:00,0.0,39.18
2023-11-08 03:00:00,0.0,38.14
2023-11-08 04:00:00,0.0,59.93
2023-11-08 05:00:00,0.0,47.53
2023-11-08 06:00:00,0.0,37.97
2023-11-08 07:00:00,22.7,82.28
2023-11-08 08:00:00,86.12,123.02
2023-11-08 09:00:00,177.37,219.51
2023-11-08 10:00:00,237.63,293.46
2023-11-08 11:00:00,292.92,349.87
2023-11-08 12:00:00,371.08,403.35
2023-11-08 13:00:00,341.54,394.67
2023-11-08 14:00:00,267.85,315.18
2023-11-08 15:00:00,158.23,190.01
2023-11-08 16:00:00,91.58,124.75
2023-11-08 17:00:00,22.15,67.12
2023-11-08 18:00:00,0.0,53.7
2023-11-08 19:00:00,0.0,54.22
2023-11-08 20:00:00,0.0,55.26
2023-11-08 21:00:00,0.0,31.49
2023-11-08 22:00:00,0.0,42.84
2023-11-08 23:00:00,0.0,55.41
2023-11-09 00:00:00,0.0,40.9
2023-11-09 01:00:00,0.0,50.87
2023-11-09 02:00:00,0.0,47.68
2023-11-09 03:00:00,0.0,40.42
2023-11-09 04:00:00,0.0,38.29
2023-11-09 05:00:00,0.0,49.58
2023-11-09 06:00:00,0.0,55.8
2023-11-09 07:00:00,23.8,57.15
2023-11-09 08:00:00,91.14,134.07
2023-11-09 09:00:00,163.91,222.74
2023-11-09 10:00:00,274.32,322.11
2023-11-09 11:00:00,350.14,396.46
2023-11-09 12:00:00,345.29,380.97
2023-11-09 13:00:00,302.38,345.34
2023-11-09 14:00:00,259.77,311.77
2023-11-09 15:00:00,172.67,220.46
2023-11-09 16:00:00,93.52,153.32
2023-11-09 17:00:00,22.54,79.6
2023-11-09 18:00:00,0.0,32.04
2023-11-09 19:00:00,0.0,40.02
2023-11-09 20:00:00,0.0,36.57
2023-11-09 21:00:00,0.0,49.93
2023-11-09 22:00:00,0.0,46.66
2023-11-09 23:00:00,0.0,44.85
2023-11-10 00:00:00,0.0,52.91
2023-11-10 01:00:00,0.0,40.0
2023-11-10 02:00:00,0.0,41.48
2023-11-10 03:00:00,0.0,55.97
2023-11-10 04:00:00,0.0,59.17
2023-11-10 05:00:00,0.0,53.29
2023-11-10 06:00:00,0.0,33.38
2023-11-10 07:00:00,21.99,64.67
2023-11-10 08:00:00,82.56,139.59
2023-11-10 09:00:00,181.08,223.58
2023-11-10 10:00:00,249.71,291.13
2023-11-10 11:00:00,324.54,375.95
2023-11-10 12:00:00,319.38,374.84
2023-11-10 13:00:00,300.61,338.48
2023-11-10 14:00:00,289.45,325.16
2023-11-10 15:00:00,160.12,209.27
2023-11-10 16:00:00,85.43,118.19
2023-11-10 17:00:00,20.97,53.34
2023-11-10 18:00:00,0.0,36.93
2023-11-10 19:00:00,0.0,53.33
2023-11-10 20:00:00,0.0,55.73
2023-11-10 21:00:00,0.0,34.34
2023-11-10 22:00:00,0.0,40.11
2023-11-10 23:00:00,0.0,34.4
2023-11-11 00:00:00,0.0,38.6
2023-11-11 01:00:00,0.0,37.18
2023-11-11 02:00:00,0.0,53.61
2023-11-11 03:00:00,0.0,40.36
2023-11-11 04:00:00,0.0,44.87
2023-11-11 05:00:00,0.0,50.22
2023-11-11 06:00:00,0.0,39.04
2023-11-11 07:00:00,21.99,81.34
2023-11-11 08:00:00,84.09,134.22
2023-11-11 09:00:00,181.34,226.76
2023-11-11 10:00:00,247.21,281.45
2023-11-11 11:00:00,325.29,370.62
2023-11-11 12:00:00,369.72,421.02
2023-11-11 13:00:00,354.48,413.61
2023-11-11 14:00:00,274.78,307.08
2023-11-11 15:00:00,171.31,219.57
2023-11-11 16:00:00,89.06,124.5
2023-11-11 17:00:00,23.83,64.32
2023-11-11 18:00:00,0.0,55.02
2023-11-11 19:00:00,0.0,42.66
2023-11-11 20:00:00,0.0,45.82
2023-11-11 21:00:00,0.0,46.89
2023-11-11 22:00:00,0.0,46.89
2023-11-11 23:00:00,0.0,36.39
2023-11-12 00:00:00,0.0,47.98
2023-11-12 01:00:00,0.0,40.04
2023-11-12 02:00:00,0.0,49.65
2023-11-12 03:00:00,0.0,34.37
2023-11-12 04:00:00,0.0,59.82
2023-11-12 05:00:00,0.0,53.16
2023-11-12 06:00:00,0.0,39.04
2023-11-12 07:00:00,22.87,74.51
2023-11-12 08:00:00,90.26,141.32
2023-11-12 09:00:00,189.12,232.81
2023-11-12 10:00:00,271.56,314.81
2023-11-12 11:00:00,335.66,379.9
2023-11-12 12:00:00,369.96,400.12
2023-11-12 13:00:00,306.66,345.55
2023-11-12 14:00:00,286.79,332.0
2023-11-12 15:00:00,169.81,211.94
2023-11-12 16:00:00,86.51,142.54
2023-11-12 17:00:00,25.7,81.02
2023-11-12 18:00:00,0.0,35.97
2023-11-12 19:00:00,0.0,38.06
2023-11-12 20:00:00,0.0,47.88
2023-11-12 21:00:00,0.0,49.68
2023-11-12 22:00:00,0.0,36.08
2023-11-12 23:00:00,0.0,52.39
2023-11-13 00:00:00,0.0,36.0
2023-11-13 01:00:00,0.0,37.89
2023-11-13 02:00:00,0.0,39.2
2023-11-13 03:00:00,0.0,55.38
2023-11-13 04:00:00,0.0,51.96
2023-11-13 05:00:00,0.0,45.92
2023-11-13 06:00:00,0.0,54.39
2023-11-13 07:00:00,22.88,76.32
2023-11-13 08:00:00,81.99,127.09
2023-11-13 09:00:00,160.75,203.55
2023-11-13 10:00:00,263.32,295.72
2023-11-13 11:00:00,323.61,373.16
2023-11-13 12:00:00,358.0,389.63
2023-11-13 13:00:00,298.39,338.93
2023-11-13 14:00:00,281.12,337.21
2023-11-13 15:00:00,167.79,219.36
2023-11-13 16:00:00,88.82,148.32
2023-11-13 17:00:00,21.42,67.86
2023-11-13 18:00:00,0.0,39.23
2023-11-13 19:00:00,0.0,31.41
2023-11-13 20:00:00,0.0,31.56
2023-11-13 21:00:00,0.0,43.61
2023-11-13 22:00:00,0.0,50.77
2023-11-13 23:00:00,0.0,51.01
2023-11-14 00:00:00,0.0,35.43
2023-11-14 01:00:00,0.0,55.74
2023-11-14 02:00:00,0.0,41.31
2023-11-14 03:00:00,0.0,58.93
2023-11-14 04:00:00,0.0,33.54
2023-11-14 05:00:00,0.0,55.09
2023-11-14 06:00:00,0.0,54.68
2023-11-14 07:00:00,24.94,65.78
2023-11-14 08:00:00,91.33,138.71
2023-11-14 09:00:00,172.02,231.81
2023-11-14 10:00:00,250.63,293.02
2023-11-14 11:00:00,353.85,392.52
2023-11-14 12:00:00,324.04,363.34
2023-11-14 13:00:00,343.99,399.79
2023-11-14 14:00:00,240.92,289.57
2023-11-14 15:00:00,177.28,227.34
2023-11-14 16:00:00,90.55,149.33
2023-11-14 17:00:00,22.66,61.65
2023-11-14 18:00:00,0.0,42.88
2023-11-14 19:00:00,0.0,44.21
2023-11-14 20:00:00,0.0,32.08
2023-11-14 21:00:00,0.0,34.45
2023-11-14 22:00:00,0.0,58.06
2023-11-14 23:00:00,0.0,32.05
2023-11-15 00:00:00,0.0,47.7
2023-11-15 01:00:00,0.0,52.64
2023-11-15 02:00:00,0.0,30.36
2023-11-15 03:00:00,0.0,36.68
2023-11-15 04:00:00,0.0,41.31
2023-11-15 05:00:00,0.0,45.2
2023-11-15 06:00:00,0.0,49.47
2023-11-15 07:00:00,22.07,52.83
2023-11-15 08:00:00,78.23,118.6
2023-11-15 09:00:00,169.71,228.17
2023-11-15 10:00:00,237.07,282.97
2023-11-15 11:00:00,331.52,382.5
2023-11-15 12:00:00,359.81,390.05
2023-11-15 13:00:00,335.24,374.91
2023-11-15 14:00:00,277.26,312.91
2023-11-15 15:00:00,182.76,231.52
2023-11-15 16:00:00,90.2,125.48
2023-11-15 17:00:00,24.25,76.36
2023-11-15 18:00:00,0.0,40.21
2023-11-15 19:00:00,0.0,35.0
2023-11-15 20:00:00,0.0,38.7
2023-11-15 21:00:00,0.0,52.91
2023-11-15 22:00:00,0.0,42.28
2023-11-15 23:00:00,0.0,51.08
2023-11-16 00:00:00,0.0,52.2
2023-11-16 01:00:00,0.0,50.23
2023-11-16 02:00:00,0.0,50.21
2023-11-16 03:00:00,0.0,48.32
2023-11-16 04:00:00,0.0,45.55
2023-11-16 05:00:00,0.0,35.93
2023-11-16 06:00:00,0.0,58.93
2023-11-16 07:00:00,23.25,81.25
2023-11-16 08:00:00,96.56,141.15
2023-11-16 09:00:00,183.06,232.37
2023-11-16 10:00:00,247.7,279.11
2023-11-16 11:00:00,322.98,376.6
2023-11-16 12:00:00,336.73,390.26
2023-11-16 13:00:00,336.81,387.68
2023-11-16 14:00:00,250.37,294.47
2023-11-16 15:00:00,163.09,200.49
2023-11-16 16:00:00,79.85,113.65
2023-11-16 17:00:00,21.99,69.4
2023-11-16 18:00:00,0.0,38.01
2023-11-16 19:00:00,0.0,55.83
2023-11-16 20:00:00,0.0,45.75
2023-11-16 21:00:00,0.0,57.69
2023-11-16 22:00:00,0.0,49.05
2023-11-16 23:00:00,0.0,30.47
2023-11-17 00:00:00,0.0,57.4
2023-11-17 01:00:00,0.0,55.72
2023-11-17 02:00:00,0.0,49.06
2023-11-17 03:00:00,0.0,46.04
2023-11-17 04:00:00,0.0,43.59
2023-11-17 05:00:00,0.0,44.47
2023-11-17 06:00:00,0.0,45.39
2023-11-17 07:00:00,21.82,53.57
2023-11-17 08:00:00,80.52,118.06
2023-11-17 09:00:00,169.93,226.7
2023-11-17 10:00:00,247.8,287.39
2023-11-17 11:00:00,307.16,353.53
2023-11-17 12:00:00,358.22,404.18
2023-11-17 13:00:00,357.21,417.07
2023-11-17 14:00:00,280.82,334.98
2023-11-17 15:00:00,169.87,217.26
2023-11-17 16:00:00,84.67,138.2
2023-11-17 17:00:00,21.8,58.3
2023-11-17 18:00:00,0.0,48.27
2023-11-17 19:00:00,0.0,50.66
2023-11-17 20:00:00,0.0,30.1
2023-11-17 21:00:00,0.0,45.32
2023-11-17 22:00:00,0.0,41.31
2023-11-17 23:00:00,0.0,53.77
2023-11-18 00:00:00,0.0,31.17
2023-11-18 01:00:00,0.0,31.46
2023-11-18 02:00:00,0.0,48.61
2023-11-18 03:00:00,0.0,47.75
2023-11-18 04:00:00,0.0,54.93
2023-11-18 05:00:00,0.0,47.77
2023-11-18 06:00:00,0.0,39.43
2023-11-18 07:00:00,22.92,82.25
2023-11-18 08:00:00,80.18,134.06
2023-11-18 09:00:00,156.83,201.43
2023-11-18 10:00:00,243.07,291.04
2023-11-18 11:00:00,346.66,377.65
2023-11-18 12:00:00,324.85,365.13
2023-11-18 13:00:00,309.41,350.91
2023-11-18 14:00:00,287.14,320.18
2023-11-18 15:00:00,171.98,215.69
2023-11-18 16:00:00,83.36,121.72
2023-11-18 17:00:00,24.48,73.02
2023-11-18 18:00:00,0.0,42.15
2023-11-18 19:00:00,0.0,48.2
2023-11-18 20:00:00,0.0,56.81
2023-11-18 21:00:00,0.0,55.54
2023-11-18 22:00:00,0.0,57.6
2023-11-18 23:00:00,0.0,38.07
2023-11-19 00:00:00,0.0,59.56
2023-11-19 01:00:00,0.0,54.49
2023-11-19 02:00:00,0.0,53.84
2023-11-19 03:00:00,0.0,50.03
2023-11-19 04:00:00,0.0,59.5
2023-11-19 05:00:00,0.0,43.25
2023-11-19 06:00:00,0.0,50.96
2023-11-19 07:00:00,24.56,77.1
2023-11-19 08:00:00,81.71,122.18
2023-11-19 09:00:00,170.83,223.27
2023-11-19 10:00:00,274.14,329.14
2023-11-19 11:00:00,345.99,393.87
2023-11-19 12:00:00,323.1,372.16
2023-11-19 13:00:00,352.76,402.06
2023-11-19 14:00:00,284.04,344.01
2023-11-19 15:00:00,169.62,221.32
2023-11-19 16:00:00,88.14,131.79
2023-11-19 17:00:00,22.14,59.52
2023-11-19 18:00:00,0.0,48.94
2023-11-19 19:00:00,0.0,34.26
2023-11-19 20:00:00,0.0,42.94
2023-11-19 21:00:00,0.0,45.7
2023-11-19 22:00:00,0.0,43.15
2023-11-19 23:00:00,0.0,55.65
2023-11-20 00:00:00,0.0,43.3
2023-11-20 01:00:00,0.0,32.48
2023-11-20 02:00:00,0.0,59.77
2023-11-20 03:00:00,0.0,55.35
2023-11-20 04:00:00,0.0,49.8
2023-11-20 05:00:00,0.0,52.69
2023-11-20 06:00:00,0.0,52.98
2023-11-20 07:00:00,21.98,66.65
2023-11-20 08:00:00,81.47,134.08
2023-11-20 09:00:00,165.45,203.05
2023-11-20 10:00:00,240.63,292.25
2023-11-20 11:00:00,312.16,357.71
2023-11-20 12:00:00,337.25,390.49
2023-11-20 13:00:00,307.4,365.63
2023-11-20 14:00:00,252.34,285.46
2023-11-20 15:00:00,165.24,197.46
2023-11-20 16:00:00,86.82,124.33
2023-11-20 17:00:00,25.32,70.83
2023-11-20 18:00:00,0.0,43.54
2023-11-20 19:00:00,0.0,35.88
2023-11-20 20:00:00,0.0,35.36
2023-11-20 21:00:00,0.0,39.02
2023-11-20 22:00:00,0.0,33.25
2023-11-20 23:00:00,0.0,35.66
2023-11-21 00:00:00,0.0,58.14
2023-11-21 01:00:00,0.0,50.0
2023-11-21 02:00:00,0.0,57.63
2023-11-21 03:00:00,0.0,37.71
2023-11-21 04:00:00,0.0,55.71
2023-11-21 05:00:00,0.0,40.87
2023-11-21 06:00:00,0.0,54.14
2023-11-21 07:00:00,21.25,63.4
2023-11-21 08:00:00,93.28,141.8
2023-11-21 09:00:00,175.46,216.07
2023-11-21 10:00:00,238.74,298.47
2023-11-21 11:00:00,303.85,341.51
2023-11-21 12:00:00,330.16,387.4
2023-11-21 13:00:00,344.29,388.01
2023-11-21 14:00:00,287.34,318.92
2023-11-21 15:00:00,189.29,221.1
2023-11-21 16:00:00,85.4,117.02
2023-11-21 17:00:00,25.88,83.31
2023-11-21 18:00:00,0.0,36.54
2023-11-21 19:00:00,0.0,38.3
2023-11-21 20:00:00,0.0,43.49
2023-11-21 21:00:00,0.0,39.68
2023-11-21 22:00:00,0.0,30.64
2023-11-21 23:00:00,0.0,49.69
2023-11-22 00:00:00,0.0,48.4
2023-11-22 01:00:00,0.0,57.13
2023-11-22 02:00:00,0.0,44.31
2023-11-22 03:00:00,0.0,40.34
2023-11-22 04:00:00,0.0,45.35
2023-11-22 05:00:00,0.0,35.84
2023-11-22 06:00:00,0.0,53.1
2023-11-22 07:00:00,21.71,61.26
2023-11-22 08:00:00,94.17,139.34
2023-11-22 09:00:00,175.97,227.64
2023-11-22 10:00:00,266.5,298.59
2023-11-22 11:00:00,347.05,404.74
2023-11-22 12:00:00,316.72,350.36
2023-11-22 13:00:00,340.05,388.18
2023-11-22 14:00:00,255.71,301.89
2023-11-22 15:00:00,182.28,227.41
2023-11-22 16:00:00,80.78,113.46
2023-11-22 17:00:00,23.12,80.81
2023-11-22 18:00:00,0.0,40.75
2023-11-22 19:00:00,0.0,57.26
2023-11-22 20:00:00,0.0,41.66
2023-11-22 21:00:00,0.0,45.27
2023-11-22 22:00:00,0.0,33.49
2023-11-22 23:00:00,0.0,52.12
2023-11-23 00:00:00,0.0,51.01
2023-11-23 01:00:00,0.0,53.83
2023-11-23 02:00:00,0.0,39.76
2023-11-23 03:00:00,0.0,43.08
2023-11-23 04:00:00,0.0,35.05
2023-11-23 05:00:00,0.0,58.94
2023-11-23 06:00:00,0.0,49.47
2023-11-23 07:00:00,24.43,59.16
2023-11-23 08:00:00,84.92,116.21
2023-11-23 09:00:00,176.88,236.73
2023-11-23 10:00:00,258.33,318.03
2023-11-23 11:00:00,300.51,342.28
2023-11-23 12:00:00,379.18,435.48
2023-11-23 13:00:00,314.07,364.43
2023-11-23 14:00:00,283.52,336.53
2023-11-23 15:00:00,179.53,214.11
2023-11-23 16:00:00,79.54,127.98
2023-11-23 17:00:00,23.42,60.56
2023-11-23 18:00:00,0.0,41.76
2023-11-23 19:00:00,0.0,44.87
2023-11-23 20:00:00,0.0,41.71
2023-11-23 21:00:00,0.0,41.62
2023-11-23 22:00:00,0.0,33.47
2023-11-23 23:00:00,0.0,55.97
2023-11-24 00:00:00,0.0,48.27
2023-11-24 01:00:00,0.0,34.38
2023-11-24 02:00:00,0.0,42.72
2023-11-24 03:00:00,0.0,42.5
2023-11-24 04:00:00,0.0,48.02
2023-11-24 05:00:00,0.0,48.27
2023-11-24 06:00:00,0.0,50.94
2023-11-24 07:00:00,21.46,60.61
2023-11-24 08:00:00,78.52,122.16
2023-11-24 09:00:00,172.2,224.23
2023-11-24 10:00:00,243.82,292.76
2023-11-24 11:00:00,312.91,354.37
2023-11-24 12:00:00,365.74,397.89
2023-11-24 13:00:00,315.39,357.13
2023-11-24 14:00:00,274.11,310.09
2023-11-24 15:00:00,191.26,251.19
2023-11-24 16:00:00,93.27,132.26
2023-11-24 17:00:00,24.23,56.72
2023-11-24 18:00:00,0.0,45.48
2023-11-24 19:00:00,0.0,35.29
2023-11-24 20:00:00,0.0,39.82
2023-11-24 21:00:00,0.0,54.02
2023-11-24 22:00:00,0.0,56.11
2023-11-24 23:00:00,0.0,45.59
2023-11-25 00:00:00,0.0,44.41
2023-11-25 01:00:00,0.0,52.52
2023-11-25 02:00:00,0.0,54.79
2023-11-25 03:00:00,0.0,52.95
2023-11-25 04:00:00,0.0,41.53
2023-11-25 05:00:00,0.0,49.26
2023-11-25 06:00:00,0.0,34.55
2023-11-25 07:00:00,22.87,54.57
2023-11-25 08:00:00,85.72,138.89
2023-11-25 09:00:00,163.65,209.91
2023-11-25 10:00:00,236.62,293.55
2023-11-25 11:00:00,348.16,393.89
2023-11-25 12:00:00,364.75,397.87
2023-11-25 13:00:00,349.89,401.35
2023-11-25 14:00:00,241.22,300.64
2023-11-25 15:00:00,157.23,206.09
2023-11-25 16:00:00,81.36,132.94
2023-11-25 17:00:00,21.3,53.73
2023-11-25 18:00:00,0.0,59.82
2023-11-25 19:00:00,0.0,38.3
2023-11-25 20:00:00,0.0,48.38
2023-11-25 21:00:00,0.0,45.56
2023-11-25 22:00:00,0.0,55.26
2023-11-25 23:00:00,0.0,38.66
2023-11-26 00:00:00,0.0,46.65
2023-11-26 01:00:00,0.0,58.52
2023-11-26 02:00:00,0.0,39.98
2023-11-26 03:00:00,0.0,43.18
2023-11-26 04:00:00,0.0,56.66
2023-11-26 05:00:00,0.0,39.97
2023-11-26 06:00:00,0.0,39.12
2023-11-26 07:00:00,24.94,82.85
2023-11-26 08:00:00,89.81,138.52
2023-11-26 09:00:00,170.75,201.12
2023-11-26 10:00:00,244.2,278.62
2023-11-26 11:00:00,299.8,349.42
2023-11-26 12:00:00,322.84,355.41
2023-11-26 13:00:00,318.12,355.59
2023-11-26 14:00:00,242.65,277.03
2023-11-26 15:00:00,165.83,211.94
2023-11-26 16:00:00,92.15,147.73
2023-11-26 17:00:00,24.66,73.51
2023-11-26 18:00:00,0.0,45.59
2023-11-26 19:00:00,0.0,49.0
2023-11-26 20:00:00,0.0,42.35
2023-11-26 21:00:00,0.0,39.82
2023-11-26 22:00:00,0.0,39.95
2023-11-26 23:00:00,0.0,34.45
2023-11-27 00:00:00,0.0,53.9
2023-11-27 01:00:00,0.0,31.66
2023-11-27 02:00:00,0.0,50.24
2023-11-27 03:00:00,0.0,55.93
2023-11-27 04:00:00,0.0,44.92
2023-11-27 05:00:00,0.0,32.11
2023-11-27 06:00:00,0.0,40.3
2023-11-27 07:00:00,25.81,76.55
2023-11-27 08:00:00,91.47,136.94
2023-11-27 09:00:00,182.51,234.19
2023-11-27 10:00:00,238.26,274.94
2023-11-27 11:00:00,292.74,338.03
2023-11-27 12:00:00,377.26,425.55
2023-11-27 13:00:00,326.2,383.98
2023-11-27 14:00:00,244.11,276.35
2023-11-27 15:00:00,190.16,247.24
2023-11-27 16:00:00,90.77,128.15
2023-11-27 17:00:00,25.73,78.69
2023-11-27 18:00:00,0.0,36.69
2023-11-27 19:00:00,0.0,45.39
2023-11-27 20:00:00,0.0,54.68
2023-11-27 21:00:00,0.0,55.81
2023-11-27 22:00:00,0.0,46.84
2023-11-27 23:00:00,0.0,45.68
2023-11-28 00:00:00,0.0,50.93
2023-11-28 01:00:00,0.0,45.85
2023-11-28 02:00:00,0.0,42.53
2023-11-28 03:00:00,0.0,32.56
2023-11-28 04:00:00,0.0,33.78
2023-11-28 05:00:00,0.0,52.81
2023-11-28 06:00:00,0.0,31.57
2023-11-28 07:00:00,25.41,76.53
2023-11-28 08:00:00,78.28,117.64
2023-11-28 09:00:00,184.49,227.02
2023-11-28 10:00:00,260.48,304.24
2023-11-28 11:00:00,305.73,357.37
2023-11-28 12:00:00,320.38,365.6
2023-11-28 13:00:00,303.52,334.92
2023-11-28 14:00:00,242.51,298.59
2023-11-28 15:00:00,162.88,201.23
2023-11-28 16:00:00,80.74,132.81
2023-11-28 17:00:00,23.15,81.46
2023-11-28 18:00:00,0.0,45.94
2023-11-28 19:00:00,0.0,49.7
2023-11-28 20:00:00,0.0,31.21
2023-11-28 21:00:00,0.0,58.52
2023-11-28 22:00:00,0.0,58.69
2023-11-28 23:00:00,0.0,38.28
2023-11-29 00:00:00,0.0,48.85
2023-11-29 01:00:00,0.0,36.06
2023-11-29 02:00:00,0.0,46.42
2023-11-29 03:00:00,0.0,53.12
2023-11-29 04:00:00,0.0,58.19
2023-11-29 05:00:00,0.0,40.18
2023-11-29 06:00:00,0.0,51.49
2023-11-29 07:00:00,22.04,70.91
2023-11-29 08:00:00,90.26,143.18
2023-11-29 09:00:00,193.2,224.41
2023-11-29 10:00:00,245.77,280.12
2023-11-29 11:00:00,302.45,346.08
2023-11-29 12:00:00,377.46,420.92
2023-11-29 13:00:00,337.75,379.04
2023-11-29 14:00:00,252.25,307.28
2023-11-29 15:00:00,180.52,221.05
2023-11-29 16:00:00,95.02,139.98
2023-11-29 17:00:00,21.88,66.38
2023-11-29 18:00:00,0.0,41.01
2023-11-29 19:00:00,0.0,55.31
2023-11-29 20:00:00,0.0,45.99
2023-11-29 21:00:00,0.0,44.03
2023-11-29 22:00:00,0.0,55.76
2023-11-29 23:00:00,0.0,43.89
2023-11-30 00:00:00,0.0,42.43
2023-11-30 01:00:00,0.0,33.11
2023-11-30 02:00:00,0.0,40.87
2023-11-30 03:00:00,0.0,41.91
2023-11-30 04:00:00,0.0,35.42
2023-11-30 05:00:00,0.0,47.63
2023-11-30 06:00:00,0.0,36.71
2023-11-30 07:00:00,23.72,61.79
2023-11-30 08:00:00,89.97,140.69
2023-11-30 09:00:00,167.49,200.11
2023-11-30 10:00:00,261.62,294.41
2023-11-30 11:00:00,327.23,379.02
2023-11-30 12:00:00,358.46,401.91
2023-11-30 13:00:00,356.8,389.85
2023-11-30 14:00:00,283.18,337.18
2023-11-30 15:00:00,171.85,206.44
2023-11-30 16:00:00,81.07,138.72
2023-11-30 17:00:00,22.11,78.33
2023-11-30 18:00:00,0.0,43.85
2023-11-30 19:00:00,0.0,48.59
2023-11-30 20:00:00,0.0,36.45
2023-11-30 21:00:00,0.0,42.85
2023-11-30 22:00:00,0.0,58.15
2023-11-30 23:00:00,0.0,37.15
2023-12-01 00:00:00,0.0,57.65
2023-12-01 01:00:00,0.0,59.83
2023-12-01 02:00:00,0.0,31.56
2023-12-01 03:00:00,0.0,45.94
2023-12-01 04:00:00,0.0,35.15
2023-12-01 05:00:00,0.0,48.65
2023-12-01 06:00:00,0.0,56.91
2023-12-01 07:00:00,25.51,61.91
2023-12-01 08:00:00,88.18,125.22
2023-12-01 09:00:00,189.5,225.23
2023-12-01 10:00:00,243.1,273.46
2023-12-01 11:00:00,304.34,340.03
2023-12-01 12:00:00,318.5,374.53
2023-12-01 13:00:00,345.41,383.04
2023-12-01 14:00:00,277.84,320.5
2023-12-01 15:00:00,184.94,224.63
2023-12-01 16:00:00,88.59,130.04
2023-12-01 17:00:00,21.88,69.45
2023-12-01 18:00:00,0.0,52.59
2023-12-01 19:00:00,0.0,40.69
2023-12-01 20:00:00,0.0,45.56
2023-12-01 21:00:00,0.0,52.91
2023-12-01 22:00:00,0.0,31.63
2023-12-01 23:00:00,0.0,32.16
2023-12-02 00:00:00,0.0,41.29
2023-12-02 01:00:00,0.0,36.7
2023-12-02 02:00:00,0.0,41.24
2023-12-02 03:00:00,0.0,32.81
2023-12-02 04:00:00,0.0,47.76
2023-12-02 05:00:00,0.0,50.15
2023-12-02 06:00:00,0.0,49.52
2023-12-02 07:00:00,22.91,80.96
2023-12-02 08:00:00,91.56,137.39
2023-12-02 09:00:00,164.01,213.48
2023-12-02 10:00:00,267.26,317.76
2023-12-02 11:00:00,345.49,402.94
2023-12-02 12:00:00,382.65,431.56
2023-12-02 13:00:00,358.18,415.52
2023-12-02 14:00:00,234.74,283.87
2023-12-02 15:00:00,162.97,201.83
2023-12-02 16:00:00,83.67,128.16
2023-12-02 17:00:00,21.01,58.08
2023-12-02 18:00:00,0.0,49.52
2023-12-02 19:00:00,0.0,56.68
2023-12-02 20:00:00,0.0,59.93
2023-12-02 21:00:00,0.0,43.46
2023-12-02 22:00:00,0.0,37.8
2023-12-02 23:00:00,0.0,55.59
2023-12-03 00:00:00,0.0,33.39
2023-12-03 01:00:00,0.0,59.23
2023-12-03 02:00:00,0.0,51.45
2023-12-03 03:00:00,0.0,45.12
2023-12-03 04:00:00,0.0,32.9
2023-12-03 05:00:00,0.0,30.55
2023-12-03 06:00:00,0.0,42.42
2023-12-03 07:00:00,25.11,74.38
2023-12-03 08:00:00,86.15,122.93
2023-12-03 09:00:00,174.08,208.97
2023-12-03 10:00:00,271.42,319.59
2023-12-03 11:00:00,347.47,390.96
2023-12-03 12:00:00,333.31,388.4
2023-12-03 13:00:00,339.3,390.5
2023-12-03 14:00:00,263.75,320.03
2023-12-03 15:00:00,164.78,206.83
2023-12-03 16:00:00,92.85,126.84
2023-12-03 17:00:00,24.94,65.52
2023-12-03 18:00:00,0.0,32.37
2023-12-03 19:00:00,0.0,55.29
2023-12-03 20:00:00,0.0,53.36
2023-12-03 21:00:00,0.0,38.64
2023-12-03 22:00:00,0.0,33.49
2023-12-03 23:00:00,0.0,37.42
2023-12-04 00:00:00,0.0,36.39
2023-12-04 01:00:00,0.0,51.99
2023-12-04 02:00:00,0.0,36.47
2023-12-04 03:00:00,0.0,36.48
2023-12-04 04:00:00,0.0,30.97
2023-12-04 05:00:00,0.0,47.91
2023-12-04 06:00:00,0.0,49.6
2023-12-04 07:00:00,23.76,82.74
2023-12-04 08:00:00,86.9,142.7
2023-12-04 09:00:00,180.17,212.69
2023-12-04 10:00:00,279.32,326.85
2023-12-04 11:00:00,336.72,372.13
2023-12-04 12:00:00,345.0,401.42
2023-12-04 13:00:00,306.64,336.64
2023-12-04 14:00:00,248.81,293.44
2023-12-04 15:00:00,186.62,235.92
2023-12-04 16:00:00,95.11,138.78
2023-12-04 17:00:00,22.88,59.82
2023-12-04 18:00:00,0.0,52.08
2023-12-04 19:00:00,0.0,32.41
2023-12-04 20:00:00,0.0,37.28
2023-12-04 21:00:00,0.0,56.58
2023-12-04 22:00:00,0.0,47.31
2023-12-04 23:00:00,0.0,31.4
2023-12-05 00:00:00,0.0,51.13
2023-12-05 01:00:00,0.0,45.2
2023-12-05 02:00:00,0.0,55.64
2023-12-05 03:00:00,0.0,50.47
2023-12-05 04:00:00,0.0,30.13
2023-12-05 05:00:00,0.0,36.17
2023-12-05 06:00:00,0.0,51.07
2023-12-05 07:00:00,23.46,75.88
2023-12-05 08:00:00,87.64,127.46
2023-12-05 09:00:00,160.21,196.29
2023-12-05 10:00:00,256.72,303.26
2023-12-05 11:00:00,356.3,393.49
2023-12-05 12:00:00,361.82,396.4
2023-12-05 13:00:00,340.86,371.2
2023-12-05 14:00:00,270.81,305.71
2023-12-05 15:00:00,163.04,209.81
2023-12-05 16:00:00,85.11,129.25
2023-12-05 17:00:00,22.48,81.08
2023-12-05 18:00:00,0.0,46.26
2023-12-05 19:00:00,0.0,55.63
2023-12-05 20:00:00,0.0,49.93
2023-12-05 21:00:00,0.0,39.68
2023-12-05 22:00:00,0.0,46.57
2023-12-05 23:00:00,0.0,32.49
2023-12-06 00:00:00,0.0,46.37
2023-12-06 01:00:00,0.0,42.94
2023-12-06 02:00:00,0.0,52.74
2023-12-06 03:00:00,0.0,55.44
2023-12-06 04:00:00,0.0,35.99
2023-12-06 05:00:00,0.0,32.45
2023-12-06 06:00:00,0.0,46.02
2023-12-06 07:00:00,22.81,71.67
2023-12-06 08:00:00,87.5,145.6
2023-12-06 09:00:00,171.47,203.94
2023-12-06 10:00:00,251.27,299.45
2023-12-06 11:00:00,309.43,347.5
2023-12-06 12:00:00,337.79,390.17
2023-12-06 13:00:00,356.41,396.92
2023-12-06 14:00:00,245.39,288.01
2023-12-06 15:00:00,169.35,229.05
2023-12-06 16:00:00,86.74,137.12
2023-12-06 17:00:00,25.46,74.33
2023-12-06 18:00:00,0.0,48.22
2023-12-06 19:00:00,0.0,42.06
2023-12-06 20:00:00,0.0,42.67
2023-12-06 21:00:00,0.0,59.38
2023-12-06 22:00:00,0.0,38.36
2023-12-06 23:00:00,0.0,44.07
2023-12-07 00:00:00,0.0,34.8
2023-12-07 01:00:00,0.0,35.36
2023-12-07 02:00:00,0.0,48.1
2023-12-07 03:00:00,0.0,52.53
2023-12-07 04:00:00,0.0,49.09
2023-12-07 05:00:00,0.0,39.88
2023-12-07 06:00:00,0.0,44.11
2023-12-07 07:00:00,23.44,76.56
2023-12-07 08:00:00,89.98,146.12
2023-12-07 09:00:00,185.21,226.19
2023-12-07 10:00:00,269.5,321.92
2023-12-07 11:00:00,357.56,400.23
2023-12-07 12:00:00,360.51,402.29
2023-12-07 13:00:00,342.51,399.87
2023-12-07 14:00:00,285.34,320.05
2023-12-07 15:00:00,163.91,216.56
2023-12-07 16:00:00,89.81,146.96
2023-12-07 17:00:00,22.5,77.94
2023-12-07 18:00:00,0.0,35.86
2023-12-07 19:00:00,0.0,33.79
2023-12-07 20:00:00,0.0,51.08
2023-12-07 21:00:00,0.0,34.75
2023-12-07 22:00:00,0.0,53.83
2023-12-07 23:00:00,0.0,46.71
2023-12-08 00:00:00,0.0,44.31
2023-12-08 01:00:00,0.0,38.27
2023-12-08 02:00:00,0.0,59.52
2023-12-08 03:00:00,0.0,51.67
2023-12-08 04:00:00,0.0,53.34
2023-12-08 05:00:00,0.0,53.06
2023-12-08 06:00:00,0.0,58.19
2023-12-08 07:00:00,23.83,69.43
2023-12-08 08:00:00,83.24,121.69
2023-12-08 09:00:00,183.52,223.56
2023-12-08 10:00:00,274.82,333.4
2023-12-08 11:00:00,322.01,354.93
2023-12-08 12:00:00,361.86,392.15
2023-12-08 13:00:00,345.89,391.66
2023-12-08 14:00:00,261.63,308.71
2023-12-08 15:00:00,175.4,215.11
2023-12-08 16:00:00,83.38,125.84
2023-12-08 17:00:00,25.37,59.43
2023-12-08 18:00:00,0.0,35.77
2023-12-08 19:00:00,0.0,42.81
2023-12-08 20:00:00,0.0,34.0
2023-12-08 21:00:00,0.0,52.82
2023-12-08 22:00:00,0.0,33.1
2023-12-08 23:00:00,0.0,49.96
2023-12-09 00:00:00,0.0,38.03
2023-12-09 01:00:00,0.0,44.17
2023-12-09 02:00:00,0.0,36.0
2023-12-09 03:00:00,0.0,51.91
2023-12-09 04:00:00,0.0,58.45
2023-12-09 05:00:00,0.0,36.65
2023-12-09 06:00:00,0.0,39.76
2023-12-09 07:00:00,23.7,74.75
2023-12-09 08:00:00,81.87,125.21
2023-12-09 09:00:00,158.9,209.81
2023-12-09 10:00:00,257.6,314.35
2023-12-09 11:00:00,310.66,368.37
2023-12-09 12:00:00,323.18,371.39
2023-12-09 13:00:00,312.98,348.43
2023-12-09 14:00:00,239.79,289.46
2023-12-09 15:00:00,164.98,212.16
2023-12-09 16:00:00,96.22,135.7
2023-12-09 17:00:00,21.13,55.41
2023-12-09 18:00:00,0.0,43.9
2023-12-09 19:00:00,0.0,52.34
2023-12-09 20:00:00,0.0,38.89
2023-12-09 21:00:00,0.0,34.38
2023-12-09 22:00:00,0.0,49.22
2023-12-09 23:00:00,0.0,39.04
2023-12-10 00:00:00,0.0,47.26
2023-12-10 01:00:00,0.0,58.01
2023-12-10 02:00:00,0.0,38.74
2023-12-10 03:00:00,0.0,45.37
2023-12-10 04:00:00,0.0,54.2
2023-12-10 05:00:00,0.0,50.75
2023-12-10 06:00:00,0.0,53.18
2023-12-10 07:00:00,23.62,69.7
2023-12-10 08:00:00,91.43,142.36
2023-12-10 09:00:00,181.06,222.52
2023-12-10 10:00:00,280.34,317.43
2023-12-10 11:00:00,302.54,342.89
2023-12-10 12:00:00,331.48,381.38
2023-12-10 13:00:00,307.71,357.4
2023-12-10 14:00:00,262.93,297.5
2023-12-10 15:00:00,165.91,211.56
2023-12-10 16:00:00,91.69,133.64
2023-12-10 17:00:00,22.1,60.95
2023-12-10 18:00:00,0.0,30.75
2023-12-10 19:00:00,0.0,59.19
2023-12-10 20:00:00,0.0,32.89
2023-12-10 21:00:00,0.0,33.75
2023-12-10 22:00:00,0.0,56.13
2023-12-10 23:00:00,0.0,49.91
2023-12-11 00:00:00,0.0,43.08
2023-12-11 01:00:00,0.0,49.47
2023-12-11 02:00:00,0.0,58.05
2023-12-11 03:00:00,0.0,32.98
2023-12-11 04:00:00,0.0,37.31
2023-12-11 05:00:00,0.0,55.81
2023-12-11 06:00:00,0.0,59.83
2023-12-11 07:00:00,22.5,80.85
2023-12-11 08:00:00,84.52,135.97
2023-12-11 09:00:00,188.88,224.0
2023-12-11 10:00:00,245.95,293.38
2023-12-11 11:00:00,349.79,382.16
2023-12-11 12:00:00,375.42,415.71
2023-12-11 13:00:00,319.74,359.94
2023-12-11 14:00:00,284.91,318.83
2023-12-11 15:00:00,177.53,211.97
2023-12-11 16:00:00,95.29,149.23
2023-12-11 17:00:00,22.11,61.04
2023-12-11 18:00:00,0.0,42.16
2023-12-11 19:00:00,0.0,54.52
2023-12-11 20:00:00,0.0,46.94
2023-12-11 21:00:00,0.0,42.84
2023-12-11 22:00:00,0.0,51.58
2023-12-11 23:00:00,0.0,43.74
2023-12-12 00:00:00,0.0,33.85
2023-12-12 01:00:00,0.0,33.22
2023-12-12 02:00:00,0.0,39.78
2023-12-12 03:00:00,0.0,48.09
2023-12-12 04:00:00,0.0,34.05
2023-12-12 05:00:00,0.0,46.5
2023-12-12 06:00:00,0.0,50.86
2023-12-12 07:00:00,21.09,65.16
2023-12-12 08:00:00,79.16,119.08
2023-12-12 09:00:00,156.97,201.04
2023-12-12 10:00:00,276.94,309.95
2023-12-12 11:00:00,342.33,389.86
2023-12-12 12:00:00,349.94,397.92
2023-12-12 13:00:00,314.91,366.22
2023-12-12 14:00:00,277.64,330.99
2023-12-12 15:00:00,166.32,215.94
2023-12-12 16:00:00,80.92,125.78
2023-12-12 17:00:00,20.97,56.78
2023-12-12 18:00:00,0.0,56.23
2023-12-12 19:00:00,0.0,31.47
2023-12-12 20:00:00,0.0,46.76
2023-12-12 21:00:00,0.0,49.1
2023-12-12 22:00:00,0.0,57.97
2023-12-12 23:00:00,0.0,49.65
2023-12-13 00:00:00,0.0,33.09
2023-12-13 01:00:00,0.0,34.4
2023-12-13 02:00:00,0.0,49.07
2023-12-13 03:00:00,0.0,36.47
2023-12-13 04:00:00,0.0,57.85
2023-12-13 05:00:00,0.0,57.62
2023-12-13 06:00:00,0.0,38.79
2023-12-13 07:00:00,24.49,74.38
2023-12-13 08:00:00,78.86,116.83
2023-12-13 09:00:00,164.01,205.13
2023-12-13 10:00:00,287.21,342.58
2023-12-13 11:00:00,312.0,357.9
2023-12-13 12:00:00,326.95,365.27
2023-12-13 13:00:00,296.31,345.59
2023-12-13 14:00:00,270.86,326.02
2023-12-13 15:00:00,188.47,223.27
2023-12-13 16:00:00,91.87,125.91
2023-12-13 17:00:00,22.8,68.27
2023-12-13 18:00:00,0.0,34.7
2023-12-13 19:00:00,0.0,38.13
2023-12-13 20:00:00,0.0,33.83
2023-12-13 21:00:00,0.0,58.02
2023-12-13 22:00:00,0.0,38.65
2023-12-13 23:00:00,0.0,45.04
2023-12-14 00:00:00,0.0,59.9
2023-12-14 01:00:00,0.0,47.0
2023-12-14 02:00:00,0.0,42.34
2023-12-14 03:00:00,0.0,57.89
2023-12-14 04:00:00,0.0,36.67
2023-12-14 05:00:00,0.0,35.39
2023-12-14 06:00:00,0.0,42.82
2023-12-14 07:00:00,24.88,56.14
2023-12-14 08:00:00,89.57,140.89
2023-12-14 09:00:00,192.17,226.54
2023-12-14 10:00:00,248.19,306.16
2023-12-14 11:00:00,335.15,366.29
2023-12-14 12:00:00,318.49,372.05
2023-12-14 13:00:00,330.81,377.77
2023-12-14 14:00:00,283.17,320.4
2023-12-14 15:00:00,162.3,210.71
2023-12-14 16:00:00,94.44,132.4
2023-12-14 17:00:00,24.31,58.88
2023-12-14 18:00:00,0.0,57.05
2023-12-14 19:00:00,0.0,33.54
2023-12-14 20:00:00,0.0,30.73
2023-12-14 21:00:00,0.0,53.25
2023-12-14 22:00:00,0.0,40.88
2023-12-14 23:00:00,0.0,41.9
2023-12-15 00:00:00,0.0,54.0
2023-12-15 01:00:00,0.0,35.4
2023-12-15 02:00:00,0.0,49.51
2023-12-15 03:00:00,0.0,39.41
2023-12-15 04:00:00,0.0,33.13
2023-12-15 05:00:00,0.0,50.62
2023-12-15 06:00:00,0.0,56.0
2023-12-15 07:00:00,25.48,80.95
2023-12-15 08:00:00,84.13,121.23
2023-12-15 09:00:00,189.26,232.85
2023-12-15 10:00:00,273.67,328.48
2023-12-15 11:00:00,310.92,344.49
2023-12-15 12:00:00,358.79,406.5
2023-12-15 13:00:00,310.4,357.94
2023-12-15 14:00:00,278.23,318.73
2023-12-15 15:00:00,165.32,217.07
2023-12-15 16:00:00,92.66,151.29
2023-12-15 17:00:00,21.68,78.36
2023-12-15 18:00:00,0.0,51.06
2023-12-15 19:00:00,0.0,39.39
2023-12-15 20:00:00,0.0,30.67
2023-12-15 21:00:00,0.0,45.23
2023-12-15 22:00:00,0.0,38.57
2023-12-15 23:00:00,0.0,38.69
2023-12-16 00:00:00,0.0,57.81
2023-12-16 01:00:00,0.0,34.59
2023-12-16 02:00:00,0.0,58.03
2023-12-16 03:00:00,0.0,45.11
2023-12-16 04:00:00,0.0,55.15
2023-12-16 05:00:00,0.0,38.51
2023-12-16 06:00:00,0.0,46.7
2023-12-16 07:00:00,25.51,60.89
2023-12-16 08:00:00,81.96,140.43
2023-12-16 09:00:00,160.01,209.05
2023-12-16 10:00:00,237.94,270.25
2023-12-16 11:00:00,332.85,379.39
2023-12-16 12:00:00,354.97,399.18
2023-12-16 13:00:00,342.82,402.59
2023-12-16 14:00:00,249.82,289.52
2023-12-16 15:00:00,168.29,221.19
2023-12-16 16:00:00,84.6,134.9
2023-12-16 17:00:00,23.15,71.38
2023-12-16 18:00:00,0.0,45.42
2023-12-16 19:00:00,0.0,44.26
2023-12-16 20:00:00,0.0,38.01
2023-12-16 21:00:00,0.0,45.48
2023-12-16 22:00:00,0.0,37.87
2023-12-16 23:00:00,0.0,55.31
2023-12-17 00:00:00,0.0,41.67
2023-12-17 01:00:00,0.0,33.87
2023-12-17 02:00:00,0.0,37.2
2023-12-17 03:00:00,0.0,46.04
2023-12-17 04:00:00,0.0,57.49
2023-12-17 05:00:00,0.0,39.02
2023-12-17 06:00:00,0.0,42.2
2023-12-17 07:00:00,25.72,81.08
2023-12-17 08:00:00,80.95,129.36
2023-12-17 09:00:00,185.54,238.58
2023-12-17 10:00:00,261.58,313.53
2023-12-17 11:00:00,331.92,367.96
2023-12-17 12:00:00,316.93,358.01
2023-12-17 13:00:00,296.1,337.95
2023-12-17 14:00:00,280.35,335.68
2023-12-17 15:00:00,157.65,189.74
2023-12-17 16:00:00,90.53,135.53
2023-12-17 17:00:00,21.69,75.86
2023-12-17 18:00:00,0.0,32.34
2023-12-17 19:00:00,0.0,52.49
2023-12-17 20:00:00,0.0,48.24
2023-12-17 21:00:00,0.0,41.83
2023-12-17 22:00:00,0.0,50.78
2023-12-17 23:00:00,0.0,57.34
2023-12-18 00:00:00,0.0,31.03
2023-12-18 01:00:00,0.0,48.83
2023-12-18 02:00:00,0.0,36.55
2023-12-18 03:00:00,0.0,44.22
2023-12-18 04:00:00,0.0,42.72
2023-12-18 05:00:00,0.0,41.7
2023-12-18 06:00:00,0.0,54.08
2023-12-18 07:00:00,22.82,79.44
2023-12-18 08:00:00,84.73,139.92
2023-12-18 09:00:00,176.44,218.01
2023-12-18 10:00:00,273.46,327.06
2023-12-18 11:00:00,324.99,367.75
2023-12-18 12:00:00,355.3,402.85
2023-12-18 13:00:00,321.06,373.79
2023-12-18 14:00:00,256.66,300.25
2023-12-18 15:00:00,178.68,238.29
2023-12-18 16:00:00,83.0,119.96
2023-12-18 17:00:00,21.83,72.51
2023-12-18 18:00:00,0.0,41.66
2023-12-18 19:00:00,0.0,36.12
2023-12-18 20:00:00,0.0,56.73
2023-12-18 21:00:00,0.0,43.3
2023-12-18 22:00:00,0.0,48.23
2023-12-18 23:00:00,0.0,33.38
2023-12-19 00:00:00,0.0,33.24
2023-12-19 01:00:00,0.0,32.02
2023-12-19 02:00:00,0.0,41.02
2023-12-19 03:00:00,0.0,44.19
2023-12-19 04:00:00,0.0,37.34
2023-12-19 05:00:00,0.0,40.49
2023-12-19 06:00:00,0.0,40.53
2023-12-19 07:00:00,21.54,55.39
2023-12-19 08:00:00,78.28,129.17
2023-12-19 09:00:00,190.67,239.32
2023-12-19 10:00:00,239.91,299.6
2023-12-19 11:00:00,358.84,402.89
2023-12-19 12:00:00,320.74,372.36
2023-12-19 13:00:00,357.87,411.23
2023-12-19 14:00:00,269.06,317.38
2023-12-19 15:00:00,192.39,224.58
2023-12-19 16:00:00,80.95,135.87
2023-12-19 17:00:00,21.67,63.17
2023-12-19 18:00:00,0.0,37.3
2023-12-19 19:00:00,0.0,30.77
2023-12-19 20:00:00,0.0,46.99
2023-12-19 21:00:00,0.0,42.04
2023-12-19 22:00:00,0.0,46.55
2023-12-19 23:00:00,0.0,39.14
2023-12-20 00:00:00,0.0,58.24
2023-12-20 01:00:00,0.0,47.74
2023-12-20 02:00:00,0.0,58.84
2023-12-20 03:00:00,0.0,40.5
2023-12-20 04:00:00,0.0,30.07
2023-12-20 05:00:00,0.0,53.44
2023-12-20 06:00:00,0.0,31.76
2023-12-20 07:00:00,24.04,73.87
2023-12-20 08:00:00,80.88,127.46
2023-12-20 09:00:00,165.35,195.84
2023-12-20 10:00:00,282.45,327.2
2023-12-20 11:00:00,345.53,397.22
2023-12-20 12:00:00,385.94,429.08
2023-12-20 13:00:00,321.21,359.66
2023-12-20 14:00:00,269.11,313.69
2023-12-20 15:00:00,183.22,223.92
2023-12-20 16:00:00,80.61,136.48
2023-12-20 17:00:00,25.04,65.57
2023-12-20 18:00:00,0.0,44.77
2023-12-20 19:00:00,0.0,52.83
2023-12-20 20:00:00,0.0,41.7
2023-12-20 21:00:00,0.0,46.07
2023-12-20 22:00:00,0.0,31.73
2023-12-20 23:00:00,0.0,35.25
2023-12-21 00:00:00,0.0,53.45
2023-12-21 01:00:00,0.0,41.45
2023-12-21 02:00:00,0.0,31.05
2023-12-21 03:00:00,0.0,35.03
2023-12-21 04:00:00,0.0,42.35
2023-12-21 05:00:00,0.0,51.54
2023-12-21 06:00:00,0.0,52.36
2023-12-21 07:00:00,25.18,65.41
2023-12-21 08:00:00,92.93,126.74
2023-12-21 09:00:00,171.68,204.61
2023-12-21 10:00:00,237.5,269.44
2023-12-21 11:00:00,299.04,354.11
2023-12-21 12:00:00,352.81,411.23
2023-12-21 13:00:00,328.79,377.65
2023-12-21 14:00:00,244.78,291.0
2023-12-21 15:00:00,170.58,228.52
2023-12-21 16:00:00,95.38,131.33
2023-12-21 17:00:00,24.01,73.16
2023-12-21 18:00:00,0.0,33.73
2023-12-21 19:00:00,0.0,49.62
2023-12-21 20:00:00,0.0,53.97
2023-12-21 21:00:00,0.0,40.36
2023-12-21 22:00:00,0.0,45.44
2023-12-21 23:00:00,0.0,33.49
2023-12-22 00:00:00,0.0,57.92
2023-12-22 01:00:00,0.0,33.29
2023-12-22 02:00:00,0.0,36.25
2023-12-22 03:00:00,0.0,38.95
2023-12-22 04:00:00,0.0,54.77
2023-12-22 05:00:00,0.0,51.02
2023-12-22 06:00:00,0.0,35.51
2023-12-22 07:00:00,24.65,66.77
2023-12-22 08:00:00,78.68,137.6
2023-12-22 09:00:00,161.97,207.28
2023-12-22 10:00:00,248.31,300.43
2023-12-22 11:00:00,345.18,387.1
2023-12-22 12:00:00,361.26,418.53
2023-12-22 13:00:00,347.8,390.25
2023-12-22 14:00:00,258.97,315.58
2023-12-22 15:00:00,157.66,188.34
2023-12-22 16:00:00,81.99,136.82
2023-12-22 17:00:00,21.71,60.27
2023-12-22 18:00:00,0.0,35.53
2023-12-22 19:00:00,0.0,39.09
2023-12-22 20:00:00,0.0,44.01
2023-12-22 21:00:00,0.0,36.84
2023-12-22 22:00:00,0.0,59.77
2023-12-22 23:00:00,0.0,34.9
2023-12-23 00:00:00,0.0,55.5
2023-12-23 01:00:00,0.0,44.1
2023-12-23 02:00:00,0.0,33.87
2023-12-23 03:00:00,0.0,33.55
2023-12-23 04:00:00,0.0,45.01
2023-12-23 05:00:00,0.0,40.61
2023-12-23 06:00:00,0.0,58.77
2023-12-23 07:00:00,23.24,81.1
2023-12-23 08:00:00,81.22,116.72
2023-12-23 09:00:00,178.33,216.43
2023-12-23 10:00:00,244.81,277.65
2023-12-23 11:00:00,297.08,349.68
2023-12-23 12:00:00,333.57,392.92
2023-12-23 13:00:00,304.42,345.05
2023-12-23 14:00:00,255.29,300.29
2023-12-23 15:00:00,188.44,243.48
2023-12-23 16:00:00,78.38,120.66
2023-12-23 17:00:00,25.04,55.05
2023-12-23 18:00:00,0.0,37.78
2023-12-23 19:00:00,0.0,42.38
2023-12-23 20:00:00,0.0,42.61
2023-12-23 21:00:00,0.0,41.75
2023-12-23 22:00:00,0.0,56.76
2023-12-23 23:00:00,0.0,46.09
2023-12-24 00:00:00,0.0,57.11
2023-12-24 01:00:00,0.0,51.8
2023-12-24 02:00:00,0.0,40.53
2023-12-24 03:00:00,0.0,44.81
2023-12-24 04:00:00,0.0,41.7
2023-12-24 05:00:00,0.0,54.86
2023-12-24 06:00:00,0.0,58.09
2023-12-24 07:00:00,23.82,72.17
2023-12-24 08:00:00,87.71,134.34
2023-12-24 09:00:00,180.97,230.62
2023-12-24 10:00:00,246.42,293.89
2023-12-24 11:00:00,316.2,365.31
2023-12-24 12:00:00,353.12,388.51
2023-12-24 13:00:00,342.3,386.01
2023-12-24 14:00:00,265.04,315.22
2023-12-24 15:00:00,180.43,232.9
2023-12-24 16:00:00,82.0,115.31
2023-12-24 17:00:00,24.25,61.33
2023-12-24 18:00:00,0.0,33.94
2023-12-24 19:00:00,0.0,39.38
2023-12-24 20:00:00,0.0,59.75
2023-12-24 21:00:00,0.0,34.72
2023-12-24 22:00:00,0.0,38.96
2023-12-24 23:00:00,0.0,57.62
2023-12-25 00:00:00,0.0,58.9
2023-12-25 01:00:00,0.0,36.87
2023-12-25 02:00:00,0.0,56.41
2023-12-25 03:00:00,0.0,34.17
2023-12-25 04:00:00,0.0,52.85
2023-12-25 05:00:00,0.0,30.39
2023-12-25 06:00:00,0.0,37.42
2023-12-25 07:00:00,24.42,54.9
2023-12-25 08:00:00,86.75,137.65
2023-12-25 09:00:00,158.12,215.04
2023-12-25 10:00:00,254.54,289.5
2023-12-25 11:00:00,307.33,347.5
2023-12-25 12:00:00,327.4,372.72
2023-12-25 13:00:00,335.31,378.31
2023-12-25 14:00:00,258.17,311.62
2023-12-25 15:00:00,167.48,216.16
2023-12-25 16:00:00,94.63,131.28
2023-12-25 17:00:00,24.01,82.45
2023-12-25 18:00:00,0.0,59.31
2023-12-25 19:00:00,0.0,39.3
2023-12-25 20:00:00,0.0,46.93
2023-12-25 21:00:00,0.0,39.33
2023-12-25 22:00:00,0.0,30.11
2023-12-25 23:00:00,0.0,59.92
2023-12-26 00:00:00,0.0,37.2
2023-12-26 01:00:00,0.0,59.19
2023-12-26 02:00:00,0.0,49.59
2023-12-26 03:00:00,0.0,57.12
2023-12-26 04:00:00,0.0,59.02
2023-12-26 05:00:00,0.0,47.03
2023-12-26 06:00:00,0.0,53.02
2023-12-26 07:00:00,23.54,73.19
2023-12-26 08:00:00,81.77,112.1
2023-12-26 09:00:00,165.85,208.9
2023-12-26 10:00:00,247.19,292.61
2023-12-26 11:00:00,337.03,386.7
2023-12-26 12:00:00,378.58,437.57
2023-12-26 13:00:00,353.01,401.62
2023-12-26 14:00:00,245.96,304.26
2023-12-26 15:00:00,162.83,197.37
2023-12-26 16:00:00,84.04,131.25
2023-12-26 17:00:00,24.31,54.71
2023-12-26 18:00:00,0.0,35.25
2023-12-26 19:00:00,0.0,38.89
2023-12-26 20:00:00,0.0,39.66
2023-12-26 21:00:00,0.0,39.97
2023-12-26 22:00:00,0.0,52.81
2023-12-26 23:00:00,0.0,31.23
2023-12-27 00:00:00,0.0,35.9
2023-12-27 01:00:00,0.0,30.67
2023-12-27 02:00:00,0.0,53.35
2023-12-27 03:00:00,0.0,59.51
2023-12-27 04:00:00,0.0,49.79
2023-12-27 05:00:00,0.0,47.7
2023-12-27 06:00:00,0.0,37.65
2023-12-27 07:00:00,21.28,66.58
2023-12-27 08:00:00,82.99,126.52
2023-12-27 09:00:00,173.19,212.75
2023-12-27 10:00:00,261.45,302.85
2023-12-27 11:00:00,299.61,355.61
2023-12-27 12:00:00,364.41,395.65
2023-12-27 13:00:00,299.8,332.7
2023-12-27 14:00:00,238.01,269.78
2023-12-27 15:00:00,162.18,217.62
2023-12-27 16:00:00,93.44,146.93
2023-12-27 17:00:00,23.98,75.68
2023-12-27 18:00:00,0.0,56.68
2023-12-27 19:00:00,0.0,51.97
2023-12-27 20:00:00,0.0,52.09
2023-12-27 21:00:00,0.0,54.12
2023-12-27 22:00:00,0.0,46.69
2023-12-27 23:00:00,0.0,36.39
2023-12-28 00:00:00,0.0,32.54
2023-12-28 01:00:00,0.0,42.57
2023-12-28 02:00:00,0.0,32.75
2023-12-28 03:00:00,0.0,35.08
2023-12-28 04:00:00,0.0,30.72
2023-12-28 05:00:00,0.0,39.01
2023-12-28 06:00:00,0.0,41.37
2023-12-28 07:00:00,22.14,64.24
2023-12-28 08:00:00,83.74,133.96
2023-12-28 09:00:00,179.75,210.57
2023-12-28 10:00:00,262.83,293.92
2023-12-28 11:00:00,338.36,396.43
2023-12-28 12:00:00,379.59,415.76
2023-12-28 13:00:00,342.84,396.63
2023-12-28 14:00:00,282.31,320.1
2023-12-28 15:00:00,172.99,209.64
2023-12-28 16:00:00,78.65,128.42
2023-12-28 17:00:00,23.08,60.52
2023-12-28 18:00:00,0.0,44.87
2023-12-28 19:00:00,0.0,59.84
2023-12-28 20:00:00,0.0,53.8
2023-12-28 21:00:00,0.0,56.08
2023-12-28 22:00:00,0.0,53.2
2023-12-28 23:00:00,0.0,33.18
2023-12-29 00:00:00,0.0,31.95
2023-12-29 01:00:00,0.0,57.45
2023-12-29 02:00:00,0.0,34.15
2023-12-29 03:00:00,0.0,41.74
2023-12-29 04:00:00,0.0,48.3
2023-12-29 05:00:00,0.0,36.36
2023-12-29 06:00:00,0.0,43.99
2023-12-29 07:00:00,22.73,73.03
2023-12-29 08:00:00,79.58,124.24
2023-12-29 09:00:00,162.81,211.01
2023-12-29 10:00:00,241.01,276.94
2023-12-29 11:00:00,347.05,384.11
2023-12-29 12:00:00,367.05,405.24
2023-12-29 13:00:00,307.99,346.96
2023-12-29 14:00:00,283.23,325.14
2023-12-29 15:00:00,165.37,211.47
2023-12-29 16:00:00,85.3,139.01
2023-12-29 17:00:00,25.84,71.64
2023-12-29 18:00:00,0.0,40.29
2023-12-29 19:00:00,0.0,59.2
2023-12-29 20:00:00,0.0,44.5
2023-12-29 21:00:00,0.0,35.34
2023-12-29 22:00:00,0.0,59.08
2023-12-29 23:00:00,0.0,58.83
2023-12-30 00:00:00,0.0,43.07
2023-12-30 01:00:00,0.0,40.45
2023-12-30 02:00:00,0.0,50.41
2023-12-30 03:00:00,0.0,54.87
2023-12-30 04:00:00,0.0,44.96
2023-12-30 05:00:00,0.0,39.92
2023-12-30 06:00:00,0.0,39.8
2023-12-30 07:00:00,21.54,74.9
2023-12-30 08:00:00,80.13,122.08
2023-12-30 09:00:00,187.13,229.25
2023-12-30 10:00:00,250.87,309.32
2023-12-30 11:00:00,300.54,357.09
2023-12-30 12:00:00,317.37,359.78
2023-12-30 13:00:00,335.23,376.33
2023-12-30 14:00:00,264.11,300.23
2023-12-30 15:00:00,177.34,211.38
2023-12-30 16:00:00,92.85,140.36
2023-12-30 17:00:00,23.33,54.97
2023-12-30 18:00:00,0.0,46.91
2023-12-30 19:00:00,0.0,37.97
2023-12-30 20:00:00,0.0,50.33
2023-12-30 21:00:00,0.0,32.3
2023-12-30 22:00:00,0.0,36.26
2023-12-30 23:00:00,0.0,52.13
2023-12-31 00:00:00,0.0,34.42
2023-12-31 01:00:00,0.0,37.37
2023-12-31 02:00:00,0.0,49.53
2023-12-31 03:00:00,0.0,51.87
2023-12-31 04:00:00,0.0,31.54
2023-12-31 05:00:00,0.0,33.8
2023-12-31 06:00:00,0.0,47.78
2023-12-31 07:00:00,23.19,72.6
2023-12-31 08:00:00,92.11,150.6
2023-12-31 09:00:00,169.28,204.17
2023-12-31 10:00:00,249.18,283.62
2023-12-31 11:00:00,318.92,375.1
2023-12-31 12:00:00,338.34,372.8
2023-12-31 13:00:00,327.74,387.5
2023-12-31 14:00:00,244.99,298.33
2023-12-31 15:00:00,186.7,228.74
2023-12-31 16:00:00,89.6,132.57
2023-12-31 17:00:00,22.25,65.03
2023-12-31 18:00:00,0.0,51.21
2023-12-31 19:00:00,0.0,54.88
2023-12-31 20:00:00,0.0,39.22
2023-12-31 21:00:00,0.0,46.99
2023-12-31 22:00:00,0.0,36.96
2023-12-31 23:00:00,0.0,33.82
